config,combo_count,wheel_count,cartwheel_first_count
D0000,80,0,6118
D0001,227,0,9061
D0002,9,0,0
D0003,6,0,19539
D0004,20,0,155426
D0005,54,0,1266
D0006,0,0,33535
D0007,0,0,0
D0008,4,0,27774
D0009,0,0,3038
D0010,47,0,0
D0011,40,0,0
D0012,12,0,1567
D0013,38,0,68
D0014,0,0,0
D0015,0,0,32419
D0016,0,0,0
D0017,18,0,0
D0018,15,0,4
D0019,42,0,0
D0020,16,0,0
D0021,53,0,0
D0022,12,0,2
D0023,0,0,0
D0024,0,0,4575
D0025,0,0,9301
D0026,18,0,0
D0027,24,0,0
D0028,6,0,0
D0029,12,0,0
D0030,20,0,0
D0031,3,0,0
D0032,0,0,0
D0033,0,0,1232
D0034,19,0,0
D0035,8,0,0
D0036,12,0,0
D0037,6,0,0
D0038,0,0,78
D0039,6,0,0
D0040,313,101,21711
D0041,46,0,27
D0042,0,0,144
D0043,56,0,1984
D0044,217,0,9709
D0045,195,47,69323
D0046,116,24,1487
D0047,351,0,1254
D0048,0,0,3824
D0049,0,0,3387
D0050,83,0,24
D0051,116,44,1982
D0052,0,0,421
D0053,0,0,330
D0054,0,0,174
D0055,0,0,233
D0056,0,0,287
D0057,0,0,72
D0058,32,0,79
D0059,0,0,371
D0060,0,0,673
D0061,0,0,144
D0062,0,0,45
D0063,0,0,1504
D0064,0,0,466
D0065,0,0,4024
D0066,0,0,292
D0067,0,0,570
D0068,12,0,978
D0069,0,0,506
D0070,0,8,0
D0071,35,5,1133
D0072,0,0,194
D0073,16,0,2855
D0074,0,0,15
D0075,0,0,2378
D0076,0,0,614
D0077,0,0,2582
D0078,20,0,2411
D0079,43,0,153
D0080,0,0,554
D0081,0,0,18
D0082,0,0,9
D0083,0,0,1365
D0084,0,0,562
D0085,0,0,312
D0086,0,0,908
D0087,0,0,304
D0088,0,0,168
D0089,0,0,1084
D0090,0,0,313
D0091,0,0,2096
D0092,0,0,1118
D0093,0,9,0
D0094,0,0,111
D0095,0,0,844
D0096,26,9,4257
D0097,0,0,53
D0098,0,0,78
D0099,0,0,73
D0100,0,0,121
D0101,0,0,151
D0102,0,0,55
D0103,24,0,6
D0104,0,0,91
D0105,0,0,133
D0106,0,0,351
D0107,0,0,83
D0108,0,0,65
D0109,0,0,867
D0110,0,0,369
D0111,0,0,164
D0112,0,0,277
D0113,0,0,388
D0114,0,0,55
D0115,0,0,180
D0116,0,0,1625
D0117,0,0,52
D0118,0,0,206
D0119,0,0,12
D0120,0,0,318
D0121,0,0,2296
D0122,0,0,1923
D0123,0,0,423
D0124,8,0,12
D0125,10,0,9
D0126,0,0,101
D0127,0,0,71
D0128,0,0,30
D0129,0,0,29
D0130,0,0,24
D0131,0,0,1555
D0132,0,0,121
D0133,0,0,34
D0134,0,0,45
D0135,0,0,1504
D0136,0,0,2023
D0137,0,0,2871
D0138,0,0,182
D0139,0,0,383
D0140,0,0,672
D0141,0,0,1887
D0142,0,0,177
D0143,0,5,0
D0144,0,0,175
D0145,0,0,270
D0146,0,0,1452
D0147,0,0,713
D0148,0,0,438
D0149,0,0,352
D0150,0,0,278
D0151,0,0,116
D0152,0,0,37
D0153,0,0,64
D0154,0,0,423
D0155,0,0,549
D0156,0,0,554
D0157,0,0,623
D0158,0,0,266
D0159,0,0,173
D0160,0,0,875
D0161,0,0,501
D0162,0,0,325
D0163,0,0,181
D0164,0,0,379
D0165,0,0,1558
D0166,0,0,426
D0167,4,0,47
D0168,0,0,930
D0169,0,0,80
D0170,0,0,449
D0171,0,0,162
D0172,0,0,449
D0173,0,0,1595
D0174,0,0,45
D0175,0,0,136
D0176,0,0,290
D0177,0,0,796
D0178,0,0,50
D0179,0,0,193
D0180,0,0,47
D0181,0,0,158
D0182,0,0,158
D0183,0,0,13
D0184,0,0,82
D0185,0,0,730
D0186,0,0,129
D0187,0,0,397
D0188,0,0,586
D0189,0,0,2056
D0190,0,0,893
D0191,0,0,88
D0192,0,0,126
D0193,0,0,12
D0194,0,0,33
D0195,0,0,27
D0196,0,0,30
D0197,0,0,18
D0198,0,0,1077
D0199,0,0,790
D0200,0,0,420
D0201,0,0,787
D0202,0,0,2008
D0203,0,0,331
D0204,0,1,0
D0205,0,1,0
D0206,0,0,248
D0207,0,0,64
D0208,0,0,122
D0209,0,0,135
D0210,0,0,19
D0211,0,0,101
D0212,0,0,687
D0213,0,0,503
D0214,0,0,71
D0215,0,0,390
D0216,0,0,30
D0217,0,0,80
D0218,0,0,400
D0219,0,0,271
D0220,0,0,81
D0221,0,0,115
D0222,0,0,265
D0223,0,0,705
D0224,0,0,911
D0225,0,0,994
D0226,0,0,243
D0227,0,0,125
D0228,0,0,287
D0229,0,0,284
D0230,0,0,152
D0231,0,0,289
D0232,0,0,160
D0233,0,0,1098
D0234,0,0,200
D0235,0,0,591
D0236,0,0,162
D0237,0,0,677
D0238,0,0,617
D0239,0,0,195
D0240,0,0,24
D0241,0,0,60
D0242,0,0,67
D0243,0,0,36
D0244,0,0,68
D0245,0,0,98
D0246,0,0,35
D0247,0,0,84
D0248,0,0,1028
D0249,0,0,37
D0250,0,0,14
D0251,0,0,122
D0252,0,0,813
D0253,0,0,557
D0254,0,0,525
D0255,0,0,1094
D0256,0,0,147
D0257,0,0,151
D0258,0,0,83
D0259,0,0,507
D0260,0,0,57
D0261,0,0,47
D0262,0,0,590
D0263,0,0,172
D0264,0,0,460
D0265,0,0,41
D0266,0,0,115
D0267,0,0,58
D0268,0,0,497
D0269,0,0,38
D0270,21,0,5787
D0271,0,0,363
D0272,0,0,4630
D0273,0,0,8926
D0274,0,0,343
D0275,0,0,7087
D0276,0,0,3784
D0277,0,0,2359
D0278,0,0,5989
D0279,0,0,651
D0280,0,0,810
D0281,0,0,674
D0282,0,0,260
D0283,0,0,219
D0284,0,0,84
D0285,0,0,241
D0286,0,0,1136
D0287,0,0,2782
D0288,0,0,171
D0289,0,0,132
D0290,0,0,595
D0291,0,0,2052
D0292,0,0,249
D0293,0,0,365
D0294,0,0,348
D0295,0,0,231
D0296,0,0,152
D0297,0,0,1168
D0298,0,0,606
D0299,0,0,72
D0300,0,0,2156
D0301,0,0,1873
D0302,0,0,66
D0303,0,0,39
D0304,0,0,121
D0305,0,0,144
D0306,0,0,1360
D0307,0,0,3349
D0308,0,0,18
D0309,0,0,41
D0310,0,0,770
D0311,0,0,1000
D0312,0,0,304
D0313,0,0,121
D0314,0,0,110
D0315,0,0,506
D0316,0,0,1703
D0317,0,0,2440
D0318,0,0,1075
D0319,0,0,729
D0320,0,0,2092
D0321,0,0,1934
D0322,0,0,120
D0323,0,0,356
D0324,0,0,596
D0325,0,0,1083
D0326,0,0,534
D0327,0,0,710
D0328,0,0,2219
D0329,0,0,646
D0330,0,0,933
D0331,88,0,1649
D0332,148,0,662
D0333,0,0,2202
D0334,0,0,1645
D0335,0,0,452
D0336,0,0,4160
D0337,0,0,2447
D0338,0,0,470
D0339,0,0,842
D0340,0,0,5548
D0341,0,0,2136
D0342,0,0,998
D0343,0,0,87
D0344,4,0,551
D0345,0,0,1128
D0346,0,0,2061
D0347,0,0,140
D0348,0,0,393
D0349,0,0,49
D0350,0,0,32
D0351,0,0,323
D0352,0,0,193
D0353,0,0,123
D0354,0,0,146
D0355,0,0,63
D0356,0,0,965
D0357,0,0,243
D0358,0,0,43
D0359,0,0,68
D0360,0,0,92
D0361,0,0,668
D0362,0,0,189
D0363,0,0,82
D0364,0,0,153
D0365,0,0,240
D0366,0,0,203
D0367,0,0,396
D0368,0,0,126
D0369,0,0,171
D0370,0,0,539
D0371,0,0,917
D0372,0,0,301
D0373,0,0,165
D0374,0,0,96
D0375,0,0,80
D0376,0,0,706
D0377,0,0,242
D0378,0,0,207
D0379,0,0,10
D0380,0,0,17
D0381,8,0,274
D0382,0,0,72
D0383,0,0,695
D0384,0,0,1144
D0385,0,0,377
D0386,0,0,1797
D0387,0,0,628
D0388,0,0,163
D0389,0,0,403
D0390,0,0,389
D0391,0,0,154
D0392,0,0,172
D0393,0,0,125
D0394,0,0,230
D0395,0,0,63
D0396,0,0,86
D0397,0,0,125
D0398,0,0,416
D0399,0,0,57
D0400,0,0,30
D0401,0,0,33
D0402,0,0,59
D0403,0,0,67
D0404,0,0,48
D0405,0,0,54
D0406,0,0,42
D0407,0,0,42
D0408,0,0,39
D0409,0,0,132
D0410,0,0,45
D0411,0,0,72
D0412,0,0,74
D0413,0,0,86
D0414,0,0,1435
D0415,0,0,4342
D0416,0,0,45
D0417,0,0,101
D0418,0,0,18
D0419,0,0,103
D0420,0,0,93
D0421,0,0,292
D0422,0,0,2058
D0423,0,0,1566
D0424,0,0,1314
D0425,0,0,684
D0426,0,0,138
D0427,0,0,284
D0428,0,0,189
D0429,0,0,438
D0430,0,0,57
D0431,0,0,286
D0432,0,0,603
D0433,0,0,626
D0434,0,0,550
D0435,0,0,1353
D0436,0,0,147
D0437,0,0,443
D0438,0,0,2330
D0439,0,0,333
D0440,0,0,76
D0441,0,0,538
D0442,0,0,2670
D0443,0,0,1497
D0444,0,0,544
D0445,0,0,555
D0446,0,0,104
D0447,0,0,145
D0448,0,0,181
D0449,0,0,177
D0450,0,0,370
D0451,0,0,1224
D0452,0,0,98
D0453,0,0,86
D0454,0,0,365
D0455,0,0,794
D0456,0,0,40
D0457,0,0,51
D0458,0,0,910
D0459,0,0,680
D0460,0,0,96
D0461,0,0,79
D0462,0,0,198
D0463,0,0,1017
D0464,0,0,1348
D0465,0,0,280
D0466,0,0,1100
D0467,0,0,1041
D0468,0,0,344
D0469,0,0,940
D0470,0,0,456
D0471,0,0,29
D0472,0,0,1462
D0473,0,0,481
D0474,0,0,1651
D0475,0,0,520
D0476,0,0,139
D0477,0,0,105
D0478,0,0,856
D0479,0,0,911
D0480,0,0,1097
D0481,8,0,1480
D0482,0,0,381
D0483,0,0,452
D0484,0,0,65
D0485,0,0,194
D0486,0,0,788
D0487,0,0,1914
D0488,0,0,87
D0489,0,0,844
D0490,0,0,325
D0491,0,0,429
D0492,0,0,383
D0493,0,0,433
D0494,0,0,493
D0495,0,0,313
D0496,0,0,1157
D0497,8,0,548
D0498,0,0,198
D0499,0,0,744
D0500,0,0,312
D0501,0,0,948
D0502,0,0,434
D0503,0,0,339
D0504,0,0,97
D0505,0,0,75
D0506,0,0,586
D0507,0,0,1021
D0508,0,0,190
D0509,0,0,84
D0510,0,0,138
D0511,0,0,1258
D0512,0,0,186
D0513,0,0,150
D0514,20,0,368
D0515,0,0,231
D0516,0,0,242
D0517,0,0,1322
D0518,0,0,599
D0519,0,0,228
D0520,0,0,433
D0521,0,0,116
D0522,0,0,72
D0523,0,0,176
D0524,0,0,6
D0525,0,0,9
D0526,0,0,102
D0527,0,0,133
D0528,0,0,42
D0529,0,0,59
D0530,0,0,166
D0531,0,0,133
D0532,0,0,32
D0533,0,0,12
D0534,0,0,80
D0535,0,0,139
D0536,0,0,94
D0537,0,0,278
D0538,0,0,216
D0539,0,0,19
D0540,0,0,178
D0541,0,0,95
D0542,0,0,153
D0543,0,0,23
D0544,0,0,12
D0545,12,0,883
D0546,0,0,159
D0547,0,0,161
D0548,0,0,21
D0549,0,0,13
D0550,0,0,62
D0551,8,0,662
D0552,0,0,53
D0553,0,0,30
D0554,0,0,37
D0555,0,0,114
D0556,0,0,242
D0557,0,0,121
D0558,0,0,108
D0559,0,0,107
D0560,0,0,161
D0561,0,0,199
D0562,0,0,164
D0563,0,0,152
D0564,0,0,106
D0565,0,0,112
D0566,0,0,49
D0567,0,0,20
D0568,0,0,16
D0569,0,0,36
D0570,0,0,30
D0571,0,0,27
D0572,0,0,21
D0573,0,0,26
D0574,0,0,36
D0575,0,0,24
D0576,0,0,21
D0577,0,0,21
D0578,0,0,34
D0579,0,0,36
D0580,0,0,61
D0581,0,0,16
D0582,0,0,100
D0583,0,0,347
D0584,0,0,287
D0585,0,0,2049
D0586,0,0,137
D0587,0,0,595
D0588,0,0,2918
D0589,0,0,96
D0590,0,0,40
D0591,0,0,54
D0592,0,0,9016
D0593,0,0,1994
D0594,0,0,1151
D0595,0,0,75
D0596,0,0,32
D0597,0,0,209
D0598,0,0,139
D0599,0,0,460
D0600,0,0,647
D0601,0,0,328
D0602,0,0,2214
D0603,0,0,851
D0604,0,0,315
D0605,0,0,674
D0606,0,0,1106
D0607,0,0,771
D0608,0,0,2162
D0609,0,0,2174
D0610,0,0,1164
D0611,16,0,481
D0612,0,0,329
D0613,0,0,237
D0614,0,0,87
D0615,0,0,388
D0616,0,0,96
D0617,0,0,63
D0618,0,0,335
D0619,0,0,340
D0620,0,0,3
D0621,0,0,75
D0622,0,0,462
D0623,0,0,251
D0624,0,0,88
D0625,0,0,220
D0626,0,0,109
D0627,0,0,32
D0628,0,0,210
D0629,0,0,56
D0630,0,0,258
D0631,0,0,27
D0632,20,0,67
D0633,0,0,72
D0634,0,0,528
D0635,0,0,187
D0636,0,0,66
D0637,0,0,38
D0638,0,0,257
D0639,0,0,234
D0640,0,0,98
D0641,0,0,0
D0642,0,0,456
D0643,0,0,51
D0644,0,0,231
D0645,0,0,103
D0646,0,0,285
D0647,0,0,84
D0648,0,0,239
D0649,0,0,513
D0650,0,0,41
D0651,0,0,58
D0652,0,0,174
D0653,0,0,280
D0654,0,0,473
D0655,0,0,557
D0656,0,0,127
D0657,0,0,113
D0658,0,0,350
D0659,0,0,86
D0660,0,0,43
D0661,0,0,44
D0662,0,0,268
D0663,0,0,765
D0664,0,0,230
D0665,0,0,190
D0666,0,0,170
D0667,0,0,531
D0668,0,0,192
D0669,0,0,330
D0670,0,0,106
D0671,0,0,234
D0672,0,0,323
D0673,0,0,116
D0674,0,0,664
D0675,0,0,327
D0676,0,0,198
D0677,0,0,237
D0678,0,0,618
D0679,0,0,1496
D0680,0,0,448
D0681,0,0,28
D0682,0,0,112
D0683,0,0,165
D0684,0,0,424
D0685,0,0,126
D0686,0,0,103
D0687,0,0,301
D0688,0,0,124
D0689,0,0,115
D0690,0,0,340
D0691,0,0,280
D0692,8,0,1361
D0693,0,0,106
D0694,0,0,153
D0695,0,0,136
D0696,0,0,1047
D0697,0,0,88
D0698,0,0,6
D0699,0,0,29
D0700,0,0,18
D0701,0,0,16
D0702,0,0,10
D0703,0,0,39
D0704,0,0,11
D0705,0,0,137
D0706,0,0,115
D0707,0,0,57
D0708,0,0,6
D0709,0,0,13
D0710,0,0,175
D0711,0,0,83
D0712,0,0,36
D0713,0,0,65
D0714,0,0,19
D0715,0,0,24
D0716,0,0,79
D0717,0,0,69
D0718,0,0,16
D0719,0,0,21
D0720,0,0,38
D0721,0,0,22
D0722,0,0,24
D0723,0,0,129
D0724,0,0,337
D0725,0,0,44
D0726,0,0,968
D0727,0,0,429
D0728,0,0,72
D0729,0,0,7
D0730,0,0,559
D0731,0,0,412
D0732,0,0,123
D0733,0,0,14
D0734,0,0,11
D0735,0,0,196
D0736,0,0,731
D0737,0,0,1074
D0738,0,0,272
D0739,0,0,0
D0740,0,0,230
D0741,0,0,68
D0742,0,0,299
D0743,0,0,0
D0744,0,0,24
D0745,0,0,121
D0746,0,0,282
D0747,0,0,563
D0748,0,0,124
D0749,0,0,376
D0750,0,0,1725
D0751,0,0,1115
D0752,0,0,224
D0753,0,0,5
D0754,0,0,80
D0755,0,0,203
D0756,0,0,234
D0757,0,0,73
D0758,0,0,8
D0759,0,0,178
D0760,0,0,83
D0761,0,0,207
D0762,0,0,181
D0763,0,0,74
D0764,0,0,15
D0765,0,0,36
D0766,0,0,21
D0767,0,0,117
D0768,0,0,254
D0769,0,0,54
D0770,0,0,170
D0771,0,0,46
D0772,0,0,1
D0773,0,0,20
D0774,0,0,37
D0775,0,0,93
D0776,0,0,75
D0777,0,0,84
D0778,0,0,24
D0779,0,0,42
D0780,0,0,24
D0781,0,0,33
D0782,0,0,174
D0783,0,0,16
D0784,0,0,1234
D0785,0,0,151
D0786,0,0,87
D0787,0,0,48
D0788,0,0,378
D0789,0,0,285
D0790,0,0,173
D0791,0,0,131
D0792,0,0,532
D0793,0,0,879
D0794,0,0,160
D0795,0,0,22
D0796,0,0,11
D0797,0,0,11
D0798,0,0,85
D0799,0,0,1
D0800,0,0,213
D0801,0,0,3249
D0802,0,0,1860
D0803,0,0,9435
D0804,0,0,1331
D0805,0,0,528
D0806,0,0,212
D0807,0,0,304
D0808,0,0,63
D0809,0,0,1770
D0810,0,0,179
D0811,0,0,28
D0812,0,0,79
D0813,0,0,100
D0814,0,0,105
D0815,0,0,710
D0816,0,0,99
D0817,0,0,208
D0818,0,0,2896
D0819,0,0,1404
D0820,0,0,165
D0821,0,0,40
D0822,0,0,58
D0823,0,0,643
D0824,0,0,2033
D0825,0,0,441
D0826,0,0,752
D0827,0,0,191
D0828,0,0,1088
D0829,0,0,1960
D0830,0,0,633
D0831,0,0,239
D0832,0,0,223
D0833,0,0,2350
D0834,0,0,929
D0835,0,0,1093
D0836,0,0,359
D0837,0,0,22
D0838,0,0,1139
D0839,0,0,6862
D0840,0,0,162
D0841,0,0,202
D0842,0,0,4052
D0843,0,0,1842
D0844,0,0,730
D0845,0,0,545
D0846,0,0,909
D0847,0,0,1318
D0848,0,0,391
D0849,0,0,479
D0850,0,0,97
D0851,0,0,471
D0852,0,0,564
D0853,0,0,1067
D0854,0,0,6283
D0855,0,0,466
D0856,0,0,540
D0857,0,0,76
D0858,0,0,943
D0859,0,0,512
D0860,0,0,136
D0861,0,0,6
D0862,0,0,356
D0863,0,0,136
D0864,0,0,120
D0865,0,0,161
D0866,0,0,197
D0867,0,0,53
D0868,0,0,20
D0869,0,0,72
D0870,0,0,229
D0871,0,0,36
D0872,0,0,57
D0873,0,0,28
D0874,0,0,286
D0875,0,0,149
D0876,0,0,75
D0877,0,0,49
D0878,0,0,1231
D0879,0,0,194
D0880,0,0,169
D0881,0,0,395
D0882,0,0,41
D0883,0,0,18
D0884,0,0,164
D0885,0,0,252
D0886,0,0,176
D0887,0,0,262
D0888,0,0,33
D0889,0,0,258
D0890,0,0,468
D0891,0,0,352
D0892,0,0,183
D0893,0,0,219
D0894,0,0,36
D0895,0,0,260
D0896,0,0,146
D0897,0,0,68
D0898,0,0,46
D0899,0,0,26
D0900,0,0,63
D0901,0,0,116
D0902,0,0,42
D0903,0,0,36
D0904,0,0,27
D0905,0,0,27
D0906,0,0,129
D0907,0,0,145
D0908,0,0,17
D0909,0,0,42
D0910,0,0,82
D0911,0,0,218
D0912,0,0,33
D0913,0,0,24
D0914,0,0,101
D0915,0,0,65
D0916,0,0,150
D0917,0,0,112
D0918,0,0,45
D0919,0,0,166
D0920,0,0,615
D0921,0,0,2239
D0922,0,0,396
D0923,0,0,113
D0924,0,0,1009
D0925,0,0,422
D0926,8,0,1504
D0927,0,0,1144
D0928,0,0,192
D0929,0,0,180
D0930,0,0,134
D0931,0,0,28
D0932,0,0,115
D0933,0,0,69
D0934,0,0,50
D0935,0,0,242
D0936,0,0,210
D0937,0,0,75
D0938,0,0,106
D0939,0,0,79
D0940,0,0,615
D0941,0,0,146
D0942,0,0,36
D0943,0,0,54
D0944,0,0,12
D0945,0,0,12
D0946,0,0,2423
D0947,0,0,679
D0948,0,0,209
D0949,0,0,32
D0950,0,0,1077
D0951,0,0,218
D0952,0,0,127
D0953,0,0,5
D0954,0,0,178
D0955,0,0,14
D0956,0,0,190
D0957,0,0,183
D0958,0,0,131
D0959,0,0,63
D0960,0,0,137
D0961,0,0,104
D0962,0,0,13
D0963,0,0,14
D0964,0,0,206
D0965,0,0,171
D0966,0,0,536
D0967,0,0,34
D0968,0,0,56
D0969,0,0,20
D0970,0,0,860
D0971,0,0,659
D0972,0,0,85
D0973,0,0,131
D0974,0,0,207
D0975,0,0,307
D0976,0,0,394
D0977,0,0,323
D0978,0,0,255
D0979,0,0,128
D0980,0,0,48
D0981,0,0,196
D0982,0,0,275
D0983,0,0,66
D0984,0,0,291
D0985,0,0,1108
D0986,0,0,38
D0987,0,0,244
D0988,0,0,655
D0989,0,0,112
D0990,0,0,30
D0991,0,0,48
D0992,0,0,486
D0993,0,0,172
D0994,0,0,555
D0995,0,0,175
D0996,0,0,130
D0997,0,0,92
D0998,0,0,218
D0999,0,0,91
D1000,0,0,104
D1001,0,0,868
D1002,0,0,202
D1003,0,0,115
D1004,0,0,431
D1005,0,0,783
D1006,0,0,149
D1007,0,0,97
D1008,0,0,518
D1009,0,0,1766
D1010,0,0,301
D1011,0,0,428
D1012,0,0,580
D1013,0,0,4177
D1014,0,0,851
D1015,0,0,245
D1016,0,0,236
D1017,0,0,126
D1018,0,0,138
D1019,0,0,56
D1020,0,0,141
D1021,0,0,140
D1022,0,0,72
D1023,0,0,188
D1024,0,0,903
D1025,0,0,52
D1026,0,0,163
D1027,0,0,141
D1028,0,0,787
D1029,0,0,331
D1030,0,0,37
D1031,0,0,99
D1032,0,0,445
D1033,0,0,605
D1034,0,0,222
D1035,0,0,880
D1036,0,0,37
D1037,0,0,61
D1038,0,0,1242
D1039,0,0,353
D1040,0,0,346
D1041,0,0,94
D1042,0,0,242
D1043,0,0,598
D1044,0,0,599
D1045,0,0,503
D1046,0,0,44
D1047,0,0,56
D1048,0,0,83
D1049,0,0,1162
D1050,0,0,31
D1051,0,0,68
D1052,0,0,1961
D1053,0,0,791
D1054,0,0,612
D1055,0,0,653
D1056,0,0,37
D1057,0,0,26
D1058,8,0,438
D1059,0,0,222
D1060,0,0,97
D1061,0,0,78
D1062,0,0,114
D1063,0,0,84
D1064,0,0,316
D1065,0,0,409
D1066,0,0,66
D1067,0,0,36
D1068,0,0,211
D1069,0,0,163
D1070,0,0,7
D1071,0,0,43
D1072,0,0,99
D1073,0,0,302
D1074,0,0,22
D1075,0,0,14
D1076,0,0,16
D1077,0,0,17
D1078,0,0,41
D1079,0,0,37
D1080,0,0,33
D1081,0,0,9
D1082,0,0,26
D1083,0,0,24
D1084,0,0,42
D1085,0,0,27
D1086,0,0,83
D1087,0,0,745
D1088,0,0,61
D1089,0,0,35
D1090,0,0,47
D1091,0,0,174
D1092,0,0,52
D1093,0,0,37
D1094,0,0,20
D1095,0,0,67
D1096,0,0,76
D1097,0,0,126
D1098,0,0,62
D1099,0,0,97
D1100,0,0,252
D1101,0,0,315
D1102,0,0,34
D1103,0,0,8
D1104,0,0,85
D1105,0,0,72
D1106,0,0,62
D1107,0,0,141
D1108,0,0,44
D1109,0,0,71
D1110,0,0,328
D1111,0,0,108
D1112,0,0,51
D1113,0,0,207
D1114,0,0,45
D1115,0,0,73
D1116,0,0,131
D1117,0,0,435
D1118,0,0,55
D1119,0,0,96
D1120,0,0,202
D1121,0,0,256
D1122,0,0,182
D1123,0,0,12
D1124,0,0,11
D1125,0,0,64
D1126,0,0,42
D1127,0,0,41
D1128,0,0,48
D1129,0,0,46
D1130,0,0,48
D1131,0,0,50
D1132,0,0,27
D1133,0,0,38
D1134,0,0,28
D1135,0,0,21
D1136,0,0,153
D1137,0,0,80
D1138,0,0,60
D1139,0,0,39
D1140,0,0,145
D1141,0,0,293
D1142,0,0,35
D1143,0,0,61
D1144,0,0,159
D1145,0,0,20
D1146,0,0,51
D1147,0,0,86
D1148,0,0,70
D1149,0,0,16
D1150,0,0,276
D1151,0,0,363
D1152,0,0,28
D1153,0,0,115
D1154,0,0,24
D1155,0,0,35
D1156,0,0,125
D1157,8,0,2026
D1158,0,0,454
D1159,0,0,66
D1160,0,0,611
D1161,0,0,1416
D1162,0,0,139
D1163,0,0,25
D1164,0,0,459
D1165,0,0,244
D1166,0,0,495
D1167,0,0,51
D1168,0,0,293
D1169,0,0,837
D1170,0,0,130
D1171,0,0,630
D1172,0,0,172
D1173,0,0,331
D1174,0,0,37
D1175,0,0,276
D1176,0,0,3237
D1177,0,0,2322
D1178,0,0,495
D1179,0,0,145
D1180,0,0,167
D1181,0,0,62
D1182,0,0,397
D1183,0,0,1650
D1184,0,0,698
D1185,0,0,807
D1186,0,0,384
D1187,0,0,298
D1188,0,0,99
D1189,0,0,520
D1190,12,0,281
D1191,0,0,108
D1192,0,0,221
D1193,0,0,717
D1194,0,0,521
D1195,0,0,778
D1196,0,0,40
D1197,0,0,40
D1198,0,0,103
D1199,0,0,392
D1200,0,0,36
D1201,0,0,13
D1202,0,0,241
D1203,0,0,135
D1204,0,0,258
D1205,0,0,218
D1206,0,0,160
D1207,0,0,125
D1208,0,0,272
D1209,0,0,71
D1210,0,0,20
D1211,0,0,50
D1212,0,0,315
D1213,0,0,35
D1214,0,0,185
D1215,0,0,8
D1216,0,0,13
D1217,0,0,19
D1218,0,0,266
D1219,0,0,59
D1220,0,0,21
D1221,0,0,58
D1222,0,0,95
D1223,0,0,214
D1224,0,0,787
D1225,0,0,773
D1226,0,0,115
D1227,0,0,62
D1228,0,0,293
D1229,0,0,341
D1230,0,0,79
D1231,0,0,69
D1232,0,0,604
D1233,0,0,126
D1234,0,0,382
D1235,0,0,20
D1236,0,0,43
D1237,0,0,88
D1238,0,0,103
D1239,0,0,0
D1240,0,0,138
D1241,0,0,145
D1242,0,0,88
D1243,0,0,79
D1244,0,0,78
D1245,0,0,1745
D1246,0,0,121
D1247,0,0,129
D1248,0,0,560
D1249,0,0,652
D1250,0,0,52
D1251,0,0,68
D1252,0,0,208
D1253,0,0,245
D1254,0,0,367
D1255,0,0,302
D1256,0,0,151
D1257,0,0,96
D1258,0,0,202
D1259,0,0,634
D1260,0,0,76
D1261,0,0,378
D1262,0,0,0
D1263,0,0,252
D1264,0,0,810
D1265,0,0,753
D1266,0,0,38
D1267,0,0,121
D1268,0,0,464
D1269,0,0,481
D1270,0,0,71
D1271,0,0,13
D1272,0,0,397
D1273,0,0,195
D1274,0,0,59
D1275,0,0,89
D1276,0,0,78
D1277,0,0,153
D1278,0,0,48
D1279,0,0,345
D1280,0,0,46
D1281,0,0,100
D1282,0,0,65
D1283,0,0,159
D1284,0,0,103
D1285,0,0,93
D1286,0,0,553
D1287,0,0,323
D1288,0,0,60
D1289,0,0,178
D1290,0,0,416
D1291,0,0,213
D1292,0,0,20
D1293,0,0,8
D1294,0,0,268
D1295,0,0,36
D1296,0,0,9
D1297,0,0,7
D1298,0,0,3
D1299,0,0,16
D1300,0,0,116
D1301,0,0,64
D1302,0,0,36
D1303,0,0,69
D1304,0,0,119
D1305,0,0,148
D1306,0,0,46
D1307,0,0,39
D1308,0,0,24
D1309,0,0,38
D1310,0,0,38
D1311,0,0,52
D1312,0,0,75
D1313,0,0,24
D1314,0,0,36
D1315,0,0,24
D1316,0,0,148
D1317,0,0,51
D1318,0,0,82
D1319,0,0,62
D1320,0,0,2258
D1321,0,0,100
D1322,8,0,180
D1323,0,0,646
D1324,0,0,168
D1325,0,0,8
D1326,0,0,45
D1327,0,0,51
D1328,0,0,11
D1329,0,0,20
D1330,0,0,20
D1331,0,0,13
D1332,0,0,88
D1333,0,0,56
D1334,0,0,2
D1335,0,0,2
D1336,0,0,705
D1337,0,0,2178
D1338,0,0,409
D1339,0,0,38
D1340,0,0,271
D1341,0,0,507
D1342,0,0,125
D1343,0,0,379
D1344,0,0,284
D1345,0,0,284
D1346,0,0,119
D1347,0,0,632
D1348,0,0,297
D1349,0,0,640
D1350,0,0,688
D1351,0,0,395
D1352,0,0,118
D1353,0,0,321
D1354,0,0,96
D1355,0,0,75
D1356,0,0,278
D1357,0,0,363
D1358,0,0,81
D1359,0,0,327
D1360,0,0,795
D1361,0,0,468
D1362,0,0,112
D1363,0,0,131
D1364,0,0,3
D1365,0,0,98
D1366,0,0,129
D1367,0,0,0
D1368,0,0,33
D1369,0,0,14
D1370,0,0,33
D1371,0,0,20
D1372,0,0,63
D1373,0,0,24
D1374,0,0,24
D1375,0,0,6
D1376,0,0,40
D1377,0,0,155
D1378,0,0,92
D1379,0,0,14
D1380,0,0,185
D1381,0,0,43
D1382,0,0,71
D1383,0,0,44
D1384,0,0,58
D1385,0,0,77
D1386,0,0,207
D1387,0,0,131
D1388,0,0,143
D1389,0,0,37
D1390,0,0,19
D1391,0,0,82
D1392,0,0,39
D1393,0,0,49
D1394,0,0,221
D1395,0,0,72
D1396,0,0,60
D1397,0,0,42
D1398,0,0,21
D1399,0,0,251
D1400,0,0,34
D1401,0,0,681
D1402,0,0,66
D1403,0,0,18
D1404,0,0,38
D1405,0,0,252
D1406,0,0,210
D1407,0,0,58
D1408,0,0,25
D1409,0,0,0
D1410,0,0,89
D1411,0,0,9
D1412,0,0,103
D1413,0,0,19
D1414,0,0,365
D1415,0,0,25
D1416,0,0,10
D1417,0,0,0
D1418,0,0,905
D1419,0,0,186
D1420,0,0,134
D1421,0,0,88
D1422,0,0,464
D1423,0,0,1201
D1424,0,0,366
D1425,0,0,67
D1426,0,0,165
D1427,0,0,138
D1428,0,0,103
D1429,0,0,180
D1430,0,0,57
D1431,0,0,90
D1432,0,0,150
D1433,0,0,172
D1434,0,0,446
D1435,0,0,83
D1436,0,0,51
D1437,0,0,93
D1438,0,0,1063
D1439,0,0,3041
D1440,0,0,65
D1441,0,0,129
D1442,0,0,146
D1443,0,0,108
D1444,0,0,285
D1445,0,0,184
D1446,0,0,74
D1447,0,0,62
D1448,0,0,27
D1449,0,0,57
D1450,0,0,23
D1451,0,0,12
D1452,0,0,196
D1453,0,0,44
D1454,0,0,163
D1455,0,0,249
D1456,0,0,18
D1457,0,0,103
D1458,0,0,368
D1459,0,0,138
D1460,0,0,12
D1461,0,0,145
D1462,0,0,243
D1463,0,0,210
D1464,0,0,40
D1465,0,0,327
D1466,0,0,26
D1467,0,0,56
D1468,0,0,80
D1469,0,0,76
D1470,0,0,429
D1471,0,0,268
D1472,0,0,137
D1473,0,0,55
D1474,0,0,178
D1475,0,0,122
D1476,0,0,31
D1477,0,0,16
D1478,0,0,48
D1479,0,0,26
D1480,0,0,50
D1481,0,0,49
D1482,0,0,48
D1483,0,0,16
D1484,0,0,156
D1485,0,0,9
D1486,0,0,42
D1487,0,0,18
D1488,0,0,28
D1489,0,0,65
D1490,0,0,88
D1491,0,0,180
D1492,0,0,30
D1493,0,0,20
D1494,0,0,56
D1495,0,0,106
D1496,0,0,888
D1497,0,0,123
D1498,0,0,16
D1499,0,0,21
D1500,0,0,52
D1501,0,0,46
D1502,0,0,32
D1503,0,0,37
D1504,0,0,2
D1505,0,0,13
D1506,0,0,193
D1507,0,0,431
D1508,0,0,52
D1509,0,0,75
D1510,0,0,573
D1511,0,0,182
D1512,0,0,38
D1513,0,0,33
D1514,0,0,59
D1515,0,0,72
D1516,0,0,40
D1517,0,0,3
D1518,0,0,20
D1519,0,0,51
D1520,0,0,184
D1521,0,0,20
D1522,0,0,8
D1523,0,0,12
D1524,0,0,126
D1525,0,0,48
D1526,0,0,981
D1527,0,0,91
D1528,0,0,1035
D1529,0,0,765
D1530,0,0,194
D1531,0,0,245
D1532,0,0,6
D1533,0,0,14
D1534,0,0,2
D1535,0,0,9
D1536,0,0,19
D1537,0,0,142
D1538,0,0,70
D1539,0,0,25
D1540,0,0,64
D1541,0,0,28
D1542,0,0,11
D1543,0,0,97
D1544,0,0,1
D1545,0,0,93
D1546,0,0,279
D1547,0,0,8
D1548,0,0,48
D1549,0,0,9
D1550,0,0,38
D1551,0,0,53
D1552,0,0,7
D1553,0,0,7
D1554,0,0,5
D1555,0,0,9
D1556,0,0,51
D1557,0,0,116
D1558,0,0,11
D1559,0,0,75
D1560,0,0,21
D1561,0,0,75
D1562,0,0,0
D1563,0,0,95
D1564,0,0,11
D1565,1,101,534
D1566,0,15,0
D1567,0,0,4706
D1568,0,0,127
D1569,0,0,209
D1570,0,0,5607
D1571,0,0,227
D1572,0,0,995
D1573,0,47,0
D1574,0,44,0
D1575,0,0,102
D1576,0,0,619
D1577,0,0,78
D1578,0,0,36
D1579,0,0,1274
D1580,0,0,54
D1581,0,0,6150
D1582,0,0,4133
D1583,0,48,0
D1584,0,0,7331
D1585,0,0,388
D1586,0,0,333
D1587,0,0,60
D1588,0,0,121
D1589,0,0,142
D1590,0,0,45
D1591,0,0,106
D1592,0,0,26
D1593,0,0,777
D1594,0,0,115
D1595,0,0,458
D1596,0,0,210
D1597,0,0,1579
D1598,0,0,446
D1599,0,0,224
D1600,0,0,1046
D1601,0,0,574
D1602,0,8,0
D1603,0,5,0
D1604,0,5,0
D1605,0,0,333
D1606,0,0,70
D1607,0,0,53
D1608,0,0,48
D1609,0,0,66
D1610,0,0,27
D1611,0,0,30
D1612,0,0,42
D1613,0,0,48
D1614,0,0,76
D1615,0,0,159
D1616,0,0,1121
D1617,0,0,857
D1618,0,0,148
D1619,0,0,166
D1620,0,0,30
D1621,0,0,54
D1622,0,0,241
D1623,0,0,18
D1624,0,0,36
D1625,0,0,33
D1626,0,0,33
D1627,0,0,1742
D1628,0,0,192
D1629,0,0,492
D1630,0,0,595
D1631,0,0,66
D1632,0,0,678
D1633,0,0,4017
D1634,0,0,409
D1635,0,0,120
D1636,0,0,427
D1637,0,0,422
D1638,0,0,1373
D1639,0,0,3577
D1640,0,0,1106
D1641,0,9,0
D1642,0,0,2894
D1643,0,0,4995
D1644,0,0,800
D1645,0,0,2812
D1646,0,0,1199
D1647,0,0,2900
D1648,0,0,663
D1649,0,10,0
D1650,0,0,168
D1651,0,0,514
D1652,0,0,268
D1653,0,0,580
D1654,0,0,113
D1655,0,0,42
D1656,0,0,26
D1657,0,0,28
D1658,0,0,142
D1659,0,0,84
D1660,0,0,72
D1661,0,0,171
D1662,0,0,310
D1663,0,0,236
D1664,0,0,258
D1665,0,0,35
D1666,0,0,44
D1667,0,0,405
D1668,0,0,298
D1669,0,0,409
D1670,0,0,387
D1671,0,0,108
D1672,0,0,520
D1673,0,0,247
D1674,0,0,86
D1675,0,0,24
D1676,0,0,30
D1677,0,0,50
D1678,0,0,44
D1679,0,0,88
D1680,0,0,41
D1681,0,0,95
D1682,0,0,55
D1683,0,0,50
D1684,0,0,20
D1685,0,0,209
D1686,0,0,156
D1687,0,0,78
D1688,0,0,49
D1689,0,0,19
D1690,0,5,0
D1691,0,0,311
D1692,0,0,1099
D1693,0,0,178
D1694,0,0,379
D1695,0,0,1156
D1696,0,0,2808
D1697,0,0,669
D1698,0,0,11
D1699,0,0,587
D1700,0,0,624
D1701,0,0,1894
D1702,0,0,244
D1703,0,0,63
D1704,0,0,30
D1705,0,0,36
D1706,0,0,282
D1707,0,0,183
D1708,0,0,495
D1709,0,0,304
D1710,0,0,22
D1711,0,0,51
D1712,0,0,70
D1713,0,0,254
D1714,0,0,2338
D1715,0,0,188
D1716,0,0,847
D1717,0,0,1560
D1718,0,0,122
D1719,0,0,325
D1720,0,0,252
D1721,0,0,1551
D1722,0,0,1532
D1723,0,0,1043
D1724,0,0,574
D1725,0,0,261
D1726,0,0,50
D1727,0,0,53
D1728,0,0,172
D1729,0,0,19
D1730,0,0,99
D1731,0,0,720
D1732,0,0,24
D1733,0,0,146
D1734,0,0,33
D1735,0,0,271
D1736,0,0,87
D1737,0,0,74
D1738,0,0,304
D1739,0,0,74
D1740,0,0,9
D1741,0,0,12
D1742,0,0,21
D1743,0,0,9
D1744,0,0,45
D1745,0,0,655
D1746,0,0,1860
D1747,0,0,386
D1748,0,0,206
D1749,0,0,80
D1750,0,0,2364
D1751,0,0,482
D1752,0,0,97
D1753,0,0,112
D1754,0,0,410
D1755,0,0,220
D1756,0,0,141
D1757,0,0,362
D1758,0,0,343
D1759,0,0,62
D1760,0,0,503
D1761,0,0,133
D1762,0,0,178
D1763,0,0,536
D1764,0,0,232
D1765,0,0,28
D1766,0,0,13
D1767,0,0,245
D1768,0,0,202
D1769,0,0,83
D1770,0,0,926
D1771,0,0,605
D1772,0,0,9
D1773,0,0,5309
D1774,0,0,629
D1775,0,0,71
D1776,0,0,2746
D1777,0,0,1066
D1778,0,0,1126
D1779,0,0,1231
D1780,0,0,206
D1781,0,0,284
D1782,0,0,72
D1783,0,0,3279
D1784,0,0,3390
D1785,0,0,4755
D1786,0,0,353
D1787,0,0,558
D1788,0,0,8408
D1789,0,0,2713
D1790,0,0,543
D1791,0,0,4569
D1792,0,0,16456
D1793,0,0,9411
D1794,0,0,3546
D1795,0,0,2067
D1796,0,0,628
D1797,0,0,2563
D1798,0,0,1805
D1799,0,0,1505
D1800,0,0,511
D1801,0,0,84
D1802,0,0,1225
D1803,0,0,592
D1804,0,0,923
D1805,0,0,50
D1806,0,0,268
D1807,0,0,37
D1808,0,0,480
D1809,0,0,387
D1810,0,0,227
D1811,0,0,89
D1812,0,0,12
D1813,0,0,166
D1814,0,0,971
D1815,0,0,191
D1816,0,0,111
D1817,0,0,60
D1818,0,0,585
D1819,0,0,274
D1820,0,0,164
D1821,0,0,153
D1822,0,0,1832
D1823,0,0,1143
D1824,0,0,198
D1825,0,0,197
D1826,0,0,96
D1827,0,0,41
D1828,0,0,544
D1829,0,0,627
D1830,0,0,193
D1831,0,0,655
D1832,0,0,574
D1833,0,0,407
D1834,0,0,1197
D1835,0,0,705
D1836,0,0,205
D1837,0,0,147
D1838,0,0,256
D1839,0,0,135
D1840,0,0,27
D1841,0,0,108
D1842,0,0,173
D1843,0,0,510
D1844,0,0,114
D1845,0,0,188
D1846,0,0,86
D1847,0,0,60
D1848,0,0,371
D1849,0,0,368
D1850,0,0,18
D1851,0,0,15
D1852,0,0,15
D1853,0,0,56
D1854,0,0,176
D1855,0,0,63
D1856,0,0,951
D1857,0,0,652
D1858,0,0,3822
D1859,0,0,134
D1860,0,0,105
D1861,0,0,57
D1862,0,0,2965
D1863,0,0,1468
D1864,0,0,34
D1865,0,0,147
D1866,0,0,305
D1867,0,0,2002
D1868,0,0,160
D1869,0,0,430
D1870,0,0,728
D1871,0,0,200
D1872,0,0,611
D1873,0,0,148
D1874,0,0,859
D1875,0,0,2376
D1876,0,0,9
D1877,0,0,20
D1878,0,0,1187
D1879,0,0,2497
D1880,0,0,1051
D1881,0,0,293
D1882,0,0,196
D1883,0,0,264
D1884,0,0,541
D1885,0,0,958
D1886,0,0,418
D1887,0,0,218
D1888,0,0,941
D1889,0,0,2315
D1890,0,0,141
D1891,0,0,313
D1892,0,0,894
D1893,0,0,714
D1894,0,0,50
D1895,0,0,212
D1896,0,0,1759
D1897,0,0,2124
D1898,0,0,128
D1899,0,0,92
D1900,0,0,385
D1901,0,0,1117
D1902,0,0,215
D1903,0,0,268
D1904,0,0,394
D1905,0,0,208
D1906,0,0,369
D1907,0,0,1625
D1908,0,0,275
D1909,0,0,425
D1910,0,0,1646
D1911,0,0,1885
D1912,0,0,435
D1913,0,0,1702
D1914,0,0,2079
D1915,0,0,641
D1916,0,0,2517
D1917,0,0,568
D1918,0,0,1874
D1919,0,0,382
D1920,0,0,2405
D1921,0,0,1031
D1922,0,0,1285
D1923,0,0,278
D1924,0,0,285
D1925,0,0,92
D1926,0,0,770
D1927,0,0,1113
D1928,0,0,347
D1929,0,0,286
D1930,0,0,976
D1931,0,0,807
D1932,0,0,204
D1933,0,0,505
D1934,0,0,1023
D1935,0,0,75
D1936,0,0,255
D1937,0,0,143
D1938,0,0,104
D1939,0,0,305
D1940,0,0,2675
D1941,0,0,320
D1942,0,0,122
D1943,0,0,374
D1944,0,0,35
D1945,0,0,15
D1946,0,0,320
D1947,0,0,47
D1948,0,0,20
D1949,0,0,8
D1950,0,0,503
D1951,0,0,724
D1952,0,0,203
D1953,0,0,20
D1954,0,0,430
D1955,0,0,454
D1956,0,0,63
D1957,0,0,65
D1958,0,0,100
D1959,0,0,113
D1960,0,0,85
D1961,0,0,126
D1962,0,0,26
D1963,0,0,75
D1964,0,0,22
D1965,0,0,9
D1966,0,0,116
D1967,0,0,394
D1968,0,0,33
D1969,0,0,55
D1970,0,0,140
D1971,0,0,435
D1972,0,0,307
D1973,0,0,46
D1974,0,0,0
D1975,0,0,145
D1976,0,0,144
D1977,0,0,367
D1978,0,0,308
D1979,0,0,81
D1980,0,0,154
D1981,0,0,80
D1982,0,0,1089
D1983,0,0,313
D1984,0,0,569
D1985,0,0,300
D1986,0,0,59
D1987,0,0,114
D1988,0,0,839
D1989,0,0,378
D1990,0,0,63
D1991,0,0,80
D1992,0,0,182
D1993,0,0,1061
D1994,0,0,381
D1995,0,0,112
D1996,0,0,35
D1997,0,0,69
D1998,0,0,264
D1999,0,0,49
D2000,0,0,91
D2001,0,0,86
D2002,0,0,765
D2003,0,0,585
D2004,0,0,60
D2005,0,0,70
D2006,0,0,71
D2007,0,0,33
D2008,0,0,32
D2009,0,0,8
D2010,0,0,56
D2011,0,0,30
D2012,0,0,123
D2013,0,0,42
D2014,0,0,153
D2015,0,0,84
D2016,0,0,39
D2017,0,0,107
D2018,0,0,56
D2019,0,0,18
D2020,0,0,33
D2021,0,0,51
D2022,0,0,124
D2023,0,0,133
D2024,0,0,52
D2025,0,0,96
D2026,0,0,308
D2027,0,0,24
D2028,0,0,29
D2029,0,0,1361
D2030,0,0,62
D2031,0,0,3509
D2032,0,0,224
D2033,0,0,613
D2034,0,0,983
D2035,0,0,1457
D2036,0,0,82
D2037,0,0,263
D2038,0,0,4503
D2039,0,0,642
D2040,0,0,235
D2041,0,0,1326
D2042,0,0,7778
D2043,0,0,1972
D2044,0,0,3195
D2045,0,0,344
D2046,0,0,282
D2047,0,0,73
D2048,0,0,0
D2049,0,0,256
D2050,0,0,43
D2051,0,0,256
D2052,0,0,27
D2053,0,0,65
D2054,0,0,331
D2055,0,0,131
D2056,0,0,124
D2057,0,0,195
D2058,0,0,1126
D2059,0,0,1147
D2060,0,0,71
D2061,0,0,130
D2062,0,0,1738
D2063,0,0,1152
D2064,0,0,301
D2065,0,0,150
D2066,0,0,45
D2067,0,0,421
D2068,0,0,560
D2069,0,0,182
D2070,0,0,397
D2071,0,0,284
D2072,0,0,495
D2073,0,0,104
D2074,0,0,466
D2075,0,0,1081
D2076,0,0,119
D2077,0,0,131
D2078,0,0,152
D2079,0,0,108
D2080,0,0,511
D2081,0,0,688
D2082,0,0,76
D2083,0,0,493
D2084,0,0,290
D2085,0,0,374
D2086,0,0,358
D2087,0,0,143
D2088,0,0,318
D2089,0,0,728
D2090,0,0,502
D2091,0,0,96
D2092,0,0,169
D2093,0,0,36
D2094,0,0,168
D2095,0,0,221
D2096,0,0,337
D2097,0,0,586
D2098,0,0,66
D2099,0,0,117
D2100,0,0,1288
D2101,0,0,501
D2102,0,0,117
D2103,0,0,194
D2104,0,0,100
D2105,0,0,244
D2106,0,0,359
D2107,0,0,1178
D2108,0,0,268
D2109,0,0,183
D2110,0,0,373
D2111,0,0,614
D2112,0,0,139
D2113,0,0,217
D2114,0,0,271
D2115,0,0,338
D2116,0,0,128
D2117,0,0,437
D2118,0,0,327
D2119,0,0,416
D2120,0,0,286
D2121,0,0,1058
D2122,0,0,229
D2123,0,0,189
D2124,0,0,587
D2125,0,0,522
D2126,0,0,1210
D2127,0,0,1310
D2128,0,0,68
D2129,0,0,36
D2130,0,0,944
D2131,0,0,832
D2132,0,0,346
D2133,0,0,12
D2134,0,0,74
D2135,0,0,50
D2136,0,0,119
D2137,0,0,852
D2138,0,0,308
D2139,0,0,362
D2140,0,0,402
D2141,0,0,230
D2142,0,0,107
D2143,0,0,113
D2144,0,0,42
D2145,0,0,24
D2146,0,0,146
D2147,0,0,49
D2148,0,0,23
D2149,0,0,23
D2150,0,0,113
D2151,0,0,131
D2152,0,0,27
D2153,0,0,14
D2154,0,0,79
D2155,0,0,50
D2156,0,0,418
D2157,0,0,339
D2158,0,0,150
D2159,0,0,94
D2160,0,0,101
D2161,0,0,28
D2162,0,0,41
D2163,0,0,8
D2164,0,0,73
D2165,0,0,42
D2166,0,0,124
D2167,0,0,239
D2168,0,0,104
D2169,0,0,37
D2170,0,0,237
D2171,0,0,55
D2172,0,0,103
D2173,0,0,26
D2174,0,0,12
D2175,0,0,102
D2176,0,0,64
D2177,0,0,18
D2178,0,0,57
D2179,0,0,60
D2180,0,0,18
D2181,0,0,26
D2182,0,0,29
D2183,0,0,71
D2184,0,0,29
D2185,0,0,562
D2186,0,0,23
D2187,0,0,35
D2188,0,0,259
D2189,0,0,368
D2190,0,0,910
D2191,0,0,52
D2192,0,0,1351
D2193,0,0,5937
D2194,0,0,575
D2195,0,0,845
D2196,0,0,76
D2197,0,0,400
D2198,0,0,782
D2199,0,0,101
D2200,0,0,706
D2201,0,0,559
D2202,0,0,2505
D2203,0,0,1928
D2204,0,0,616
D2205,0,0,1251
D2206,0,0,159
D2207,0,0,39
D2208,0,0,83
D2209,0,0,165
D2210,0,0,301
D2211,0,0,71
D2212,0,0,153
D2213,0,0,295
D2214,0,0,562
D2215,0,0,191
D2216,0,0,419
D2217,0,0,38
D2218,0,0,802
D2219,0,0,23
D2220,0,0,68
D2221,0,0,6
D2222,0,0,216
D2223,0,0,324
D2224,0,0,62
D2225,0,0,167
D2226,0,0,2
D2227,0,0,88
D2228,0,0,467
D2229,0,0,171
D2230,0,0,232
D2231,0,0,45
D2232,0,0,153
D2233,0,0,80
D2234,0,0,535
D2235,0,0,586
D2236,0,0,31
D2237,0,0,63
D2238,0,0,130
D2239,0,0,259
D2240,0,0,177
D2241,0,0,209
D2242,0,0,358
D2243,0,0,243
D2244,0,0,594
D2245,0,0,156
D2246,0,0,46
D2247,0,0,122
D2248,0,0,28
D2249,0,0,80
D2250,0,0,27
D2251,0,0,58
D2252,0,0,68
D2253,0,0,50
D2254,0,0,388
D2255,0,0,253
D2256,0,0,521
D2257,0,0,37
D2258,0,0,1126
D2259,0,0,2140
D2260,0,0,35
D2261,0,0,804
D2262,0,0,671
D2263,0,0,637
D2264,0,0,49
D2265,0,0,6
D2266,0,0,36
D2267,0,0,85
D2268,0,0,201
D2269,0,0,531
D2270,0,0,48
D2271,0,0,1380
D2272,0,0,415
D2273,0,0,2040
D2274,0,0,1049
D2275,0,0,6268
D2276,0,0,187
D2277,0,0,363
D2278,0,0,2359
D2279,0,0,1866
D2280,0,0,3149
D2281,0,0,6341
D2282,0,0,612
D2283,0,0,58
D2284,0,0,488
D2285,0,0,1081
D2286,0,0,1237
D2287,0,0,49
D2288,0,0,380
D2289,0,0,89
D2290,0,0,254
D2291,0,0,52
D2292,0,0,108
D2293,0,0,64
D2294,0,0,642
D2295,0,0,362
D2296,0,0,715
D2297,0,0,284
D2298,0,0,27
D2299,0,0,21
D2300,0,0,182
D2301,0,0,1872
D2302,0,0,137
D2303,0,0,29
D2304,0,0,140
D2305,0,0,29
D2306,0,0,4372
D2307,0,0,1707
D2308,0,0,88
D2309,0,0,39
D2310,0,0,5912
D2311,0,0,2986
D2312,0,0,134
D2313,0,0,220
D2314,0,0,88
D2315,0,0,488
D2316,0,0,221
D2317,0,0,127
D2318,0,0,42
D2319,0,0,234
D2320,0,0,121
D2321,0,0,67
D2322,0,0,416
D2323,0,0,123
D2324,0,0,63
D2325,0,0,24
D2326,0,0,151
D2327,0,0,615
D2328,0,0,137
D2329,0,0,243
D2330,0,0,164
D2331,0,0,290
D2332,0,0,478
D2333,0,0,188
D2334,0,0,220
D2335,0,0,321
D2336,0,0,1079
D2337,0,0,479
D2338,0,0,273
D2339,0,0,83
D2340,0,0,387
D2341,0,0,491
D2342,0,0,264
D2343,0,0,334
D2344,0,0,691
D2345,0,0,431
D2346,0,0,1043
D2347,0,0,1196
D2348,0,0,179
D2349,0,0,234
D2350,0,0,486
D2351,0,0,1015
D2352,0,0,54
D2353,0,0,100
D2354,0,0,330
D2355,0,0,321
D2356,0,0,240
D2357,0,0,134
D2358,0,0,58
D2359,0,0,185
D2360,0,0,96
D2361,0,0,1307
D2362,0,0,836
D2363,0,0,371
D2364,0,0,181
D2365,0,0,61
D2366,0,0,514
D2367,0,0,1004
D2368,0,0,224
D2369,0,0,125
D2370,0,0,251
D2371,0,0,1489
D2372,0,0,39
D2373,0,0,37
D2374,0,0,135
D2375,0,0,95
D2376,0,0,384
D2377,0,0,432
D2378,0,0,124
D2379,0,0,193
D2380,0,0,48
D2381,0,0,17
D2382,0,0,277
D2383,0,0,190
D2384,0,0,437
D2385,0,0,33
D2386,0,0,74
D2387,0,0,0
D2388,0,0,174
D2389,0,0,61
D2390,0,0,27
D2391,0,0,29
D2392,0,0,175
D2393,0,0,170
D2394,0,0,91
D2395,0,0,68
D2396,0,0,177
D2397,0,0,54
D2398,0,0,83
D2399,0,0,98
D2400,0,0,99
D2401,0,0,318
D2402,0,0,180
D2403,0,0,696
D2404,0,0,1033
D2405,0,0,95
D2406,0,0,91
D2407,0,0,85
D2408,0,0,68
D2409,0,0,60
D2410,0,0,16
D2411,0,0,50
D2412,0,0,1116
D2413,0,0,787
D2414,0,0,1500
D2415,0,0,737
D2416,0,0,1861
D2417,0,0,62
D2418,0,0,797
D2419,0,0,1157
D2420,0,0,670
D2421,0,0,793
D2422,0,0,914
D2423,0,0,246
D2424,0,0,238
D2425,0,0,977
D2426,0,0,96
D2427,0,0,44
D2428,0,0,206
D2429,0,0,46
D2430,0,0,65
D2431,0,0,0
D2432,0,0,249
D2433,0,0,517
D2434,0,0,203
D2435,0,0,368
D2436,0,0,129
D2437,0,0,160
D2438,0,0,315
D2439,0,0,180
D2440,0,0,176
D2441,0,0,280
D2442,0,0,19
D2443,0,0,459
D2444,0,0,549
D2445,0,0,304
D2446,0,0,72
D2447,0,0,12
D2448,0,0,278
D2449,0,0,518
D2450,0,0,29
D2451,0,0,100
D2452,0,0,330
D2453,0,0,59
D2454,0,0,131
D2455,0,0,211
D2456,0,0,174
D2457,0,0,76
D2458,0,0,377
D2459,0,0,184
D2460,0,0,55
D2461,0,0,206
D2462,0,0,204
D2463,0,0,237
D2464,0,0,1496
D2465,0,0,1818
D2466,0,0,184
D2467,0,0,207
D2468,0,0,468
D2469,0,0,2069
D2470,0,0,85
D2471,0,0,70
D2472,0,0,62
D2473,0,0,779
D2474,0,0,513
D2475,0,0,148
D2476,0,0,849
D2477,0,0,10
D2478,0,0,212
D2479,0,0,575
D2480,0,0,226
D2481,0,0,160
D2482,0,0,213
D2483,0,0,52
D2484,0,0,197
D2485,0,0,125
D2486,0,0,310
D2487,0,0,303
D2488,0,0,35
D2489,0,0,29
D2490,0,0,148
D2491,0,0,270
D2492,0,0,31
D2493,0,0,256
D2494,0,0,13
D2495,0,0,24
D2496,0,0,168
D2497,0,0,33
D2498,0,0,108
D2499,0,0,37
D2500,0,0,239
D2501,0,0,410
D2502,0,0,94
D2503,0,0,21
D2504,0,0,28
D2505,0,0,142
D2506,0,0,97
D2507,0,0,80
D2508,0,0,4
D2509,0,0,47
D2510,0,0,1656
D2511,0,0,1368
D2512,0,0,42
D2513,0,0,165
D2514,0,0,22
D2515,0,0,29
D2516,0,0,293
D2517,0,0,407
D2518,0,0,235
D2519,0,0,96
D2520,0,0,331
D2521,0,0,394
D2522,0,0,338
D2523,0,0,242
D2524,0,0,143
D2525,0,0,474
D2526,0,0,214
D2527,0,0,758
D2528,0,0,195
D2529,0,0,0
D2530,0,0,193
D2531,0,0,225
D2532,0,0,20
D2533,0,0,95
D2534,0,0,207
D2535,0,0,69
D2536,0,0,31
D2537,0,0,1124
D2538,0,0,65
D2539,0,0,8
D2540,0,0,407
D2541,0,0,252
D2542,0,0,206
D2543,0,0,133
D2544,0,0,190
D2545,0,0,203
D2546,0,0,275
D2547,0,0,56
D2548,0,0,41
D2549,0,0,84
D2550,0,0,278
D2551,0,0,369
D2552,0,0,24
D2553,0,0,31
D2554,0,0,89
D2555,0,0,335
D2556,0,0,62
D2557,0,0,239
D2558,0,0,13
D2559,0,0,12
D2560,0,0,102
D2561,0,0,14
D2562,0,0,8
D2563,0,0,174
D2564,0,0,80
D2565,0,0,129
D2566,0,0,82
D2567,0,0,673
D2568,0,0,221
D2569,0,0,58
D2570,0,0,6
D2571,0,0,80
D2572,0,0,54
D2573,0,0,520
D2574,0,0,182
D2575,0,0,395
D2576,0,0,319
D2577,0,0,123
D2578,0,0,78
D2579,0,0,60
D2580,0,0,98
D2581,0,0,31
D2582,0,0,15
D2583,0,0,30
D2584,0,0,158
D2585,0,0,356
D2586,0,0,0
D2587,0,0,33
D2588,0,0,372
D2589,0,0,53
D2590,0,0,134
D2591,0,0,46
D2592,0,0,132
D2593,0,0,336
D2594,0,0,92
D2595,0,0,1305
D2596,0,0,84
D2597,0,0,108
D2598,0,0,912
D2599,0,0,493
D2600,0,0,249
D2601,0,0,6
D2602,0,0,55
D2603,0,0,48
D2604,0,0,371
D2605,0,0,753
D2606,0,0,54
D2607,0,0,17
D2608,0,0,62
D2609,0,0,244
D2610,0,0,927
D2611,0,0,7
D2612,0,0,70
D2613,0,0,129
D2614,0,0,114
D2615,0,0,318
D2616,0,0,194
D2617,0,0,254
D2618,0,0,105
D2619,0,0,84
D2620,0,0,45
D2621,0,0,156
D2622,0,0,26
D2623,0,0,74
D2624,0,0,25
D2625,0,86,0
D2626,0,21,0
D2627,0,165,0
D2628,0,0,174
D2629,0,0,1937
D2630,0,47,0
D2631,0,0,98
D2632,0,0,193
D2633,0,0,3320
D2634,0,0,4006
D2635,0,0,1846
D2636,0,44,0
D2637,0,0,424
D2638,0,36,0
D2639,0,0,74
D2640,0,0,250
D2641,0,0,71
D2642,0,0,51
D2643,0,0,68
D2644,0,0,2999
D2645,0,0,138
D2646,0,0,166
D2647,0,0,34
D2648,0,0,71
D2649,0,0,114
D2650,0,0,323
D2651,0,0,174
D2652,0,0,3189
D2653,0,0,278
D2654,0,0,173
D2655,0,0,303
D2656,0,0,251
D2657,0,0,314
D2658,0,0,233
D2659,0,0,626
D2660,0,0,909
D2661,0,0,695
D2662,0,0,514
D2663,0,10,0
D2664,0,9,0
D2665,0,0,341
D2666,0,0,57
D2667,0,0,20
D2668,0,0,760
D2669,0,0,90
D2670,0,0,17
D2671,0,0,145
D2672,0,0,659
D2673,0,0,278
D2674,0,0,33
D2675,0,0,147
D2676,0,0,58
D2677,0,0,119
D2678,0,0,143
D2679,0,0,62
D2680,0,0,54
D2681,0,0,47
D2682,0,0,284
D2683,0,0,35
D2684,0,0,51
D2685,0,2,0
D2686,0,0,114
D2687,0,0,4264
D2688,0,0,384
D2689,0,0,1225
D2690,0,0,809
D2691,0,0,1216
D2692,0,0,51
D2693,0,0,137
D2694,0,0,262
D2695,0,0,1369
D2696,0,0,1107
D2697,0,0,1098
D2698,0,0,323
D2699,0,0,289
D2700,0,0,743
D2701,0,0,823
D2702,0,0,272
D2703,0,0,300
D2704,0,0,352
D2705,0,0,355
D2706,0,0,500
D2707,0,0,2077
D2708,0,0,145
D2709,0,0,1398
D2710,0,0,1012
D2711,0,0,527
D2712,0,0,107
D2713,0,0,224
D2714,0,0,29
D2715,0,0,38
D2716,0,0,669
D2717,0,0,672
D2718,0,0,23
D2719,0,0,23
D2720,0,0,479
D2721,0,0,329
D2722,0,0,15
D2723,0,0,151
D2724,0,0,357
D2725,0,0,294
D2726,0,0,343
D2727,0,0,936
D2728,0,0,280
D2729,0,0,249
D2730,0,0,83
D2731,0,0,300
D2732,0,0,374
D2733,0,0,357
D2734,0,0,87
D2735,0,0,54
D2736,0,0,480
D2737,0,0,627
D2738,0,0,178
D2739,0,0,166
D2740,0,0,392
D2741,0,0,561
D2742,0,0,322
D2743,0,0,160
D2744,0,0,85
D2745,0,0,381
D2746,0,0,225
D2747,0,0,223
D2748,0,0,25
D2749,0,0,69
D2750,0,0,45
D2751,0,0,128
D2752,0,0,96
D2753,0,0,72
D2754,0,0,3
D2755,0,0,2
D2756,0,0,855
D2757,0,0,204
D2758,0,0,325
D2759,0,0,0
D2760,0,0,446
D2761,0,0,47
D2762,0,0,43
D2763,0,0,53
D2764,0,0,121
D2765,0,0,59
D2766,0,0,223
D2767,0,0,53
D2768,0,0,46
D2769,0,0,6
D2770,0,0,103
D2771,0,0,44
D2772,0,0,505
D2773,0,0,181
D2774,0,0,31
D2775,0,0,17
D2776,0,0,248
D2777,0,0,689
D2778,0,0,423
D2779,0,0,428
D2780,0,0,262
D2781,0,0,181
D2782,0,0,259
D2783,0,0,139
D2784,0,0,52
D2785,0,0,148
D2786,0,0,51
D2787,0,0,284
D2788,0,0,154
D2789,0,0,46
D2790,0,0,49
D2791,0,0,166
D2792,0,0,18
D2793,0,0,128
D2794,0,0,105
D2795,0,42,0
D2796,0,12,0
D2797,0,0,12
D2798,0,73,0
D2799,0,0,161
D2800,0,0,93
D2801,0,0,52
D2802,0,0,332
D2803,0,20,0
D2804,0,0,95
D2805,0,20,0
D2806,0,0,23
D2807,0,0,34
D2808,0,0,9
D2809,0,5,0
D2810,0,0,214
D2811,0,0,84
D2812,0,0,262
D2813,0,0,67
D2814,0,0,107
D2815,0,0,79
D2816,0,0,11
D2817,0,0,9
D2818,0,0,6
D2819,0,0,35
D2820,0,0,5
D2821,0,12,0
D2822,8,0,0
D2823,12,0,0
D2824,4,0,0
D2825,16,0,0
D2826,27,0,0
D2827,0,0,0
D2828,6,0,0
D2829,6,0,0
D2830,0,0,0
D2831,2,0,0
D2832,5,0,0
D2833,2,0,570
D2834,0,0,0
D2835,0,0,590
D2836,0,0,61
D2837,0,0,53
D2838,0,0,21
D2839,0,0,111
D2840,0,0,144
D2841,0,0,15
D2842,0,0,211
D2843,0,0,460
D2844,8,0,155
D2845,0,0,24
D2846,0,0,18
D2847,0,0,27
D2848,0,0,110
D2849,0,0,2404
D2850,0,0,435
D2851,0,0,76
D2852,0,0,12
D2853,0,0,913
D2854,0,0,32
D2855,0,0,826
D2856,0,0,470
D2857,0,0,511
D2858,0,0,6
D2859,0,0,19
D2860,0,0,294
D2861,0,0,2
D2862,0,0,5
D2863,0,0,83
D2864,0,0,33
D2865,0,0,243
D2866,0,0,0
D2867,0,0,31
D2868,0,0,138
D2869,0,0,211
D2870,0,0,13
D2871,0,0,11
D2872,0,0,17
D2873,0,0,921
D2874,0,0,69
D2875,0,0,18
D2876,0,0,50
D2877,0,0,103
D2878,0,0,16
D2879,0,0,72
D2880,0,0,184
D2881,0,0,72
D2882,0,0,68
D2883,0,0,0
D2884,0,0,25
D2885,0,0,6
D2886,0,0,119
D2887,0,0,136
D2888,0,0,148
D2889,0,0,33
D2890,0,0,168
D2891,0,0,96
D2892,0,0,57
D2893,0,0,21
D2894,0,0,99
D2895,0,0,164
D2896,0,0,22
D2897,0,0,18
D2898,0,0,9
D2899,0,0,18
D2900,0,0,23
D2901,0,0,75
D2902,0,0,69
D2903,0,0,532
D2904,0,0,182
D2905,0,0,290
D2906,0,0,37
D2907,0,0,10
D2908,0,0,2
D2909,0,0,15
D2910,0,0,5
D2911,0,0,197
D2912,0,0,37
D2913,0,0,187
D2914,0,0,432
D2915,0,0,7
D2916,0,0,67
D2917,0,0,87
D2918,0,0,24
D2919,0,0,202
D2920,0,0,94
D2921,0,0,418
D2922,0,0,69
D2923,0,0,23
D2924,0,0,437
D2925,0,0,731
D2926,0,0,33
D2927,0,0,1628
D2928,0,0,28
D2929,0,0,50
D2930,0,0,253
D2931,0,0,72
D2932,0,0,627
D2933,0,0,5
D2934,0,0,14
D2935,0,0,103
D2936,0,0,422
D2937,0,0,102
D2938,0,0,20
D2939,0,0,31
D2940,0,0,437
D2941,0,0,1071
D2942,0,0,133
D2943,0,0,60
D2944,0,0,47
D2945,0,0,118
D2946,0,0,71
D2947,0,0,837
D2948,0,0,439
D2949,0,0,24
D2950,0,0,156
D2951,0,0,471
D2952,0,0,4
D2953,0,0,6
D2954,0,0,5
D2955,0,0,18
D2956,0,0,119
D2957,0,0,11
D2958,0,0,50
D2959,0,0,40
D2960,0,0,14
D2961,0,0,19
D2962,0,0,7
D2963,0,0,63
D2964,0,0,14
D2965,0,0,9
D2966,0,0,36
D2967,0,0,23
D2968,0,0,57
D2969,0,0,5
D2970,0,0,8
D2971,0,0,131
D2972,0,0,214
D2973,0,0,96
D2974,0,0,0
D2975,0,0,529
D2976,0,0,548
D2977,0,0,140
D2978,0,0,273
D2979,0,0,14
D2980,0,0,6
D2981,0,0,166
D2982,0,0,0
D2983,0,0,795
D2984,0,0,12
D2985,0,0,24
D2986,0,0,13
D2987,0,0,10
D2988,0,0,56
D2989,0,0,2
D2990,0,0,5
D2991,0,0,89
D2992,0,0,25
D2993,0,0,250
D2994,0,0,63
D2995,0,0,253
D2996,0,0,58
D2997,0,0,15
D2998,0,0,75
D2999,0,0,26
D3000,0,0,129
D3001,0,0,1
D3002,0,0,22
D3003,0,0,24
D3004,0,0,58
D3005,0,0,30
D3006,0,0,8
D3007,0,0,0
D3008,0,0,7
D3009,0,1,0
D3010,0,0,180
D3011,0,0,271
D3012,0,0,632
D3013,0,0,353
D3014,0,0,1919
D3015,0,0,435
D3016,0,0,6
D3017,0,0,118
D3018,0,0,20
D3019,0,0,242
D3020,0,0,27
D3021,0,0,39
D3022,0,0,72
D3023,0,0,33
D3024,0,0,31
D3025,0,0,90
D3026,0,0,200
D3027,0,0,118
D3028,0,0,264
D3029,0,0,54
D3030,0,0,15
D3031,0,0,99
D3032,0,0,40
D3033,0,0,12
D3034,0,0,468
D3035,0,0,434
D3036,0,0,22
D3037,0,0,36
D3038,0,0,335
D3039,0,0,36
D3040,0,0,31
D3041,0,0,175
D3042,0,0,124
D3043,0,0,285
D3044,0,0,143
D3045,0,0,164
D3046,0,0,231
D3047,0,0,612
D3048,0,0,84
D3049,0,0,16
D3050,0,0,11
D3051,0,0,4
D3052,0,0,20
D3053,0,0,2
D3054,0,0,25
D3055,0,0,67
D3056,0,0,10
D3057,0,0,19
D3058,0,0,36
D3059,0,0,38
D3060,0,0,9
D3061,0,0,4
D3062,0,0,16
D3063,0,0,429
D3064,0,0,227
D3065,0,0,702
D3066,0,0,21
D3067,0,0,362
D3068,0,0,7
D3069,0,0,61
D3070,0,0,0
D3071,0,0,0
D3072,0,0,200
D3073,0,0,787
D3074,0,0,51
D3075,0,0,363
D3076,0,0,188
D3077,0,0,49
D3078,0,0,214
D3079,0,0,38
D3080,0,0,354
D3081,0,0,63
D3082,0,0,93
D3083,0,0,277
D3084,0,0,44
D3085,0,0,30
D3086,0,0,2
D3087,0,0,33
D3088,0,0,4
D3089,0,0,28
D3090,0,0,3
D3091,0,0,404
D3092,0,0,9
D3093,0,0,32
D3094,0,0,0
D3095,0,0,14
D3096,0,0,103
D3097,0,0,283
D3098,0,0,27
D3099,0,0,33
D3100,0,0,5149
D3101,0,0,52
D3102,0,0,917
D3103,0,0,35
D3104,0,0,18
D3105,0,0,16
D3106,0,0,176
D3107,0,0,92
D3108,0,0,27
D3109,0,0,18
D3110,0,0,879
D3111,0,0,0
D3112,0,0,115
D3113,0,0,22
D3114,0,0,195
D3115,0,0,175
D3116,0,0,483
D3117,0,0,283
D3118,0,0,0
D3119,0,0,86
D3120,0,0,271
D3121,0,0,224
D3122,0,0,221
D3123,0,0,31
D3124,0,0,14
D3125,0,0,0
D3126,0,0,826
D3127,0,0,44
D3128,0,0,78
D3129,0,0,32
D3130,0,0,258
D3131,0,0,148
D3132,0,0,83
D3133,0,0,352
D3134,0,0,35
D3135,0,0,33
D3136,0,0,22
D3137,0,0,335
D3138,0,0,56
D3139,0,0,11
D3140,0,0,180
D3141,0,0,25
D3142,0,0,19
D3143,0,0,150
D3144,0,0,31
D3145,0,0,148
D3146,0,0,152
D3147,0,0,618
D3148,0,0,6
D3149,0,0,36
D3150,0,0,18
D3151,0,0,224
D3152,0,0,31
D3153,0,0,16
D3154,0,0,98
D3155,0,0,26
D3156,0,0,30
D3157,0,0,111
D3158,0,0,83
D3159,0,0,71
D3160,0,0,50
D3161,0,0,60
D3162,0,0,16
D3163,0,0,232
D3164,0,0,57
D3165,0,0,54
D3166,0,0,27
D3167,0,0,107
D3168,0,0,18
D3169,0,0,428
D3170,0,0,122
D3171,0,0,140
D3172,0,0,140
D3173,0,0,23
D3174,0,0,71
D3175,0,0,82
D3176,0,0,43
D3177,0,0,114
D3178,0,0,352
D3179,0,0,73
D3180,0,0,18
D3181,0,0,26
D3182,0,0,27
D3183,0,0,164
D3184,0,0,441
D3185,0,0,24
D3186,0,0,4
D3187,0,0,23
D3188,0,0,56
D3189,0,0,541
D3190,0,0,105
D3191,0,0,34
D3192,0,0,928
D3193,0,0,346
D3194,0,0,184
D3195,0,0,972
D3196,0,0,169
D3197,0,0,212
D3198,0,0,126
D3199,0,0,224
D3200,0,0,43
D3201,0,0,12
D3202,0,0,143
D3203,0,0,2114
D3204,56,0,203
D3205,0,0,246
D3206,0,0,26
D3207,0,0,0
D3208,0,0,648
D3209,0,0,819
D3210,20,0,55
D3211,0,0,188
D3212,0,0,383
D3213,0,0,143
D3214,0,0,239
D3215,0,0,765
D3216,0,0,70
D3217,0,0,205
D3218,0,0,1175
D3219,0,0,994
D3220,0,0,130
D3221,0,0,86
D3222,0,0,996
D3223,0,0,1416
D3224,0,0,112
D3225,0,0,1907
D3226,0,0,95
D3227,0,0,77
D3228,0,0,97
D3229,0,0,191
D3230,0,0,123
D3231,0,0,251
D3232,0,0,376
D3233,0,0,85
D3234,0,0,279
D3235,0,0,822
D3236,0,0,2
D3237,0,0,78
D3238,0,0,693
D3239,0,0,732
D3240,0,0,90
D3241,0,0,19
D3242,0,0,56
D3243,0,0,396
D3244,0,0,413
D3245,0,0,0
D3246,0,0,113
D3247,0,0,19
D3248,0,0,0
D3249,0,0,0
D3250,0,0,235
D3251,0,0,12
D3252,0,0,185
D3253,0,0,28
D3254,0,0,187
D3255,0,0,219
D3256,0,0,214
D3257,0,0,13
D3258,0,0,24
D3259,0,0,236
D3260,0,0,7
D3261,0,0,0
D3262,0,0,97
D3263,0,0,35
D3264,0,0,40
D3265,0,0,57
D3266,0,0,39
D3267,0,0,41
D3268,0,0,63
D3269,0,0,102
D3270,0,0,14
D3271,0,0,0
D3272,0,0,247
D3273,0,0,3
D3274,0,0,72
D3275,0,0,131
D3276,0,0,6
D3277,0,0,49
D3278,0,0,55
D3279,0,0,37
D3280,0,0,98
D3281,0,0,36
D3282,0,0,6
D3283,0,0,3
D3284,0,0,180
D3285,0,0,15
D3286,0,0,473
D3287,0,0,128
D3288,0,0,23
D3289,0,0,82
D3290,0,0,30
D3291,0,0,42
D3292,0,0,137
D3293,0,0,0
D3294,0,0,32
D3295,0,0,8
D3296,0,0,54
D3297,0,0,199
D3298,0,0,21
D3299,0,0,22
D3300,0,0,17
D3301,0,0,66
D3302,0,0,69
D3303,0,0,51
D3304,0,0,20
D3305,0,0,11
D3306,0,0,240
D3307,0,0,864
D3308,0,0,9
D3309,0,0,19
D3310,0,0,206
D3311,0,0,152
D3312,0,0,7
D3313,0,0,0
D3314,0,0,14
D3315,0,0,219
D3316,0,0,21
D3317,0,0,27
D3318,0,0,0
D3319,0,0,58
D3320,0,0,38
D3321,0,0,34
D3322,0,0,76
D3323,0,0,24
D3324,0,0,10
D3325,0,0,65
D3326,0,0,3706
D3327,0,0,99
D3328,0,0,84
D3329,0,0,40
D3330,0,0,52
D3331,0,0,258
D3332,0,0,82
D3333,0,0,0
D3334,0,0,0
D3335,0,0,99
D3336,0,0,62
D3337,0,0,121
D3338,0,0,105
D3339,0,0,78
D3340,0,0,79
D3341,0,0,54
D3342,0,0,12
D3343,0,0,112
D3344,0,0,77
D3345,0,0,13
D3346,0,0,0
D3347,0,0,31
D3348,0,0,0
D3349,0,0,0
D3350,0,0,47
D3351,0,0,0
D3352,0,0,24
D3353,0,0,0
D3354,0,0,24
D3355,0,0,16
D3356,0,0,0
D3357,0,0,45
D3358,0,0,18
D3359,0,0,18
D3360,0,0,298
D3361,0,0,89
D3362,0,0,0
D3363,0,0,30
D3364,0,0,0
D3365,0,0,52
D3366,0,0,679
D3367,0,0,38
D3368,0,0,25
D3369,0,0,13
D3370,0,0,217
D3371,0,0,46
D3372,0,0,0
D3373,0,0,8
D3374,0,0,0
D3375,0,0,143
D3376,0,0,40
D3377,0,0,86
D3378,0,0,23
D3379,0,0,4
D3380,0,0,117
D3381,0,0,48
D3382,0,0,29
D3383,0,0,200
D3384,0,0,105
D3385,0,0,155
D3386,0,0,4
D3387,0,0,8
D3388,0,0,35
D3389,0,0,149
D3390,0,0,26
D3391,0,0,11
D3392,0,0,546
D3393,0,0,40
D3394,0,0,203
D3395,0,0,36
D3396,0,0,181
D3397,0,0,0
D3398,0,0,36
D3399,0,0,39
D3400,0,0,39
D3401,0,0,9
D3402,0,0,22
D3403,0,0,60
D3404,0,0,13
D3405,0,0,38
D3406,0,0,0
D3407,0,0,10
D3408,0,0,444
D3409,0,0,213
D3410,0,0,58
D3411,0,0,5
D3412,0,0,288
D3413,0,0,500
D3414,0,0,440
D3415,0,0,478
D3416,0,0,102
D3417,0,0,132
D3418,0,0,171
D3419,0,0,1829
D3420,0,0,340
D3421,0,0,0
D3422,0,0,33
D3423,0,0,175
D3424,0,0,44
D3425,0,0,213
D3426,0,0,17
D3427,0,0,28
D3428,0,0,673
D3429,0,0,78
D3430,0,0,33
D3431,0,0,10
D3432,0,0,38
D3433,0,0,211
D3434,0,0,138
D3435,0,0,125
D3436,0,0,101
D3437,0,0,20
D3438,0,0,36
D3439,0,0,44
D3440,0,0,0
D3441,0,0,0
D3442,0,0,79
D3443,0,0,34
D3444,16,0,12
D3445,0,0,297
D3446,0,0,0
D3447,0,0,9
D3448,0,0,500
D3449,0,0,87
D3450,0,0,0
D3451,0,0,0
D3452,0,0,0
D3453,0,0,234
D3454,0,0,5
D3455,0,0,20
D3456,0,0,90
D3457,0,0,33
D3458,0,0,365
D3459,0,0,45
D3460,0,0,164
D3461,0,0,14
D3462,0,0,455
D3463,0,0,226
D3464,0,0,662
D3465,0,0,507
D3466,0,0,70
D3467,0,0,61
D3468,0,0,953
D3469,0,0,476
D3470,0,0,58
D3471,0,0,20
D3472,0,0,761
D3473,0,0,114
D3474,0,0,234
D3475,0,0,56
D3476,0,0,82
D3477,0,0,82
D3478,0,0,109
D3479,0,0,510
D3480,0,0,47
D3481,0,0,284
D3482,0,0,39
D3483,0,0,0
D3484,0,0,22
D3485,0,0,38
D3486,0,0,76
D3487,0,0,346
D3488,0,0,168
D3489,0,0,6
D3490,0,0,173
D3491,0,0,384
D3492,0,0,9
D3493,0,0,287
D3494,0,0,24
D3495,0,0,179
D3496,0,0,73
D3497,0,0,0
D3498,0,0,92
D3499,0,0,59
D3500,0,0,186
D3501,0,0,478
D3502,0,0,22
D3503,0,0,33
D3504,0,0,6
D3505,0,0,42
D3506,0,0,101
D3507,0,0,157
D3508,0,0,54
D3509,0,0,229
D3510,0,0,48
D3511,0,0,282
D3512,0,0,13
D3513,0,0,21
D3514,0,0,10
D3515,0,0,137
D3516,0,0,313
D3517,0,0,379
D3518,0,0,97
D3519,0,0,100
D3520,0,0,129
D3521,0,0,236
D3522,0,0,20
D3523,0,0,72
D3524,0,0,204
D3525,0,0,114
D3526,0,0,118
D3527,0,0,90
D3528,0,0,73
D3529,0,0,20
D3530,0,0,25
D3531,0,0,139
D3532,0,0,68
D3533,0,0,64
D3534,0,0,12
D3535,0,0,38
D3536,0,0,848
D3537,0,0,155
D3538,0,0,0
D3539,0,0,102
D3540,0,0,186
D3541,0,0,269
D3542,0,0,127
D3543,0,0,73
D3544,0,0,28
D3545,0,0,92
D3546,0,0,35
D3547,0,0,70
D3548,0,0,110
D3549,0,0,39
D3550,0,0,364
D3551,0,0,164
D3552,0,0,89
D3553,0,0,110
D3554,0,0,145
D3555,0,0,6
D3556,0,0,73
D3557,0,0,56
D3558,0,0,22
D3559,0,0,0
D3560,0,0,140
D3561,0,0,25
D3562,0,0,32
D3563,0,0,8
D3564,0,0,10
D3565,0,0,2
D3566,0,0,0
D3567,0,0,15
D3568,0,0,36
D3569,0,0,16
D3570,0,0,36
D3571,0,0,10
D3572,0,0,30
D3573,0,0,50
D3574,0,0,4
D3575,0,0,2
D3576,0,0,57
D3577,0,0,24
D3578,0,0,132
D3579,0,0,2
D3580,0,0,18
D3581,0,0,10
D3582,0,0,145
D3583,0,0,256
D3584,0,0,21
D3585,0,0,14
D3586,0,0,28
D3587,0,0,24
D3588,0,0,60
D3589,0,0,34
D3590,0,0,18
D3591,0,0,34
D3592,0,0,57
D3593,0,0,20
D3594,0,0,3
D3595,0,0,10
D3596,0,0,4
D3597,0,0,0
D3598,0,0,0
D3599,0,0,0
D3600,0,0,43
D3601,0,0,4
D3602,0,0,10
D3603,0,0,51
D3604,0,0,95
D3605,0,0,37
D3606,0,0,32
D3607,0,0,0
D3608,0,0,179
D3609,0,0,130
D3610,0,0,80
D3611,0,0,7
D3612,0,0,10
D3613,0,0,58
D3614,0,0,259
D3615,0,0,120
D3616,0,0,50
D3617,0,0,14
D3618,0,0,75
D3619,0,0,34
D3620,0,0,11
D3621,0,0,64
D3622,0,0,135
D3623,0,0,234
D3624,0,0,69
D3625,0,0,79
D3626,0,0,44
D3627,0,0,52
D3628,0,0,33
D3629,0,0,63
D3630,0,0,42
D3631,0,0,0
D3632,0,0,209
D3633,0,0,414
D3634,0,0,27
D3635,0,0,135
D3636,0,0,0
D3637,0,0,0
D3638,0,0,0
D3639,0,0,22
D3640,0,0,0
D3641,0,0,1
D3642,0,0,36
D3643,0,0,21
D3644,0,0,6
D3645,0,0,38
D3646,0,0,12
D3647,0,0,5
D3648,0,0,45
D3649,0,0,95
D3650,0,0,2
D3651,0,0,18
D3652,0,0,24
D3653,0,0,77
D3654,0,0,0
D3655,0,0,38
D3656,0,0,12
D3657,0,0,18
D3658,0,0,30
D3659,0,0,26
D3660,0,0,34
D3661,0,0,55
D3662,0,0,25
D3663,0,0,18
D3664,0,0,20
D3665,0,0,6
D3666,0,0,18
D3667,0,0,2
D3668,0,0,4
D3669,0,0,13
D3670,0,0,39
D3671,0,0,39
D3672,0,0,19
D3673,0,0,118
D3674,0,0,49
D3675,0,0,99
D3676,0,0,0
D3677,0,0,20
D3678,0,0,202
D3679,0,0,541
D3680,0,0,51
D3681,0,0,224
D3682,0,0,177
D3683,0,0,61
D3684,0,0,9
D3685,0,0,1
D3686,0,0,147
D3687,0,0,265
D3688,0,0,255
D3689,0,0,62
D3690,0,0,1075
D3691,0,0,170
D3692,0,0,12
D3693,0,0,7
D3694,0,0,159
D3695,0,0,0
D3696,0,0,0
D3697,0,0,59
D3698,0,0,137
D3699,0,0,51
D3700,0,0,224
D3701,8,0,85
D3702,0,0,133
D3703,0,0,10
D3704,0,0,39
D3705,0,0,7
D3706,0,0,1843
D3707,0,0,236
D3708,0,0,128
D3709,0,0,109
D3710,0,0,133
D3711,0,0,77
D3712,0,0,216
D3713,0,0,98
D3714,0,0,185
D3715,0,0,85
D3716,0,0,966
D3717,0,0,521
D3718,0,0,133
D3719,0,0,15
D3720,0,0,368
D3721,0,0,766
D3722,0,0,0
D3723,0,0,8
D3724,0,0,26
D3725,0,0,38
D3726,0,0,21
D3727,0,0,19
D3728,0,0,160
D3729,0,0,221
D3730,0,0,76
D3731,0,0,60
D3732,0,0,15
D3733,0,0,7
D3734,0,0,11
D3735,0,0,17
D3736,0,0,1092
D3737,0,0,174
D3738,0,0,29
D3739,0,0,35
D3740,0,0,57
D3741,0,0,24
D3742,0,0,4
D3743,0,0,46
D3744,0,0,10
D3745,0,0,39
D3746,0,0,0
D3747,0,0,53
D3748,0,0,0
D3749,0,0,16
D3750,0,0,2
D3751,0,0,26
D3752,0,0,45
D3753,0,0,30
D3754,0,0,32
D3755,0,0,13
D3756,0,0,10
D3757,0,0,109
D3758,0,0,17
D3759,0,0,39
D3760,0,0,39
D3761,0,0,269
D3762,0,0,14
D3763,0,0,9
D3764,0,0,14
D3765,0,0,11
D3766,0,0,143
D3767,0,0,52
D3768,0,0,136
D3769,0,0,29
D3770,0,0,220
D3771,0,0,74
D3772,0,0,64
D3773,0,0,49
D3774,0,0,0
D3775,0,0,0
D3776,0,0,155
D3777,0,0,181
D3778,0,0,44
D3779,0,0,9
D3780,0,0,8
D3781,0,0,147
D3782,0,0,61
D3783,0,0,89
D3784,0,0,163
D3785,0,0,18
D3786,0,0,26
D3787,0,0,92
D3788,0,0,64
D3789,0,0,25
D3790,0,0,148
D3791,0,0,9
D3792,0,0,39
D3793,0,0,87
D3794,0,0,83
D3795,0,0,87
D3796,0,0,0
D3797,0,0,64
D3798,0,0,144
D3799,0,0,629
D3800,0,0,21
D3801,0,0,141
D3802,0,0,194
D3803,0,0,0
D3804,0,0,273
D3805,0,0,436
D3806,0,0,36
D3807,0,0,18
D3808,0,0,245
D3809,0,0,279
D3810,0,0,20
D3811,0,0,50
D3812,0,0,6
D3813,0,0,7
D3814,0,0,6
D3815,0,0,13
D3816,0,0,12
D3817,0,0,6
D3818,0,0,0
D3819,0,0,23
D3820,0,0,1
D3821,0,0,15
D3822,0,0,16
D3823,0,0,31
D3824,0,0,47
D3825,0,0,33
D3826,0,0,0
D3827,0,0,7
D3828,0,0,7
D3829,0,0,64
D3830,0,0,0
D3831,0,0,4
D3832,0,0,0
D3833,0,0,63
D3834,0,0,74
D3835,0,0,20
D3836,0,0,44
D3837,0,0,38
D3838,0,0,0
D3839,0,0,1
D3840,0,0,11
D3841,0,0,12
D3842,0,0,372
D3843,0,0,2
D3844,0,0,243
D3845,0,0,53
D3846,0,0,0
D3847,0,0,9
D3848,0,0,88
D3849,0,0,326
D3850,0,0,45
D3851,0,0,29
D3852,0,0,685
D3853,0,0,180
D3854,0,0,32
D3855,0,0,15
D3856,0,0,233
D3857,0,0,59
D3858,0,0,133
D3859,0,0,99
D3860,0,0,12
D3861,0,0,25
D3862,0,0,111
D3863,0,0,66
D3864,0,0,104
D3865,0,0,40
D3866,0,0,0
D3867,0,0,0
D3868,0,0,57
D3869,0,0,46
D3870,0,0,4
D3871,0,0,6
D3872,0,0,50
D3873,0,0,43
D3874,0,0,20
D3875,0,0,19
D3876,0,0,28
D3877,0,0,6
D3878,0,0,139
D3879,0,0,20
D3880,0,0,24
D3881,0,0,101
D3882,0,0,7
D3883,0,0,0
D3884,0,0,2
D3885,0,0,21
D3886,0,0,39
D3887,0,0,105
D3888,0,0,39
D3889,0,0,74
D3890,0,0,339
D3891,0,0,725
D3892,0,0,27
D3893,0,0,36
D3894,0,0,247
D3895,0,0,18
D3896,0,0,127
D3897,0,0,214
D3898,0,0,96
D3899,0,0,51
D3900,0,0,159
D3901,0,0,2097
D3902,0,0,36
D3903,0,0,39
D3904,0,0,94
D3905,0,0,42
D3906,0,0,90
D3907,0,0,188
D3908,0,0,13
D3909,0,0,91
D3910,0,0,47
D3911,0,0,120
D3912,0,0,193
D3913,0,0,229
D3914,0,0,77
D3915,0,0,75
D3916,0,0,307
D3917,0,0,273
D3918,0,0,0
D3919,0,0,0
D3920,0,0,653
D3921,0,0,395
D3922,0,0,8
D3923,0,0,0
D3924,0,0,24
D3925,0,0,11
D3926,0,0,67
D3927,0,0,109
D3928,0,0,45
D3929,0,0,99
D3930,0,0,143
D3931,0,0,80
D3932,0,0,0
D3933,0,0,0
D3934,0,0,30
D3935,0,0,42
D3936,0,0,37
D3937,0,0,153
D3938,0,0,40
D3939,0,0,0
D3940,0,0,112
D3941,0,0,22
D3942,0,0,23
D3943,0,0,30
D3944,0,0,10
D3945,0,0,35
D3946,0,0,328
D3947,0,0,434
D3948,0,0,117
D3949,0,0,72
D3950,0,0,277
D3951,0,0,30
D3952,0,0,55
D3953,0,0,20
D3954,0,0,39
D3955,0,0,50
D3956,0,0,783
D3957,0,0,40
D3958,0,0,50
D3959,0,0,43
D3960,0,0,328
D3961,0,0,4
D3962,0,0,81
D3963,0,0,17
D3964,0,0,55
D3965,0,0,38
D3966,0,0,0
D3967,0,0,87
D3968,0,0,7
D3969,0,0,26
D3970,0,0,19
D3971,0,0,5
D3972,0,0,60
D3973,0,0,60
D3974,0,0,3
D3975,0,0,4
D3976,0,0,903
D3977,0,0,258
D3978,0,0,117
D3979,0,0,31
D3980,0,0,21
D3981,0,0,21
D3982,0,0,512
D3983,0,0,1576
D3984,0,0,89
D3985,0,0,89
D3986,0,0,70
D3987,0,0,327
D3988,0,0,23
D3989,0,0,232
D3990,0,0,0
D3991,0,0,269
D3992,0,0,55
D3993,0,0,411
D3994,0,0,225
D3995,0,0,511
D3996,0,0,4
D3997,0,0,21
D3998,0,0,196
D3999,0,0,89
D4000,0,0,691
D4001,0,0,123
D4002,0,0,162
D4003,0,0,33
D4004,0,0,52
D4005,0,0,12
D4006,0,0,423
D4007,0,0,645
D4008,0,0,29
D4009,0,0,76
D4010,0,0,709
D4011,0,0,255
D4012,0,0,0
D4013,0,0,3
D4014,0,0,201
D4015,0,0,53
D4016,0,0,90
D4017,0,0,140
D4018,0,0,128
D4019,0,0,39
D4020,0,0,91
D4021,0,0,297
D4022,0,0,31
D4023,0,0,24
D4024,0,0,70
D4025,0,0,11
D4026,0,0,148
D4027,0,0,138
D4028,0,0,0
D4029,0,0,38
D4030,0,0,1459
D4031,0,0,557
D4032,0,0,44
D4033,0,0,86
D4034,0,0,85
D4035,0,0,39
D4036,0,0,740
D4037,0,0,1
D4038,0,0,56
D4039,0,0,18
D4040,0,0,150
D4041,0,0,314
D4042,0,0,3
D4043,0,0,28
D4044,0,0,36
D4045,0,0,80
D4046,0,0,509
D4047,0,0,929
D4048,0,0,19
D4049,0,0,233
D4050,0,0,212
D4051,0,0,2543
D4052,0,0,47
D4053,0,0,15
D4054,0,0,0
D4055,0,0,7
D4056,0,0,10
D4057,0,0,0
D4058,0,0,9
D4059,0,0,6
D4060,0,0,0
D4061,0,0,23
D4062,0,0,13
D4063,0,0,28
D4064,0,0,4
D4065,0,0,0
D4066,0,0,11
D4067,0,0,0
D4068,0,0,6
D4069,0,0,0
D4070,0,0,29
D4071,0,0,63
D4072,0,0,2
D4073,0,0,5
D4074,0,0,0
D4075,0,0,11
D4076,0,0,12
D4077,0,0,91
D4078,0,0,19
D4079,0,0,21
D4080,0,0,22
D4081,0,0,26
D4082,0,0,66
D4083,0,0,141
D4084,0,0,20
D4085,0,0,126
D4086,0,0,0
D4087,0,0,35
D4088,0,0,244
D4089,0,0,291
D4090,0,0,0
D4091,0,0,12
D4092,0,0,32
D4093,0,0,162
D4094,0,0,29
D4095,0,0,3
D4096,0,0,0
D4097,0,0,19
D4098,0,0,88
D4099,0,0,35
D4100,0,0,19
D4101,0,0,0
D4102,0,0,546
D4103,0,0,0
D4104,0,0,0
D4105,0,0,0
D4106,0,0,0
D4107,0,0,69
D4108,0,0,49
D4109,0,0,66
D4110,0,0,30
D4111,0,0,0
D4112,0,0,45
D4113,0,0,72
D4114,0,0,66
D4115,0,0,113
D4116,0,0,0
D4117,0,0,29
D4118,0,0,140
D4119,0,0,142
D4120,0,0,0
D4121,0,0,7
D4122,0,0,0
D4123,0,0,110
D4124,0,0,36
D4125,0,0,17
D4126,0,0,7
D4127,0,0,0
D4128,0,0,141
D4129,0,0,4
D4130,0,0,40
D4131,0,0,51
D4132,0,0,0
D4133,0,0,230
D4134,0,0,265
D4135,0,0,0
D4136,0,0,5
D4137,0,0,22
D4138,0,0,623
D4139,0,0,49
D4140,0,0,0
D4141,0,0,24
D4142,0,0,59
D4143,0,0,85
D4144,0,0,0
D4145,0,0,15
D4146,0,0,23
D4147,0,0,8
D4148,0,0,38
D4149,0,0,179
D4150,0,0,0
D4151,0,0,55
D4152,0,0,20
D4153,0,0,56
D4154,0,0,24
D4155,0,0,67
D4156,0,0,8
D4157,0,0,0
D4158,0,0,0
D4159,0,0,18
D4160,0,0,9
D4161,0,0,30
D4162,0,0,172
D4163,0,0,90
D4164,0,0,82
D4165,0,0,83
D4166,0,0,60
D4167,0,0,108
D4168,0,0,83
D4169,0,0,0
D4170,0,0,9
D4171,0,0,0
D4172,0,0,0
D4173,0,0,0
D4174,0,0,0
D4175,0,0,19
D4176,0,0,18
D4177,0,0,9
D4178,0,0,28
D4179,0,0,153
D4180,0,0,0
D4181,0,0,20
D4182,0,0,76
D4183,0,0,10
D4184,0,0,9
D4185,0,0,26
D4186,0,0,23
D4187,0,0,17
D4188,0,0,37
D4189,0,0,11
D4190,0,0,36
D4191,0,0,30
D4192,0,0,41
D4193,0,0,25
D4194,0,0,12
D4195,0,0,18
D4196,0,0,45
D4197,0,0,15
D4198,0,0,0
D4199,0,0,7
D4200,0,0,119
D4201,0,0,424
D4202,0,0,11
D4203,0,0,291
D4204,0,0,0
D4205,0,0,8
D4206,0,0,148
D4207,0,0,109
D4208,0,0,159
D4209,0,0,6
D4210,0,0,116
D4211,0,0,235
D4212,0,0,0
D4213,0,0,360
D4214,0,0,0
D4215,0,0,102
D4216,0,0,70
D4217,0,0,359
D4218,0,0,10
D4219,0,0,19
D4220,0,0,165
D4221,0,0,802
D4222,0,0,7
D4223,0,0,46
D4224,0,0,12
D4225,0,0,0
D4226,0,0,638
D4227,0,0,436
D4228,0,0,0
D4229,0,0,60
D4230,0,0,325
D4231,0,0,643
D4232,0,0,49
D4233,0,0,27
D4234,0,0,2
D4235,0,0,0
D4236,0,0,1
D4237,0,0,309
D4238,0,0,30
D4239,0,0,47
D4240,0,0,214
D4241,0,0,0
D4242,0,0,0
D4243,0,0,64
D4244,0,0,18
D4245,0,0,39
D4246,0,0,281
D4247,0,0,119
D4248,0,0,0
D4249,0,0,0
D4250,0,0,105
D4251,0,0,0
D4252,0,0,8
D4253,0,0,11
D4254,0,0,31
D4255,0,0,12
D4256,0,0,0
D4257,0,0,53
D4258,0,0,0
D4259,0,0,16
D4260,0,0,66
D4261,0,0,0
D4262,0,0,7
D4263,0,0,85
D4264,0,0,13
D4265,0,0,2
D4266,0,0,119
D4267,0,0,75
D4268,0,0,0
D4269,0,0,1
D4270,0,0,568
D4271,0,0,281
D4272,0,0,5
D4273,0,0,20
D4274,0,0,53
D4275,0,0,0
D4276,0,0,277
D4277,0,0,0
D4278,0,0,89
D4279,0,0,37
D4280,0,0,17
D4281,0,0,22
D4282,0,0,72
D4283,0,0,140
D4284,0,0,75
D4285,0,0,232
D4286,0,0,23
D4287,0,0,2
D4288,0,0,369
D4289,0,0,2
D4290,0,0,7
D4291,0,0,28
D4292,0,0,38
D4293,0,0,776
D4294,0,0,30
D4295,0,0,4
D4296,0,0,111
D4297,0,0,9
D4298,0,0,0
D4299,0,0,88
D4300,0,0,4
D4301,0,0,4
D4302,0,0,9
D4303,0,0,54
D4304,0,0,24
D4305,0,0,137
D4306,0,0,62
D4307,0,0,56
D4308,0,0,46
D4309,0,0,195
D4310,0,0,69
D4311,0,0,218
D4312,0,0,100
D4313,0,0,61
D4314,0,0,60
D4315,0,0,297
D4316,0,0,44
D4317,0,0,86
D4318,0,0,412
D4319,0,0,992
D4320,0,0,40
D4321,0,0,174
D4322,0,0,534
D4323,0,0,120
D4324,0,0,126
D4325,0,0,47
D4326,0,0,50
D4327,0,0,24
D4328,0,0,139
D4329,0,0,89
D4330,0,0,80
D4331,0,0,57
D4332,0,0,128
D4333,0,0,386
D4334,0,0,477
D4335,0,0,381
D4336,0,0,14
D4337,0,0,6
D4338,0,0,0
D4339,0,0,361
D4340,0,0,4
D4341,0,0,17
D4342,0,0,676
D4343,0,0,267
D4344,0,0,109
D4345,0,0,185
D4346,0,0,87
D4347,0,0,20
D4348,0,0,126
D4349,0,0,28
D4350,0,0,98
D4351,0,0,53
D4352,0,0,215
D4353,0,0,318
D4354,0,0,163
D4355,0,0,86
D4356,0,0,9
D4357,0,0,30
D4358,0,0,410
D4359,0,0,162
D4360,0,0,66
D4361,0,0,38
D4362,0,0,461
D4363,0,0,232
D4364,0,0,237
D4365,0,0,19
D4366,0,0,92
D4367,0,0,10
D4368,0,0,370
D4369,0,0,71
D4370,0,0,18
D4371,0,0,56
D4372,0,0,224
D4373,0,0,82
D4374,0,0,62
D4375,0,0,80
D4376,0,0,73
D4377,0,0,83
D4378,0,0,390
D4379,0,0,0
D4380,0,0,148
D4381,0,0,195
D4382,0,0,10
D4383,0,0,21
D4384,0,0,90
D4385,0,0,45
D4386,0,0,71
D4387,0,0,125
D4388,0,0,133
D4389,0,0,139
D4390,0,0,63
D4391,0,0,8
D4392,0,0,73
D4393,0,0,26
D4394,0,0,24
D4395,0,0,38
D4396,0,0,299
D4397,0,0,610
D4398,0,0,14
D4399,0,0,14
D4400,0,0,223
D4401,0,0,364
D4402,0,0,24
D4403,0,0,57
D4404,0,0,37
D4405,0,0,0
D4406,0,0,0
D4407,0,0,83
D4408,0,0,4
D4409,0,0,12
D4410,0,0,21
D4411,0,0,7
D4412,0,0,0
D4413,0,0,77
D4414,0,0,0
D4415,0,0,0
D4416,0,0,1
D4417,0,0,15
D4418,0,0,20
D4419,0,0,0
D4420,0,0,7
D4421,0,0,0
D4422,0,0,7
D4423,0,0,4
D4424,0,0,0
D4425,0,0,23
D4426,0,0,0
D4427,0,0,0
D4428,0,0,41
D4429,0,0,25
D4430,0,0,44
D4431,0,0,9
D4432,0,0,12
D4433,0,0,0
D4434,0,0,0
D4435,0,0,0
D4436,0,0,0
D4437,0,0,67
D4438,0,0,38
D4439,0,0,26
D4440,0,0,40
D4441,0,0,0
D4442,0,0,0
D4443,0,0,0
D4444,0,0,18
D4445,0,0,68
D4446,0,0,0
D4447,0,0,0
D4448,0,0,15
D4449,0,0,15
D4450,0,0,34
D4451,0,0,0
D4452,0,0,0
D4453,0,0,0
D4454,0,0,0
D4455,0,0,0
D4456,0,0,98
D4457,0,0,0
D4458,0,0,3
D4459,0,0,19
D4460,0,0,30
D4461,0,0,29
D4462,0,0,5
D4463,0,0,0
D4464,0,0,0
D4465,0,0,11
D4466,0,0,39
D4467,0,0,11
D4468,0,0,13
D4469,0,0,13
D4470,0,0,20
D4471,0,0,52
D4472,0,0,0
D4473,0,0,19
D4474,0,0,46
D4475,0,0,0
D4476,0,0,27
D4477,0,0,183
D4478,0,0,0
D4479,0,0,3
D4480,0,0,3
D4481,0,0,5
D4482,0,0,101
D4483,0,0,88
D4484,0,0,54
D4485,0,0,47
D4486,0,0,42
D4487,0,0,44
D4488,0,0,43
D4489,0,0,21
D4490,0,0,42
D4491,0,0,0
D4492,0,0,137
D4493,0,0,50
D4494,0,0,82
D4495,0,0,66
D4496,0,0,14
D4497,0,0,44
D4498,0,0,21
D4499,0,0,62
D4500,0,0,0
D4501,0,0,4
D4502,0,0,23
D4503,0,0,0
D4504,0,0,0
D4505,0,0,0
D4506,0,0,0
D4507,0,0,0
D4508,0,0,15
D4509,0,0,31
D4510,0,0,0
D4511,0,0,47
D4512,0,0,35
D4513,0,0,21
D4514,0,0,9
D4515,0,0,51
D4516,0,0,104
D4517,0,0,7
D4518,0,0,0
D4519,0,0,6
D4520,0,0,9
D4521,0,0,7
D4522,0,0,3
D4523,0,0,11
D4524,0,0,9
D4525,0,0,2
D4526,0,0,44
D4527,0,0,12
D4528,0,0,3
D4529,0,0,55
D4530,0,0,7
D4531,0,0,39
D4532,0,0,0
D4533,0,0,304
D4534,0,0,49
D4535,0,0,135
D4536,0,0,8
D4537,0,0,88
D4538,0,0,13
D4539,0,0,24
D4540,0,0,14
D4541,0,0,37
D4542,0,0,621
D4543,0,0,144
D4544,0,0,627
D4545,0,0,115
D4546,0,0,17
D4547,0,0,40
D4548,0,0,163
D4549,0,0,339
D4550,0,0,0
D4551,0,0,22
D4552,0,0,701
D4553,0,0,0
D4554,0,0,325
D4555,0,0,0
D4556,0,0,6
D4557,0,0,46
D4558,0,0,26
D4559,0,0,61
D4560,0,0,160
D4561,0,0,51
D4562,0,0,102
D4563,0,0,130
D4564,0,0,1264
D4565,0,0,335
D4566,0,0,0
D4567,0,0,52
D4568,0,0,154
D4569,0,0,202
D4570,0,0,0
D4571,0,0,41
D4572,0,0,231
D4573,0,0,268
D4574,4,0,133
D4575,0,0,0
D4576,0,0,2
D4577,0,0,8
D4578,0,0,5
D4579,0,0,2
D4580,0,0,32
D4581,0,0,15
D4582,0,0,69
D4583,0,0,103
D4584,0,0,2
D4585,0,0,31
D4586,0,0,177
D4587,0,0,273
D4588,0,0,33
D4589,0,0,1
D4590,0,0,18
D4591,0,0,0
D4592,0,0,2
D4593,0,0,2
D4594,0,0,32
D4595,0,0,11
D4596,0,0,3
D4597,0,0,117
D4598,0,0,0
D4599,0,0,194
D4600,0,0,117
D4601,0,0,0
D4602,0,0,0
D4603,0,0,6
D4604,0,0,40
D4605,0,0,0
D4606,0,0,216
D4607,0,0,0
D4608,0,0,34
D4609,0,0,66
D4610,0,0,16
D4611,0,0,60
D4612,0,0,0
D4613,0,0,0
D4614,0,0,0
D4615,0,0,28
D4616,0,0,336
D4617,0,0,212
D4618,0,0,0
D4619,0,0,27
D4620,0,0,37
D4621,0,0,38
D4622,0,0,22
D4623,0,0,32
D4624,0,0,62
D4625,0,0,0
D4626,0,0,62
D4627,0,0,0
D4628,0,0,10
D4629,0,0,33
D4630,0,0,0
D4631,0,0,38
D4632,0,0,75
D4633,0,0,6
D4634,0,0,0
D4635,0,0,21
D4636,0,0,127
D4637,0,0,49
D4638,0,0,27
D4639,0,0,30
D4640,0,0,144
D4641,0,0,432
D4642,0,0,22
D4643,0,0,62
D4644,0,0,10
D4645,0,0,37
D4646,0,0,40
D4647,0,0,118
D4648,0,0,26
D4649,0,0,28
D4650,0,0,0
D4651,0,0,2
D4652,0,0,21
D4653,0,0,10
D4654,0,0,9
D4655,0,0,63
D4656,0,0,180
D4657,0,0,149
D4658,0,0,27
D4659,0,0,26
D4660,0,0,132
D4661,0,0,153
D4662,0,0,30
D4663,0,0,0
D4664,0,0,2
D4665,0,0,5
D4666,0,0,28
D4667,0,0,0
D4668,0,0,12
D4669,0,0,0
D4670,0,0,9
D4671,0,0,45
D4672,0,0,0
D4673,0,0,0
D4674,0,0,0
D4675,0,0,14
D4676,0,0,3
D4677,0,0,7
D4678,0,0,0
D4679,0,0,0
D4680,0,0,0
D4681,0,0,12
D4682,0,0,17
D4683,0,0,6
D4684,0,0,25
D4685,0,0,21
D4686,0,0,11
D4687,0,0,21
D4688,0,0,0
D4689,0,0,0
D4690,0,0,14
D4691,0,0,8
D4692,0,0,230
D4693,0,0,0
D4694,0,0,27
D4695,0,0,196
D4696,0,0,16
D4697,0,0,43
D4698,0,0,812
D4699,0,0,47
D4700,0,0,2
D4701,0,0,0
D4702,0,0,8
D4703,0,0,83
D4704,0,0,890
D4705,0,0,0
D4706,0,0,0
D4707,0,0,0
D4708,0,0,0
D4709,0,0,0
D4710,0,0,18
D4711,0,0,0
D4712,0,0,96
D4713,0,0,95
D4714,0,0,8
D4715,0,0,19
D4716,0,0,16
D4717,0,0,21
D4718,0,0,6
D4719,0,0,0
D4720,0,0,7
D4721,0,0,2
D4722,0,0,41
D4723,0,0,0
D4724,0,0,855
D4725,0,0,13
D4726,0,0,0
D4727,0,0,15
D4728,0,0,15
D4729,0,0,9
D4730,0,0,0
D4731,0,0,2
D4732,0,0,21
D4733,0,0,0
D4734,0,0,12
D4735,0,0,10
D4736,0,0,135
D4737,0,0,24
D4738,0,0,194
D4739,0,0,278
D4740,0,0,37
D4741,0,0,8
D4742,0,0,0
D4743,0,0,279
D4744,0,0,91
D4745,0,0,125
D4746,0,0,39
D4747,0,0,16
D4748,0,0,281
D4749,0,0,178
D4750,0,0,68
D4751,0,0,6
D4752,0,0,96
D4753,0,0,0
D4754,0,0,0
D4755,0,0,101
D4756,0,0,18
D4757,0,0,19
D4758,0,0,38
D4759,0,0,137
D4760,0,0,57
D4761,0,0,26
D4762,0,0,2
D4763,0,0,22
D4764,0,0,162
D4765,0,0,334
D4766,0,0,22
D4767,0,0,32
D4768,0,0,307
D4769,0,0,160
D4770,0,0,48
D4771,0,0,35
D4772,0,0,160
D4773,0,0,265
D4774,0,0,15
D4775,0,0,40
D4776,0,0,47
D4777,0,0,47
D4778,0,0,138
D4779,0,0,249
D4780,0,0,0
D4781,0,0,0
D4782,0,0,0
D4783,0,0,0
D4784,0,0,0
D4785,0,0,6
D4786,0,0,33
D4787,0,0,0
D4788,0,0,0
D4789,0,0,0
D4790,0,0,50
D4791,0,0,0
D4792,0,0,0
D4793,0,0,0
D4794,0,0,0
D4795,0,0,10
D4796,0,0,0
D4797,0,0,0
D4798,0,0,35
D4799,0,0,0
D4800,0,0,8
D4801,0,0,37
D4802,0,0,0
D4803,0,0,31
D4804,0,0,41
D4805,0,0,23
D4806,0,0,45
D4807,0,0,57
D4808,0,0,50
D4809,0,0,52
D4810,0,0,15
D4811,0,0,0
D4812,0,0,0
D4813,0,0,10
D4814,0,0,0
D4815,0,0,0
D4816,0,0,7
D4817,0,0,0
D4818,0,0,0
D4819,0,0,0
D4820,0,0,117
D4821,0,0,39
D4822,0,0,12
D4823,0,0,16
D4824,0,0,0
D4825,0,0,116
D4826,0,0,77
D4827,0,0,175
D4828,0,0,28
D4829,0,0,42
D4830,0,0,270
D4831,0,0,56
D4832,0,0,5
D4833,0,0,0
D4834,0,0,12
D4835,0,0,119
D4836,0,0,26
D4837,0,0,0
D4838,0,0,1
D4839,0,0,0
D4840,0,0,43
D4841,0,0,20
D4842,0,0,0
D4843,0,0,0
D4844,0,0,66
D4845,0,0,3
D4846,0,0,0
D4847,0,0,52
D4848,0,0,0
D4849,0,0,41
D4850,0,0,58
D4851,0,0,16
D4852,0,0,57
D4853,0,0,76
D4854,0,0,1
D4855,0,0,5
D4856,0,0,180
D4857,0,0,0
D4858,0,0,2
D4859,0,0,44
D4860,0,0,0
D4861,0,0,56
D4862,0,0,5
D4863,0,0,3
D4864,0,0,49
D4865,0,0,3
D4866,0,0,0
D4867,0,0,28
D4868,0,0,14
D4869,0,0,10
D4870,0,0,142
D4871,0,0,30
D4872,0,0,78
D4873,0,0,39
D4874,0,0,0
D4875,0,0,47
D4876,0,0,143
D4877,0,0,111
D4878,0,0,19
D4879,0,0,13
D4880,0,0,16
D4881,0,0,35
D4882,0,0,55
D4883,0,0,106
D4884,0,0,171
D4885,0,0,127
D4886,0,0,0
D4887,0,0,0
D4888,0,0,0
D4889,0,0,18
D4890,0,0,0
D4891,0,0,0
D4892,0,0,13
D4893,0,0,7
D4894,0,0,8
D4895,0,0,6
D4896,0,0,0
D4897,0,0,0
D4898,0,0,23
D4899,0,0,0
D4900,0,0,16
D4901,0,0,29
D4902,0,0,30
D4903,0,0,27
D4904,0,0,35
D4905,0,0,184
D4906,0,0,0
D4907,0,0,4
D4908,0,0,60
D4909,0,0,125
D4910,0,0,6
D4911,0,0,6
D4912,0,0,1
D4913,0,0,0
D4914,0,0,0
D4915,0,0,0
D4916,0,0,0
D4917,0,0,0
D4918,0,0,0
D4919,0,0,0
D4920,0,0,0
D4921,0,0,22
D4922,0,0,0
D4923,0,0,58
D4924,0,0,177
D4925,0,0,0
D4926,0,0,29
D4927,0,0,83
D4928,0,0,0
D4929,0,0,37
D4930,0,0,0
D4931,0,0,4
D4932,0,0,17
D4933,0,0,183
D4934,0,0,13
D4935,0,0,11
D4936,0,0,11
D4937,0,0,61
D4938,0,0,43
D4939,0,0,5
D4940,0,0,0
D4941,0,0,6
D4942,0,0,4
D4943,0,0,16
D4944,0,0,41
D4945,0,0,12
D4946,0,0,2
D4947,0,0,0
D4948,0,0,0
D4949,0,0,24
D4950,0,0,2
D4951,0,0,18
D4952,0,0,98
D4953,0,0,11
D4954,0,0,0
D4955,0,0,96
D4956,0,0,47
D4957,0,0,12
D4958,0,0,147
D4959,0,0,30
D4960,0,0,33
D4961,0,0,30
D4962,0,0,74
D4963,0,0,42
D4964,0,0,0
D4965,0,0,0
D4966,0,0,0
D4967,0,0,0
D4968,0,0,0
D4969,0,0,0
D4970,0,0,0
D4971,0,0,0
D4972,0,0,10
D4973,0,0,28
D4974,0,0,0
D4975,0,0,0
D4976,0,0,11
D4977,0,0,16
D4978,0,0,2
D4979,0,0,0
D4980,0,0,0
D4981,0,0,0
D4982,0,0,9
D4983,0,0,15
D4984,0,0,0
D4985,0,0,4
D4986,0,0,6
D4987,0,0,55
D4988,0,0,0
D4989,0,0,38
D4990,0,0,51
D4991,0,0,0
D4992,0,0,1
D4993,0,0,0
D4994,0,0,3
D4995,0,0,0
D4996,0,0,6
D4997,0,0,13
D4998,0,0,0
D4999,0,0,0
D5000,0,0,6
D5001,0,0,2
D5002,0,0,12
D5003,0,0,340
D5004,0,0,130
D5005,0,0,0
D5006,0,0,2
D5007,0,0,0
D5008,0,0,2
D5009,0,0,2
D5010,0,0,0
D5011,0,0,0
D5012,0,0,2
D5013,0,0,11
D5014,0,0,0
D5015,0,0,3
D5016,0,0,2
D5017,0,0,6
D5018,0,0,0
D5019,0,0,0
D5020,0,0,0
D5021,0,0,0
D5022,0,0,0
D5023,0,0,11
D5024,0,0,18
D5025,0,0,2
D5026,0,0,0
D5027,0,0,0
D5028,0,0,6
D5029,0,0,16
D5030,0,0,34
D5031,0,0,16
D5032,0,0,30
D5033,0,0,46
D5034,0,0,2
D5035,0,0,5
D5036,0,0,3
D5037,0,0,0
D5038,0,0,10
D5039,0,0,0
D5040,0,0,0
D5041,0,0,0
D5042,0,0,6
D5043,0,0,6
D5044,0,0,0
D5045,0,0,0
D5046,0,0,0
D5047,0,0,5
D5048,0,0,2
D5049,0,0,0
D5050,0,0,0
D5051,0,0,7
D5052,0,0,0
D5053,0,0,0
D5054,0,0,7
D5055,0,0,3
D5056,0,0,0
D5057,0,0,4
D5058,0,0,0
D5059,0,0,0
D5060,0,0,0
D5061,0,0,5
D5062,0,0,5
D5063,0,0,0
D5064,0,0,0
D5065,0,0,0
D5066,0,0,120
D5067,0,8,0
D5068,0,0,60
D5069,0,0,29
D5070,0,0,30
D5071,0,0,61
D5072,0,0,25
D5073,0,0,28
D5074,0,0,72
D5075,0,0,15
D5076,0,0,75
D5077,0,0,120
D5078,0,0,58
D5079,0,0,3
D5080,0,0,45
D5081,0,0,54
D5082,0,0,9
D5083,0,0,47
D5084,0,0,21
D5085,0,0,22
D5086,0,0,84
D5087,0,0,99
D5088,0,5,0
D5089,0,10,0
D5090,0,0,932
D5091,0,9,0
D5092,0,0,912
D5093,0,0,5949
D5094,0,0,46
D5095,0,0,53
D5096,0,0,135
D5097,0,0,296
D5098,0,0,26
D5099,0,0,50
D5100,0,0,46
D5101,0,0,30
D5102,0,0,44
D5103,0,0,367
D5104,0,0,307
D5105,0,0,167
D5106,0,0,931
D5107,0,0,142
D5108,0,0,159
D5109,0,0,299
D5110,0,0,53
D5111,0,0,144
D5112,0,0,147
D5113,0,0,452
D5114,0,0,318
D5115,0,0,395
D5116,0,0,119
D5117,0,0,230
D5118,0,0,233
D5119,0,0,68
D5120,0,0,15
D5121,0,0,24
D5122,0,0,12
D5123,0,0,34
D5124,0,0,88
D5125,0,0,29
D5126,0,0,26
D5127,0,0,902
D5128,0,0,39
D5129,0,0,127
D5130,0,0,40
D5131,0,0,858
D5132,0,0,69
D5133,0,0,140
D5134,0,0,35
D5135,0,0,16
D5136,0,0,34
D5137,0,0,42
D5138,0,0,93
D5139,0,0,166
D5140,0,0,33
D5141,0,0,8
D5142,0,0,49
D5143,0,0,177
D5144,0,0,9
D5145,0,0,34
D5146,0,0,23
D5147,0,0,30
D5148,0,0,43
D5149,0,0,39
D5150,0,0,6
D5151,0,0,16
D5152,0,0,222
D5153,0,0,267
D5154,0,1,0
D5155,0,0,51
D5156,0,1,0
D5157,0,0,15
D5158,0,0,630
D5159,0,0,592
D5160,0,0,113
D5161,0,0,114
D5162,0,0,119
D5163,0,1,0
D5164,0,0,652
D5165,0,0,979
D5166,0,0,625
D5167,0,0,869
D5168,0,0,248
D5169,0,0,463
D5170,0,0,27
D5171,0,0,787
D5172,0,0,2030
D5173,0,0,535
D5174,0,0,255
D5175,0,0,904
D5176,0,0,32
D5177,0,0,71
D5178,0,0,796
D5179,0,0,453
D5180,0,0,565
D5181,0,0,1507
D5182,0,0,84
D5183,0,0,10
D5184,0,0,80
D5185,0,0,9
D5186,0,0,72
D5187,0,0,196
D5188,0,0,9
D5189,0,0,113
D5190,0,0,50
D5191,0,0,34
D5192,0,0,72
D5193,0,0,57
D5194,0,0,61
D5195,0,0,81
D5196,0,0,247
D5197,0,0,397
D5198,0,0,38
D5199,0,0,67
D5200,0,0,382
D5201,0,0,266
D5202,0,0,15
D5203,0,0,100
D5204,0,0,43
D5205,0,0,39
D5206,0,0,128
D5207,0,0,112
D5208,0,0,1
D5209,0,0,44
D5210,0,0,173
D5211,0,0,4
D5212,0,0,145
D5213,0,0,48
D5214,0,0,266
D5215,0,0,142
D5216,0,0,198
D5217,0,0,116
D5218,0,0,6
D5219,0,0,11
D5220,0,0,34
D5221,0,0,6
D5222,0,0,9
D5223,0,0,28
D5224,0,0,29
D5225,0,0,41
D5226,0,0,16
D5227,0,0,15
D5228,0,0,59
D5229,0,0,18
D5230,0,0,21
D5231,0,0,9
D5232,0,0,22
D5233,0,0,14
D5234,0,0,20
D5235,0,0,35
D5236,0,0,20
D5237,0,0,20
D5238,0,0,9
D5239,0,0,24
D5240,0,0,37
D5241,0,0,72
D5242,0,0,31
D5243,0,0,58
D5244,0,0,85
D5245,0,0,47
D5246,0,0,31
D5247,0,0,93
D5248,0,0,27
D5249,0,0,19
D5250,0,0,39
D5251,0,0,17
D5252,0,0,22
D5253,0,0,21
D5254,0,0,74
D5255,0,0,6
D5256,0,0,27
D5257,0,0,41
D5258,0,0,10
D5259,0,0,69
D5260,0,0,8
D5261,0,0,19
D5262,0,2,0
D5263,0,0,117
D5264,0,2,0
D5265,0,0,125
D5266,0,1,0
D5267,0,1,0
D5268,0,0,50
D5269,0,0,274
D5270,0,0,2643
D5271,0,0,2667
D5272,0,0,142
D5273,0,0,25
D5274,0,0,293
D5275,0,0,402
D5276,0,0,450
D5277,0,0,660
D5278,0,0,70
D5279,0,0,55
D5280,0,0,170
D5281,0,0,428
D5282,0,0,104
D5283,0,0,981
D5284,0,0,74
D5285,0,0,442
D5286,0,0,278
D5287,0,0,118
D5288,0,0,2822
D5289,0,0,489
D5290,0,0,51
D5291,0,0,49
D5292,0,0,747
D5293,0,0,93
D5294,0,0,142
D5295,0,0,80
D5296,0,0,276
D5297,0,0,329
D5298,0,0,92
D5299,0,0,46
D5300,0,0,18
D5301,0,0,60
D5302,0,0,1285
D5303,0,0,30
D5304,0,0,32
D5305,0,0,38
D5306,0,0,25
D5307,0,0,11
D5308,0,0,94
D5309,0,0,69
D5310,0,0,10
D5311,0,0,17
D5312,0,0,85
D5313,0,0,166
D5314,0,0,86
D5315,0,0,116
D5316,0,0,37
D5317,0,0,14
D5318,0,0,132
D5319,0,0,136
D5320,0,0,29
D5321,0,0,26
D5322,0,0,46
D5323,0,0,385
D5324,0,0,165
D5325,0,0,64
D5326,0,0,160
D5327,0,0,100
D5328,0,0,22
D5329,0,0,103
D5330,0,0,177
D5331,0,0,57
D5332,0,0,39
D5333,0,0,45
D5334,0,0,32
D5335,0,0,10
D5336,0,0,20
D5337,0,0,3
D5338,0,0,82
D5339,0,0,18
D5340,0,0,6
D5341,0,0,8
D5342,0,0,46
D5343,0,0,91
D5344,0,0,8
D5345,0,0,23
D5346,0,0,23
D5347,0,0,16
D5348,0,0,4
D5349,0,0,43
D5350,0,0,37
D5351,0,0,2
D5352,0,0,68
D5353,0,0,28
D5354,0,0,6
D5355,0,0,93
D5356,0,0,2
D5357,0,0,2
D5358,0,0,11
D5359,0,1,0
D5360,0,0,55
D5361,0,0,117
D5362,0,0,850
D5363,0,0,1077
D5364,0,0,320
D5365,0,0,1350
D5366,0,0,126
D5367,0,0,414
D5368,0,0,49
D5369,0,0,33
D5370,0,0,30
D5371,0,0,57
D5372,0,0,332
D5373,0,0,445
D5374,0,0,1304
D5375,0,0,841
D5376,0,0,24
D5377,0,0,101
D5378,0,0,304
D5379,0,0,140
D5380,0,0,5
D5381,0,0,210
D5382,0,0,76
D5383,0,0,273
D5384,0,0,114
D5385,0,0,135
D5386,0,0,611
D5387,0,0,205
D5388,0,0,90
D5389,0,0,39
D5390,0,0,42
D5391,0,0,143
D5392,0,0,51
D5393,0,0,260
D5394,0,0,75
D5395,0,0,84
D5396,0,0,541
D5397,0,0,145
D5398,0,0,20
D5399,0,0,5
D5400,0,0,73
D5401,0,0,183
D5402,0,0,190
D5403,0,0,69
D5404,0,0,25
D5405,0,0,26
D5406,0,0,37
D5407,0,0,9
D5408,0,0,13
D5409,0,0,21
D5410,0,0,110
D5411,0,0,60
D5412,0,0,53
D5413,0,0,23
D5414,0,0,33
D5415,0,0,50
D5416,0,0,101
D5417,0,0,48
D5418,0,0,15
D5419,0,0,111
D5420,0,0,108
D5421,0,0,92
D5422,0,0,6
D5423,0,0,6
D5424,0,0,4
D5425,0,0,84
D5426,0,0,37
D5427,0,0,80
D5428,0,0,96
D5429,0,0,1
D5430,0,0,112
D5431,0,0,65
D5432,0,0,88
D5433,0,0,30
D5434,0,0,53
D5435,0,0,15
D5436,0,0,9
D5437,0,0,43
D5438,0,0,10
D5439,0,0,5
D5440,0,0,112
D5441,0,0,75
D5442,0,0,36
D5443,0,0,15
D5444,0,0,12
D5445,0,0,30
D5446,0,0,3
D5447,0,0,93
D5448,0,0,40
D5449,0,0,25
D5450,0,0,7
D5451,0,0,18
D5452,0,0,57
D5453,0,0,3
D5454,0,0,1
D5455,0,0,22
D5456,0,0,14
D5457,0,0,43
D5458,0,0,11
D5459,0,0,40
D5460,0,0,17
D5461,0,0,1447
D5462,0,0,45
D5463,0,0,28
D5464,0,0,283
D5465,0,0,105
D5466,0,0,24
D5467,0,0,164
D5468,0,0,0
D5469,0,0,3
D5470,0,0,810
D5471,0,0,3179
D5472,0,0,37
D5473,0,0,37
D5474,0,0,123
D5475,0,0,15
D5476,0,0,432
D5477,0,0,773
D5478,0,0,8
D5479,0,0,6
D5480,0,0,0
D5481,0,0,121
D5482,0,0,2100
D5483,0,0,97
D5484,0,0,289
D5485,0,0,0
D5486,0,0,40
D5487,0,0,9
D5488,0,0,124
D5489,0,0,27
D5490,0,0,106
D5491,0,0,17
D5492,0,0,0
D5493,0,0,0
D5494,0,0,6
D5495,0,0,0
D5496,0,0,30
D5497,0,0,0
D5498,0,0,271
D5499,0,0,415
D5500,0,0,38
D5501,0,0,99
D5502,0,0,112
D5503,0,0,141
D5504,0,0,813
D5505,0,0,120
D5506,0,0,52
D5507,0,0,52
D5508,0,0,188
D5509,0,0,52
D5510,0,0,14
D5511,0,0,48
D5512,0,0,126
D5513,0,0,64
D5514,0,0,43
D5515,0,0,23
D5516,0,0,37
D5517,0,0,22
D5518,0,0,148
D5519,0,0,53
D5520,0,0,28
D5521,0,0,16
D5522,0,0,0
D5523,0,0,37
D5524,0,0,114
D5525,0,0,18
D5526,0,0,0
D5527,0,0,25
D5528,0,0,1008
D5529,0,0,580
D5530,0,0,0
D5531,0,0,60
D5532,0,0,559
D5533,0,0,66
D5534,0,0,192
D5535,0,0,728
D5536,0,0,0
D5537,0,0,25
D5538,0,0,1214
D5539,0,0,542
D5540,0,0,476
D5541,0,0,955
D5542,0,0,1053
D5543,0,0,312
D5544,0,0,2353
D5545,0,0,1551
D5546,0,0,50
D5547,0,0,54
D5548,0,0,767
D5549,0,0,240
D5550,0,0,208
D5551,0,0,163
D5552,0,0,567
D5553,0,0,343
D5554,0,0,1881
D5555,0,0,1808
D5556,0,0,123
D5557,0,0,150
D5558,0,0,1668
D5559,0,0,5506
D5560,0,0,567
D5561,0,0,93
D5562,0,0,292
D5563,0,0,1494
D5564,0,0,23
D5565,0,0,404
D5566,0,0,182
D5567,0,0,402
D5568,0,0,959
D5569,0,0,5322
D5570,0,0,0
D5571,0,0,0
D5572,0,0,242
D5573,0,0,795
D5574,0,0,0
D5575,0,0,0
D5576,0,0,119
D5577,0,0,0
D5578,0,0,70
D5579,0,0,128
D5580,0,0,186
D5581,0,0,433
D5582,0,0,64
D5583,0,0,497
D5584,0,0,66
D5585,0,0,37
D5586,0,0,672
D5587,0,0,32
D5588,0,0,15
D5589,0,0,26
D5590,0,0,169
D5591,0,0,220
D5592,0,0,39
D5593,0,0,44
D5594,0,0,105
D5595,0,0,12
D5596,0,0,127
D5597,0,0,417
D5598,0,0,321
D5599,0,0,25
D5600,0,0,315
D5601,0,0,334
D5602,0,0,6
D5603,0,0,9
D5604,0,0,49
D5605,0,0,64
D5606,0,0,173
D5607,0,0,111
D5608,0,0,56
D5609,0,0,52
D5610,0,0,11
D5611,0,0,0
D5612,0,0,327
D5613,0,0,36
D5614,0,0,12
D5615,0,0,69
D5616,0,0,191
D5617,0,0,301
D5618,0,0,152
D5619,0,0,25
D5620,0,0,247
D5621,0,0,211
D5622,0,0,218
D5623,0,0,6
D5624,0,0,0
D5625,0,0,24
D5626,0,0,263
D5627,0,0,60
D5628,0,0,25
D5629,0,0,1
D5630,0,0,19
D5631,0,0,61
D5632,0,0,5
D5633,0,0,18
D5634,0,0,11
D5635,0,0,55
D5636,0,0,653
D5637,0,0,483
D5638,0,0,43
D5639,0,0,38
D5640,0,0,24
D5641,0,0,139
D5642,0,0,160
D5643,0,0,292
D5644,0,0,26
D5645,0,0,26
D5646,0,0,117
D5647,0,0,1
D5648,0,0,93
D5649,0,0,79
D5650,0,0,0
D5651,0,0,60
D5652,0,0,167
D5653,0,0,66
D5654,0,0,17
D5655,0,0,125
D5656,0,0,797
D5657,0,0,641
D5658,0,0,137
D5659,0,0,129
D5660,0,0,513
D5661,0,0,193
D5662,0,0,70
D5663,0,0,132
D5664,0,0,146
D5665,0,0,183
D5666,0,0,66
D5667,0,0,352
D5668,0,0,246
D5669,0,0,136
D5670,0,0,928
D5671,0,0,30
D5672,0,0,61
D5673,0,0,59
D5674,0,0,76
D5675,0,0,48
D5676,0,0,85
D5677,0,0,67
D5678,0,0,35
D5679,0,0,37
D5680,0,0,4
D5681,0,0,18
D5682,0,0,521
D5683,0,0,130
D5684,0,0,0
D5685,0,0,47
D5686,0,0,21
D5687,0,0,91
D5688,0,0,27
D5689,0,0,91
D5690,0,0,10
D5691,0,0,16
D5692,0,0,24
D5693,0,0,26
D5694,0,0,57
D5695,0,0,362
D5696,0,0,71
D5697,0,0,24
D5698,0,0,68
D5699,0,0,100
D5700,0,0,39
D5701,0,0,35
D5702,0,0,62
D5703,0,0,223
D5704,0,0,111
D5705,0,0,105
D5706,0,0,64
D5707,0,0,7
D5708,0,0,10
D5709,0,0,100
D5710,0,0,36
D5711,0,0,20
D5712,0,0,104
D5713,0,0,1440
D5714,0,0,133
D5715,0,0,4
D5716,0,0,47
D5717,0,0,195
D5718,0,0,90
D5719,0,0,299
D5720,0,0,75
D5721,0,0,39
D5722,0,0,54
D5723,0,0,54
D5724,0,0,305
D5725,0,0,161
D5726,0,0,93
D5727,0,0,101
D5728,0,0,55
D5729,0,0,54
D5730,0,0,27
D5731,0,0,29
D5732,0,0,36
D5733,0,0,48
D5734,0,0,10
D5735,0,0,94
D5736,0,0,6
D5737,0,0,123
D5738,0,0,0
D5739,0,0,280
D5740,0,0,181
D5741,0,0,592
D5742,0,0,141
D5743,0,0,32
D5744,0,0,2556
D5745,0,0,451
D5746,0,0,230
D5747,0,0,0
D5748,0,0,0
D5749,0,0,2
D5750,0,0,25
D5751,0,0,0
D5752,0,0,96
D5753,0,0,99
D5754,0,0,199
D5755,0,0,84
D5756,0,0,10
D5757,0,0,95
D5758,0,0,1594
D5759,0,0,70
D5760,0,0,9
D5761,0,0,0
D5762,0,0,84
D5763,0,0,52
D5764,0,0,657
D5765,0,0,63
D5766,0,0,178
D5767,0,0,59
D5768,0,0,355
D5769,0,0,301
D5770,0,0,25
D5771,0,0,65
D5772,0,0,69
D5773,0,0,1983
D5774,0,0,49
D5775,0,0,158
D5776,0,0,442
D5777,0,0,0
D5778,0,0,51
D5779,0,0,110
D5780,0,0,247
D5781,0,0,102
D5782,0,0,64
D5783,0,0,337
D5784,0,0,58
D5785,0,0,305
D5786,0,0,234
D5787,0,0,9
D5788,0,0,8
D5789,0,0,114
D5790,0,0,47
D5791,0,0,820
D5792,0,0,89
D5793,0,0,36
D5794,0,0,11
D5795,0,0,8
D5796,0,0,720
D5797,0,0,381
D5798,0,0,143
D5799,0,0,21
D5800,0,0,161
D5801,0,0,0
D5802,0,0,106
D5803,0,0,657
D5804,0,0,77
D5805,0,0,233
D5806,0,0,542
D5807,0,0,67
D5808,0,0,47
D5809,0,0,324
D5810,0,0,303
D5811,0,0,297
D5812,0,0,95
D5813,0,0,63
D5814,0,0,18
D5815,0,0,113
D5816,0,0,177
D5817,0,0,270
D5818,0,0,129
D5819,0,0,96
D5820,0,0,893
D5821,0,0,1793
D5822,0,0,317
D5823,0,0,85
D5824,0,0,0
D5825,0,0,94
D5826,0,0,376
D5827,0,0,84
D5828,0,0,699
D5829,0,0,148
D5830,0,0,989
D5831,0,0,0
D5832,0,0,312
D5833,0,0,132
D5834,0,0,113
D5835,0,0,2
D5836,0,0,392
D5837,0,0,614
D5838,0,0,212
D5839,0,0,158
D5840,0,0,13
D5841,0,0,2528
D5842,0,0,14
D5843,0,0,58
D5844,0,0,215
D5845,0,0,377
D5846,0,0,596
D5847,0,0,119
D5848,0,0,59
D5849,0,0,65
D5850,0,0,462
D5851,0,0,995
D5852,0,0,1145
D5853,0,0,84
D5854,0,0,45
D5855,0,0,245
D5856,0,0,352
D5857,0,0,775
D5858,0,0,54
D5859,0,0,84
D5860,0,0,672
D5861,0,0,13
D5862,0,0,3
D5863,0,0,16
D5864,0,0,69
D5865,0,0,47
D5866,0,0,43
D5867,0,0,230
D5868,0,0,14
D5869,0,0,76
D5870,0,0,35
D5871,0,0,15
D5872,0,0,39
D5873,0,0,0
D5874,0,0,32
D5875,0,0,18
D5876,0,0,23
D5877,0,0,77
D5878,0,0,81
D5879,0,0,0
D5880,0,0,39
D5881,0,0,14
D5882,0,0,169
D5883,0,0,31
D5884,0,0,0
D5885,0,0,202
D5886,0,0,0
D5887,0,0,0
D5888,0,0,56
D5889,0,0,14
D5890,0,0,28
D5891,0,0,0
D5892,0,0,83
D5893,0,0,277
D5894,0,0,3
D5895,0,0,122
D5896,0,0,15
D5897,0,0,14
D5898,0,0,82
D5899,0,0,116
D5900,0,0,61
D5901,0,0,167
D5902,0,0,131
D5903,0,0,79
D5904,0,0,48
D5905,0,0,610
D5906,0,0,75
D5907,0,0,40
D5908,0,0,29
D5909,0,0,551
D5910,0,0,44
D5911,0,0,84
D5912,0,0,294
D5913,0,0,375
D5914,0,0,85
D5915,0,0,155
D5916,0,0,80
D5917,0,0,4
D5918,0,0,27
D5919,0,0,8
D5920,0,0,49
D5921,0,0,20
D5922,0,0,150
D5923,0,0,251
D5924,0,0,90
D5925,0,0,399
D5926,0,0,49
D5927,0,0,0
D5928,0,0,72
D5929,0,0,14
D5930,0,0,33
D5931,0,0,19
D5932,0,0,57
D5933,0,0,261
D5934,0,0,162
D5935,0,0,72
D5936,0,0,4
D5937,0,0,0
D5938,0,0,407
D5939,0,0,114
D5940,0,0,16
D5941,0,0,38
D5942,0,0,213
D5943,0,0,56
D5944,0,0,111
D5945,0,0,583
D5946,0,0,17
D5947,0,0,29
D5948,0,0,271
D5949,0,0,28
D5950,0,0,0
D5951,0,0,97
D5952,0,0,714
D5953,0,0,289
D5954,0,0,198
D5955,0,0,91
D5956,0,0,198
D5957,0,0,16
D5958,0,0,52
D5959,0,0,24
D5960,0,0,142
D5961,0,0,99
D5962,0,0,104
D5963,0,0,180
D5964,0,0,0
D5965,0,0,10
D5966,0,0,19
D5967,0,0,40
D5968,0,0,45
D5969,0,0,60
D5970,0,0,50
D5971,0,0,30
D5972,0,0,17
D5973,0,0,77
D5974,0,0,25
D5975,0,0,36
D5976,0,0,24
D5977,0,0,43
D5978,0,0,15
D5979,0,0,40
D5980,0,0,28
D5981,0,0,39
D5982,0,0,58
D5983,0,0,48
D5984,0,0,23
D5985,0,0,6
D5986,0,0,77
D5987,0,0,39
D5988,0,0,11
D5989,0,0,24
D5990,0,0,86
D5991,0,0,58
D5992,0,0,3
D5993,0,0,26
D5994,0,0,0
D5995,0,0,14
D5996,0,0,40
D5997,0,0,34
D5998,0,0,49
D5999,0,0,10
D6000,0,0,122
D6001,0,0,47
D6002,0,0,19
D6003,0,0,36
D6004,0,0,65
D6005,0,0,9
D6006,0,0,12
D6007,0,0,12
D6008,0,0,0
D6009,0,0,4
D6010,0,0,2
D6011,0,0,47
D6012,0,0,46
D6013,0,0,98
D6014,0,0,467
D6015,0,0,813
D6016,0,0,135
D6017,0,0,591
D6018,0,0,12
D6019,0,0,35
D6020,0,0,418
D6021,0,0,0
D6022,0,0,170
D6023,0,0,0
D6024,0,0,322
D6025,0,0,111
D6026,0,0,64
D6027,0,0,1137
D6028,0,0,1258
D6029,0,0,68
D6030,0,0,173
D6031,0,0,1028
D6032,0,0,56
D6033,0,0,0
D6034,0,0,0
D6035,0,0,204
D6036,0,0,1041
D6037,0,0,333
D6038,0,0,196
D6039,0,0,99
D6040,0,0,492
D6041,0,0,15
D6042,0,0,0
D6043,0,0,0
D6044,0,0,34
D6045,0,0,0
D6046,0,0,105
D6047,0,0,25
D6048,0,0,72
D6049,0,0,7
D6050,0,0,155
D6051,0,0,81
D6052,0,0,165
D6053,0,0,155
D6054,0,0,301
D6055,0,0,55
D6056,0,0,172
D6057,0,0,112
D6058,0,0,40
D6059,0,0,4
D6060,0,0,370
D6061,0,0,23
D6062,0,0,0
D6063,0,0,183
D6064,0,0,60
D6065,0,0,44
D6066,0,0,26
D6067,0,0,65
D6068,0,0,107
D6069,0,0,313
D6070,0,0,4
D6071,0,0,283
D6072,0,0,44
D6073,0,0,50
D6074,0,0,2
D6075,0,0,7
D6076,0,0,0
D6077,0,0,785
D6078,0,0,69
D6079,0,0,16
D6080,0,0,20
D6081,0,0,22
D6082,0,0,62
D6083,0,0,96
D6084,0,0,5
D6085,0,0,0
D6086,0,0,12
D6087,0,0,0
D6088,0,0,14
D6089,0,0,13
D6090,0,0,30
D6091,0,0,48
D6092,0,0,114
D6093,0,0,295
D6094,0,0,1068
D6095,0,0,290
D6096,0,0,2
D6097,0,0,39
D6098,0,0,19
D6099,0,0,27
D6100,0,0,57
D6101,0,0,64
D6102,0,0,140
D6103,0,0,36
D6104,0,0,17
D6105,0,0,1164
D6106,0,0,17
D6107,0,0,21
D6108,0,0,559
D6109,0,0,684
D6110,0,0,0
D6111,0,0,64
D6112,0,0,1
D6113,0,0,27
D6114,0,0,20
D6115,0,0,71
D6116,0,0,94
D6117,0,0,0
D6118,0,0,122
D6119,0,0,231
D6120,0,0,61
D6121,0,0,436
D6122,0,0,38
D6123,0,0,29
D6124,0,0,113
D6125,0,0,782
D6126,0,0,50
D6127,0,0,71
D6128,0,0,235
D6129,0,0,120
D6130,0,0,72
D6131,0,0,55
D6132,0,0,45
D6133,0,0,63
D6134,0,0,19
D6135,0,0,31
D6136,0,0,0
D6137,0,0,14
D6138,0,0,121
D6139,0,0,55
D6140,0,0,82
D6141,0,0,6
D6142,0,0,67
D6143,0,0,26
D6144,0,0,5
D6145,0,0,27
D6146,0,0,9
D6147,0,0,0
D6148,0,0,117
D6149,0,0,0
D6150,0,0,22
D6151,0,0,0
D6152,0,0,113
D6153,0,0,78
D6154,0,0,19
D6155,0,0,47
D6156,0,0,72
D6157,0,0,0
D6158,0,0,83
D6159,0,0,10
D6160,0,0,23
D6161,0,0,77
D6162,0,0,35
D6163,0,0,13
D6164,0,0,368
D6165,0,0,157
D6166,0,0,6
D6167,0,0,14
D6168,0,0,54
D6169,0,0,243
D6170,0,0,64
D6171,0,0,4
D6172,0,0,24
D6173,0,0,124
D6174,0,0,72
D6175,0,0,25
D6176,0,0,27
D6177,0,0,0
D6178,0,0,54
D6179,0,0,163
D6180,0,0,51
D6181,0,0,20
D6182,0,0,8
D6183,0,0,20
D6184,0,0,12
D6185,0,0,4
D6186,0,0,17
D6187,0,0,10
D6188,0,0,12
D6189,0,0,9
D6190,0,0,18
D6191,0,0,10
D6192,0,0,35
D6193,0,0,3
D6194,0,0,24
D6195,0,0,36
D6196,0,0,10
D6197,0,0,51
D6198,0,0,18
D6199,0,0,17
D6200,0,0,110
D6201,0,0,13
D6202,0,0,12
D6203,0,0,7
D6204,0,0,4
D6205,0,0,8
D6206,0,0,52
D6207,0,0,58
D6208,0,0,11
D6209,0,0,0
D6210,0,0,210
D6211,0,0,144
D6212,0,0,15
D6213,0,0,0
D6214,0,0,86
D6215,0,0,15
D6216,0,0,6
D6217,0,0,53
D6218,0,0,33
D6219,0,0,6
D6220,0,0,112
D6221,0,0,131
D6222,0,0,16
D6223,0,0,23
D6224,0,0,20
D6225,0,0,34
D6226,0,0,85
D6227,0,0,0
D6228,0,0,44
D6229,0,0,6
D6230,0,0,145
D6231,0,0,423
D6232,0,0,64
D6233,0,0,309
D6234,0,0,139
D6235,0,0,44
D6236,0,0,528
D6237,0,0,401
D6238,0,0,381
D6239,0,0,51
D6240,0,0,147
D6241,0,0,531
D6242,0,0,49
D6243,0,0,16
D6244,0,0,30
D6245,0,0,20
D6246,0,0,23
D6247,0,0,40
D6248,0,0,14
D6249,0,0,193
D6250,0,0,69
D6251,0,0,66
D6252,0,0,25
D6253,0,0,197
D6254,0,0,6
D6255,0,0,85
D6256,0,0,8
D6257,0,0,126
D6258,0,0,58
D6259,0,0,5
D6260,0,0,296
D6261,0,0,3
D6262,0,0,12
D6263,0,0,1
D6264,0,0,0
D6265,0,0,28
D6266,0,0,0
D6267,0,0,153
D6268,0,0,4
D6269,0,0,105
D6270,0,0,136
D6271,0,0,46
D6272,0,0,21
D6273,0,0,23
D6274,0,0,8
D6275,0,0,30
D6276,0,0,33
D6277,0,0,75
D6278,0,0,10
D6279,0,0,18
D6280,0,0,12
D6281,0,0,100
D6282,0,0,105
D6283,0,0,149
D6284,0,0,779
D6285,0,0,65
D6286,0,0,49
D6287,0,0,11
D6288,0,0,9
D6289,0,0,17
D6290,0,0,0
D6291,0,0,15
D6292,0,0,3
D6293,0,0,6
D6294,0,0,83
D6295,0,0,19
D6296,0,0,13
D6297,0,0,0
D6298,0,0,52
D6299,0,0,85
D6300,0,0,20
D6301,0,0,69
D6302,0,0,51
D6303,0,0,168
D6304,0,0,19
D6305,0,0,82
D6306,0,0,16
D6307,0,0,10
D6308,0,0,289
D6309,0,0,1008
D6310,0,0,352
D6311,0,0,0
D6312,0,0,59
D6313,0,0,40
D6314,0,0,90
D6315,0,0,23
D6316,0,0,0
D6317,0,0,20
D6318,0,0,3
D6319,0,0,2
D6320,0,0,14
D6321,0,0,18
D6322,0,0,4
D6323,0,0,0
D6324,0,0,3156
D6325,0,0,472
D6326,0,0,242
D6327,0,0,211
D6328,0,0,1828
D6329,0,0,1146
D6330,0,0,621
D6331,0,0,0
D6332,0,0,10
D6333,0,0,991
D6334,0,0,1
D6335,0,0,90
D6336,0,0,193
D6337,0,0,0
D6338,0,0,33
D6339,0,0,191
D6340,0,0,42
D6341,0,0,25
D6342,0,0,135
D6343,0,0,0
D6344,0,0,74
D6345,0,0,1309
D6346,0,0,48
D6347,0,0,18
D6348,0,0,18
D6349,0,0,0
D6350,0,0,0
D6351,0,0,0
D6352,0,0,1
D6353,0,0,184
D6354,0,0,91
D6355,0,0,149
D6356,0,0,30
D6357,0,0,92
D6358,0,0,123
D6359,0,0,134
D6360,0,0,240
D6361,0,0,1754
D6362,0,0,175
D6363,0,0,0
D6364,0,0,13
D6365,0,0,133
D6366,0,0,311
D6367,0,0,0
D6368,0,0,233
D6369,0,0,644
D6370,0,0,0
D6371,0,0,929
D6372,0,0,474
D6373,0,0,963
D6374,0,0,425
D6375,0,0,307
D6376,0,0,0
D6377,0,0,722
D6378,0,0,380
D6379,0,0,234
D6380,0,0,294
D6381,0,0,204
D6382,0,0,310
D6383,0,0,1156
D6384,0,0,39
D6385,0,0,129
D6386,0,0,1449
D6387,0,0,941
D6388,0,0,79
D6389,0,0,25
D6390,0,0,702
D6391,0,0,486
D6392,0,0,24
D6393,0,0,10
D6394,0,0,18
D6395,0,0,266
D6396,0,0,95
D6397,0,0,715
D6398,0,0,575
D6399,0,0,111
D6400,0,0,182
D6401,0,0,157
D6402,0,0,113
D6403,0,0,33
D6404,0,0,43
D6405,0,0,114
D6406,0,0,613
D6407,0,0,858
D6408,0,0,83
D6409,0,0,99
D6410,0,0,1775
D6411,0,0,516
D6412,0,0,428
D6413,0,0,55
D6414,0,0,485
D6415,0,0,130
D6416,0,0,186
D6417,0,0,508
D6418,0,0,223
D6419,0,0,64
D6420,0,0,417
D6421,0,0,360
D6422,0,0,133
D6423,0,0,919
D6424,0,0,44
D6425,0,0,220
D6426,0,0,222
D6427,0,0,86
D6428,0,0,0
D6429,0,0,0
D6430,0,0,106
D6431,0,0,0
D6432,0,0,0
D6433,0,0,12
D6434,0,0,14
D6435,0,0,0
D6436,0,0,60
D6437,0,0,0
D6438,0,0,0
D6439,0,0,0
D6440,0,0,191
D6441,0,0,42
D6442,0,0,0
D6443,0,0,80
D6444,0,0,12
D6445,0,0,0
D6446,0,0,207
D6447,0,0,308
D6448,0,0,6
D6449,0,0,9
D6450,0,0,87
D6451,0,0,324
D6452,0,0,35
D6453,0,0,51
D6454,0,0,124
D6455,0,0,32
D6456,0,0,76
D6457,0,0,356
D6458,0,0,17
D6459,0,0,29
D6460,0,0,37
D6461,0,0,0
D6462,0,0,0
D6463,0,0,11
D6464,0,0,34
D6465,0,0,14
D6466,0,0,615
D6467,0,0,344
D6468,0,0,246
D6469,0,0,8
D6470,0,0,129
D6471,0,0,124
D6472,0,0,42
D6473,0,0,0
D6474,0,0,0
D6475,0,0,106
D6476,0,0,172
D6477,0,0,166
D6478,0,0,220
D6479,0,0,438
D6480,0,0,232
D6481,0,0,106
D6482,0,0,559
D6483,0,0,200
D6484,0,0,68
D6485,0,0,38
D6486,0,0,16
D6487,0,0,0
D6488,0,0,12
D6489,0,0,54
D6490,0,0,10
D6491,0,0,3
D6492,0,0,11
D6493,0,0,143
D6494,0,0,70
D6495,0,0,47
D6496,0,0,126
D6497,0,0,157
D6498,0,0,152
D6499,0,0,84
D6500,0,0,54
D6501,0,0,46
D6502,0,0,162
D6503,0,0,171
D6504,0,0,0
D6505,0,0,6
D6506,0,0,0
D6507,0,0,463
D6508,0,0,365
D6509,0,0,285
D6510,0,0,261
D6511,0,0,274
D6512,0,0,0
D6513,0,0,40
D6514,0,0,729
D6515,0,0,479
D6516,0,0,14
D6517,0,0,20
D6518,0,0,397
D6519,0,0,60
D6520,0,0,11
D6521,0,0,52
D6522,0,0,0
D6523,0,0,520
D6524,0,0,51
D6525,0,0,19
D6526,0,0,35
D6527,0,0,92
D6528,0,0,121
D6529,0,0,169
D6530,0,0,178
D6531,0,0,77
D6532,0,0,0
D6533,0,0,52
D6534,0,0,177
D6535,0,0,85
D6536,0,0,1
D6537,0,0,19
D6538,0,0,792
D6539,0,0,177
D6540,0,0,0
D6541,0,0,0
D6542,0,0,2892
D6543,0,0,123
D6544,0,0,0
D6545,0,0,158
D6546,0,0,0
D6547,0,0,0
D6548,0,0,32
D6549,0,0,102
D6550,0,0,105
D6551,0,0,9
D6552,0,0,8
D6553,0,0,132
D6554,0,0,378
D6555,0,0,119
D6556,0,0,68
D6557,0,0,24
D6558,0,0,268
D6559,0,0,0
D6560,0,0,2
D6561,0,0,125
D6562,0,0,440
D6563,0,0,100
D6564,0,0,67
D6565,0,0,70
D6566,0,0,99
D6567,0,0,45
D6568,0,0,127
D6569,0,0,226
D6570,0,0,93
D6571,0,0,90
D6572,0,0,115
D6573,0,0,506
D6574,0,0,42
D6575,0,0,874
D6576,0,0,26
D6577,0,0,0
D6578,0,0,89
D6579,0,0,488
D6580,0,0,500
D6581,0,0,391
D6582,0,0,4
D6583,0,0,132
D6584,0,0,0
D6585,0,0,25
D6586,0,0,395
D6587,0,0,20
D6588,0,0,1
D6589,0,0,86
D6590,0,0,29
D6591,0,0,0
D6592,0,0,17
D6593,0,0,133
D6594,0,0,47
D6595,0,0,10
D6596,0,0,587
D6597,0,0,83
D6598,0,0,269
D6599,0,0,142
D6600,0,0,141
D6601,0,0,231
D6602,0,0,32
D6603,0,0,98
D6604,0,0,139
D6605,0,0,39
D6606,0,0,192
D6607,0,0,540
D6608,0,0,12
D6609,0,0,129
D6610,0,0,922
D6611,0,0,241
D6612,0,0,16
D6613,0,0,4
D6614,0,0,77
D6615,0,0,37
D6616,0,0,325
D6617,0,0,560
D6618,0,0,68
D6619,0,0,37
D6620,0,0,0
D6621,0,0,57
D6622,0,0,0
D6623,0,0,171
D6624,0,0,6
D6625,0,0,0
D6626,0,0,257
D6627,0,0,29
D6628,0,0,0
D6629,0,0,0
D6630,0,0,0
D6631,0,0,0
D6632,0,0,150
D6633,0,0,102
D6634,0,0,0
D6635,0,0,50
D6636,0,0,110
D6637,0,0,129
D6638,0,0,33
D6639,0,0,13
D6640,0,0,97
D6641,0,0,34
D6642,0,0,6
D6643,0,0,65
D6644,0,0,6
D6645,0,0,20
D6646,0,0,21
D6647,0,0,22
D6648,0,0,46
D6649,0,0,8
D6650,0,0,235
D6651,0,0,145
D6652,0,0,7
D6653,0,0,12
D6654,0,0,88
D6655,0,0,26
D6656,0,0,78
D6657,0,0,6
D6658,0,0,22
D6659,0,0,58
D6660,0,0,117
D6661,0,0,44
D6662,0,0,20
D6663,0,0,17
D6664,0,0,11
D6665,0,0,0
D6666,0,0,117
D6667,0,0,130
D6668,0,0,0
D6669,0,0,3
D6670,0,0,14
D6671,0,0,15
D6672,0,0,16
D6673,0,0,10
D6674,0,0,116
D6675,0,0,8
D6676,0,0,0
D6677,0,0,136
D6678,0,0,16
D6679,0,0,11
D6680,0,0,53
D6681,0,0,11
D6682,0,0,54
D6683,0,0,12
D6684,0,0,56
D6685,0,0,47
D6686,0,0,21
D6687,0,0,8
D6688,0,0,28
D6689,0,0,757
D6690,0,0,2
D6691,0,0,66
D6692,0,0,8
D6693,0,0,92
D6694,0,0,5
D6695,0,0,82
D6696,0,0,1
D6697,0,0,16
D6698,0,0,1
D6699,0,0,64
D6700,0,0,1
D6701,0,0,5
D6702,0,0,63
D6703,0,0,98
D6704,0,0,12
D6705,0,0,0
D6706,0,0,25
D6707,0,0,67
D6708,0,0,80
D6709,0,0,33
D6710,0,0,13
D6711,0,0,10
D6712,0,0,0
D6713,0,0,16
D6714,0,0,1
D6715,0,0,35
D6716,0,0,0
D6717,0,0,5
D6718,0,0,8
D6719,0,0,67
D6720,0,0,0
D6721,0,0,0
D6722,0,0,101
D6723,0,0,38
D6724,0,0,15
D6725,0,0,0
D6726,0,0,35
D6727,0,0,13
D6728,0,0,19
D6729,0,0,22
D6730,0,0,6
D6731,0,0,0
D6732,0,0,39
D6733,0,0,32
D6734,0,0,21
D6735,0,0,0
D6736,0,0,0
D6737,0,0,0
D6738,0,0,0
D6739,0,0,306
D6740,0,0,37
D6741,0,0,0
D6742,0,0,498
D6743,0,0,0
D6744,0,0,89
D6745,0,0,0
D6746,0,0,224
D6747,0,0,39
D6748,0,0,0
D6749,0,0,0
D6750,0,0,0
D6751,0,0,24
D6752,0,0,445
D6753,0,0,131
D6754,0,0,220
D6755,0,0,550
D6756,0,0,152
D6757,0,0,58
D6758,0,0,1021
D6759,0,0,2
D6760,0,0,0
D6761,0,0,11
D6762,0,0,0
D6763,0,0,10
D6764,0,0,112
D6765,0,0,45
D6766,0,0,1
D6767,0,0,41
D6768,0,0,55
D6769,0,0,9
D6770,0,0,357
D6771,0,0,6
D6772,0,0,0
D6773,0,0,28
D6774,0,0,33
D6775,0,0,141
D6776,0,0,83
D6777,0,0,3
D6778,0,0,93
D6779,0,0,285
D6780,0,0,70
D6781,0,0,291
D6782,0,0,4
D6783,0,0,160
D6784,0,0,8
D6785,0,0,34
D6786,0,0,34
D6787,0,0,38
D6788,0,0,84
D6789,0,0,0
D6790,0,0,0
D6791,0,0,43
D6792,0,0,25
D6793,0,0,7
D6794,0,0,0
D6795,0,0,41
D6796,0,0,169
D6797,0,0,0
D6798,0,0,0
D6799,0,0,67
D6800,0,0,113
D6801,0,0,127
D6802,0,0,33
D6803,0,0,32
D6804,0,0,36
D6805,0,0,6
D6806,0,0,224
D6807,0,0,67
D6808,0,0,68
D6809,0,0,22
D6810,0,0,86
D6811,0,0,0
D6812,0,0,9
D6813,0,0,50
D6814,0,0,328
D6815,0,0,58
D6816,0,0,196
D6817,0,0,50
D6818,0,0,15
D6819,0,0,90
D6820,0,0,18
D6821,0,0,38
D6822,0,0,24
D6823,0,0,23
D6824,0,0,0
D6825,0,0,6
D6826,0,0,0
D6827,0,0,104
D6828,0,0,2
D6829,0,0,19
D6830,0,0,187
D6831,0,0,110
D6832,0,0,31
D6833,0,0,0
D6834,0,0,28
D6835,0,0,66
D6836,0,0,98
D6837,0,0,11
D6838,0,0,22
D6839,0,0,0
D6840,0,0,0
D6841,0,0,1
D6842,0,0,8
D6843,0,0,0
D6844,0,0,3
D6845,0,0,129
D6846,0,0,0
D6847,0,0,231
D6848,0,0,6
D6849,0,0,45
D6850,0,0,16
D6851,0,0,51
D6852,0,0,25
D6853,0,0,0
D6854,0,0,48
D6855,0,0,51
D6856,0,0,22
D6857,0,0,9
D6858,0,0,26
D6859,0,0,49
D6860,0,0,0
D6861,0,0,20
D6862,0,0,12
D6863,0,0,64
D6864,0,0,13
D6865,0,0,0
D6866,0,0,48
D6867,0,0,13
D6868,0,0,4
D6869,0,0,58
D6870,0,0,6
D6871,0,0,36
D6872,0,0,4
D6873,0,0,6
D6874,0,0,0
D6875,0,0,43
D6876,0,0,0
D6877,0,0,33
D6878,0,0,0
D6879,0,0,9
D6880,0,0,0
D6881,0,0,0
D6882,0,0,0
D6883,0,0,65
D6884,0,0,59
D6885,0,0,25
D6886,0,0,0
D6887,0,0,0
D6888,0,0,333
D6889,0,0,232
D6890,0,0,0
D6891,0,0,58
D6892,0,0,4
D6893,0,0,56
D6894,0,0,56
D6895,0,0,31
D6896,0,0,74
D6897,0,0,17
D6898,0,0,96
D6899,0,0,0
D6900,0,0,21
D6901,0,0,14
D6902,0,0,304
D6903,0,0,257
D6904,0,0,58
D6905,0,0,62
D6906,0,0,32
D6907,0,0,6
D6908,0,0,27
D6909,0,0,38
D6910,0,0,17
D6911,0,0,8
D6912,0,0,11
D6913,0,0,78
D6914,0,0,239
D6915,0,0,0
D6916,0,0,16
D6917,0,0,9
D6918,0,0,99
D6919,0,0,61
D6920,0,0,43
D6921,0,0,33
D6922,0,0,5
D6923,0,0,5
D6924,0,0,16
D6925,0,0,15
D6926,0,0,25
D6927,0,0,0
D6928,0,0,72
D6929,0,0,0
D6930,0,0,9
D6931,0,0,9
D6932,0,0,5
D6933,0,0,8
D6934,0,0,7
D6935,0,0,0
D6936,0,0,6
D6937,0,0,8
D6938,0,0,0
D6939,0,0,37
D6940,0,0,0
D6941,0,0,29
D6942,0,0,47
D6943,0,0,24
D6944,0,0,11
D6945,0,0,155
D6946,0,0,85
D6947,0,0,26
D6948,0,0,72
D6949,0,0,0
D6950,0,0,0
D6951,0,0,9
D6952,0,0,84
D6953,0,0,655
D6954,0,0,0
D6955,0,0,0
D6956,0,0,23
D6957,0,0,0
D6958,0,0,130
D6959,0,0,332
D6960,0,0,0
D6961,0,0,0
D6962,0,0,24
D6963,0,0,3
D6964,0,0,38
D6965,0,0,0
D6966,0,0,0
D6967,0,0,0
D6968,0,0,0
D6969,0,0,131
D6970,0,0,0
D6971,0,0,0
D6972,0,0,5
D6973,0,0,15
D6974,0,0,6
D6975,0,0,67
D6976,0,0,60
D6977,0,0,31
D6978,0,0,160
D6979,0,0,4
D6980,0,0,240
D6981,0,0,195
D6982,0,0,0
D6983,0,0,46
D6984,0,0,84
D6985,0,0,39
D6986,0,0,16
D6987,0,0,0
D6988,0,0,0
D6989,0,0,0
D6990,0,0,11
D6991,0,0,2
D6992,0,0,2
D6993,0,0,0
D6994,0,0,41
D6995,0,0,88
D6996,0,0,9
D6997,0,0,4
D6998,0,0,0
D6999,0,0,2
D7000,0,0,99
D7001,0,0,106
D7002,0,0,0
D7003,0,0,0
D7004,0,0,65
D7005,0,0,2
D7006,0,0,0
D7007,0,0,33
D7008,0,0,27
D7009,0,0,0
D7010,0,0,0
D7011,0,0,59
D7012,0,0,0
D7013,0,0,0
D7014,0,0,8
D7015,0,0,2
D7016,0,0,10
D7017,0,0,0
D7018,0,0,0
D7019,0,0,2
D7020,0,0,0
D7021,0,0,0
D7022,0,0,0
D7023,0,0,0
D7024,0,0,0
D7025,0,0,282
D7026,0,0,191
D7027,0,0,933
D7028,0,0,16
D7029,0,0,28
D7030,0,0,32
D7031,0,0,447
D7032,0,0,68
D7033,0,0,42
D7034,0,0,12
D7035,0,0,0
D7036,0,0,0
D7037,0,0,12
D7038,0,0,0
D7039,0,0,0
D7040,0,0,9
D7041,0,0,92
D7042,0,0,73
D7043,0,0,12
D7044,0,0,0
D7045,0,0,29
D7046,0,0,0
D7047,0,0,0
D7048,0,0,0
D7049,0,0,17
D7050,0,0,37
D7051,0,0,42
D7052,0,0,68
D7053,0,0,13
D7054,0,0,76
D7055,0,0,185
D7056,0,0,99
D7057,0,0,154
D7058,0,0,10
D7059,0,0,8
D7060,0,0,12
D7061,0,0,23
D7062,0,0,120
D7063,0,0,0
D7064,0,0,33
D7065,0,0,12
D7066,0,0,172
D7067,0,0,10
D7068,0,0,122
D7069,0,0,147
D7070,0,0,27
D7071,0,0,10
D7072,0,0,58
D7073,0,0,0
D7074,0,0,0
D7075,0,0,0
D7076,0,0,68
D7077,0,0,14
D7078,0,0,9
D7079,0,0,59
D7080,0,0,9
D7081,0,0,59
D7082,0,0,44
D7083,0,0,83
D7084,0,0,61
D7085,0,0,34
D7086,0,0,7
D7087,0,0,42
D7088,0,0,0
D7089,0,0,0
D7090,0,0,0
D7091,0,0,10
D7092,0,0,16
D7093,0,0,0
D7094,0,0,27
D7095,0,0,0
D7096,0,0,12
D7097,0,0,4
D7098,0,0,8
D7099,0,0,0
D7100,0,0,0
D7101,0,0,7
D7102,0,0,0
D7103,0,0,10
D7104,0,0,164
D7105,0,0,97
D7106,0,0,2
D7107,0,0,3
D7108,0,0,10
D7109,0,0,20
D7110,0,0,2
D7111,0,0,4
D7112,0,0,1
D7113,0,0,361
D7114,0,0,49
D7115,0,0,283
D7116,0,0,145
D7117,0,0,0
D7118,0,0,176
D7119,0,0,20
D7120,0,0,6
D7121,0,0,14
D7122,0,0,60
D7123,0,0,15
D7124,0,0,104
D7125,0,0,3
D7126,0,0,0
D7127,0,0,43
D7128,0,0,0
D7129,0,0,148
D7130,0,0,21
D7131,0,0,0
D7132,0,0,334
D7133,0,0,0
D7134,0,0,60
D7135,0,0,19
D7136,0,0,80
D7137,0,0,5
D7138,0,0,62
D7139,0,0,29
D7140,0,0,40
D7141,0,0,25
D7142,0,0,14
D7143,0,0,0
D7144,0,0,0
D7145,0,0,141
D7146,0,0,5
D7147,0,0,0
D7148,0,0,0
D7149,0,0,22
D7150,0,0,33
D7151,0,0,3
D7152,0,0,71
D7153,0,0,23
D7154,0,0,54
D7155,0,0,0
D7156,0,0,8
D7157,0,0,38
D7158,0,0,25
D7159,0,0,15
D7160,0,0,0
D7161,0,0,4
D7162,0,0,0
D7163,0,0,5
D7164,0,0,29
D7165,0,0,2
D7166,0,0,0
D7167,0,0,3
D7168,0,0,0
D7169,0,0,0
D7170,0,0,0
D7171,0,0,10
D7172,0,0,9
D7173,0,0,7
D7174,0,0,1
D7175,0,0,11
D7176,0,0,2
D7177,0,0,46
D7178,0,0,12
D7179,0,0,17
D7180,0,0,22
D7181,0,0,13
D7182,0,0,8
D7183,0,0,4
D7184,0,0,8
D7185,0,0,1
D7186,0,0,9
D7187,0,0,8
D7188,0,0,4
D7189,0,0,14
D7190,0,0,84
D7191,0,0,0
D7192,0,0,0
D7193,0,0,0
D7194,0,0,1
D7195,0,0,2
D7196,0,0,31
D7197,0,0,12
D7198,0,0,24
D7199,0,0,0
D7200,0,0,0
D7201,0,0,0
D7202,0,0,1
D7203,0,0,0
D7204,0,0,0
D7205,0,0,10
D7206,0,0,28
D7207,0,0,1
D7208,0,0,0
D7209,0,0,1
D7210,0,0,3
D7211,0,0,6
D7212,0,0,0
D7213,0,0,5
D7214,0,0,5
D7215,0,0,11
D7216,0,0,8
D7217,0,0,6
D7218,0,0,0
D7219,0,0,0
D7220,0,0,0
D7221,0,0,0
D7222,0,0,2
D7223,0,0,13
D7224,0,0,3
D7225,0,0,8
D7226,0,0,0
D7227,0,0,0
D7228,0,0,5
D7229,0,0,0
D7230,0,0,4
D7231,0,0,6
D7232,0,0,2
D7233,0,0,2
D7234,0,0,0
D7235,0,0,2
D7236,0,0,1
D7237,0,0,127
D7238,0,0,163
D7239,0,0,44
D7240,0,0,170
D7241,0,0,60
D7242,0,0,18
D7243,0,0,26
D7244,0,0,38
D7245,0,0,97
D7246,0,0,29
D7247,0,0,43
D7248,0,0,54
D7249,0,25,0
D7250,0,0,830
D7251,0,5,0
D7252,0,5,0
D7253,0,0,221
D7254,0,0,37
D7255,0,0,102
D7256,0,0,222
D7257,0,0,74
D7258,0,8,0
D7259,0,0,35
D7260,0,0,109
D7261,0,0,66
D7262,0,0,62
D7263,0,0,116
D7264,0,0,68
D7265,0,0,19
D7266,0,0,116
D7267,0,0,47
D7268,0,0,65
D7269,0,0,31
D7270,0,0,94
D7271,0,0,111
D7272,0,0,13
D7273,0,0,65
D7274,0,0,36
D7275,0,0,17
D7276,0,0,264
D7277,0,0,124
D7278,0,0,21
D7279,0,0,27
D7280,0,0,25
D7281,0,0,20
D7282,0,0,139
D7283,0,0,41
D7284,0,0,56
D7285,0,0,37
D7286,0,0,39
D7287,0,0,19
D7288,0,0,84
D7289,0,0,43
D7290,0,0,13
D7291,0,0,2
D7292,0,0,61
D7293,0,0,54
D7294,0,0,122
D7295,0,0,55
D7296,0,0,3
D7297,0,0,43
D7298,0,0,657
D7299,0,0,54
D7300,0,0,249
D7301,0,10,0
D7302,0,0,131
D7303,0,0,398
D7304,0,0,1147
D7305,0,0,1995
D7306,0,0,94
D7307,0,9,0
D7308,0,0,56
D7309,0,0,654
D7310,0,0,24
D7311,0,0,19
D7312,0,0,49
D7313,0,0,52
D7314,0,0,38
D7315,0,0,61
D7316,0,0,23
D7317,0,0,92
D7318,0,0,14
D7319,0,0,134
D7320,0,0,39
D7321,0,0,124
D7322,0,0,155
D7323,0,0,95
D7324,0,0,74
D7325,0,0,330
D7326,0,0,18
D7327,0,0,8
D7328,0,0,154
D7329,0,0,392
D7330,0,0,293
D7331,0,0,137
D7332,0,0,102
D7333,0,0,341
D7334,0,0,5
D7335,0,0,63
D7336,0,0,10
D7337,0,0,13
D7338,0,0,12
D7339,0,0,42
D7340,0,0,72
D7341,0,0,10
D7342,0,0,55
D7343,0,0,47
D7344,0,0,55
D7345,0,0,94
D7346,0,0,12
D7347,0,0,31
D7348,0,0,37
D7349,0,0,105
D7350,0,0,21
D7351,0,0,8
D7352,0,0,85
D7353,0,0,14
D7354,0,0,27
D7355,0,0,93
D7356,0,0,16
D7357,0,0,81
D7358,0,0,45
D7359,0,0,58
D7360,0,0,22
D7361,0,0,25
D7362,0,0,23
D7363,0,0,7
D7364,0,0,36
D7365,0,0,33
D7366,0,0,9
D7367,0,0,12
D7368,0,0,216
D7369,0,0,50
D7370,0,0,8
D7371,0,0,4
D7372,0,0,49
D7373,0,0,43
D7374,0,0,17
D7375,0,0,16
D7376,0,0,26
D7377,0,0,12
D7378,0,0,19
D7379,0,0,30
D7380,0,0,6
D7381,0,0,30
D7382,0,0,36
D7383,0,0,340
D7384,0,0,135
D7385,0,0,11
D7386,0,0,291
D7387,0,0,549
D7388,0,0,26
D7389,0,0,237
D7390,0,0,116
D7391,0,1,0
D7392,0,0,90
D7393,0,1,0
D7394,0,0,143
D7395,0,0,164
D7396,0,0,145
D7397,0,0,250
D7398,0,1,0
D7399,0,0,59
D7400,0,0,253
D7401,0,0,257
D7402,0,0,23
D7403,0,0,216
D7404,0,0,15
D7405,0,0,112
D7406,0,0,95
D7407,0,0,214
D7408,0,0,78
D7409,0,0,64
D7410,0,0,219
D7411,0,0,557
D7412,0,0,0
D7413,0,0,255
D7414,0,0,18
D7415,0,0,58
D7416,0,0,56
D7417,0,0,20
D7418,0,0,15
D7419,0,0,15
D7420,0,0,62
D7421,0,0,15
D7422,0,0,33
D7423,0,0,30
D7424,0,0,100
D7425,0,0,11
D7426,0,0,112
D7427,0,0,76
D7428,0,0,10
D7429,0,0,6
D7430,0,0,18
D7431,0,0,6
D7432,0,0,2
D7433,0,0,0
D7434,0,0,4
D7435,0,0,9
D7436,0,0,50
D7437,0,0,29
D7438,0,0,86
D7439,0,0,3
D7440,0,0,15
D7441,0,0,29
D7442,0,0,5
D7443,0,0,22
D7444,0,0,0
D7445,0,0,22
D7446,0,0,135
D7447,0,0,50
D7448,0,0,8
D7449,0,0,39
D7450,0,0,32
D7451,0,0,14
D7452,0,0,9
D7453,0,0,4
D7454,0,0,34
D7455,0,0,13
D7456,0,0,7
D7457,0,0,2
D7458,0,0,13
D7459,0,0,4
D7460,0,0,34
D7461,0,0,18
D7462,0,0,6
D7463,0,0,7
D7464,0,0,36
D7465,0,0,3
D7466,0,0,21
D7467,0,0,22
D7468,0,0,0
D7469,0,0,231
D7470,0,1,0
D7471,0,1,0
D7472,0,1,0
D7473,0,2,0
D7474,0,1,0
D7475,0,0,95
D7476,0,0,705
D7477,0,2,0
D7478,0,2,0
D7479,0,0,108
D7480,0,0,9
D7481,0,0,17
D7482,0,0,26
D7483,0,0,0
D7484,0,0,64
D7485,0,0,42
D7486,0,0,8
D7487,0,0,1
D7488,0,0,13
D7489,0,0,189
D7490,0,0,27
D7491,0,0,9
D7492,0,0,277
D7493,0,0,58
D7494,0,0,127
D7495,0,0,19
D7496,0,0,6
D7497,0,0,65
D7498,0,0,17
D7499,0,0,225
D7500,0,0,15
D7501,0,0,8
D7502,0,0,90
D7503,0,0,499
D7504,0,0,62
D7505,0,0,18
D7506,0,0,2
D7507,0,0,54
D7508,0,0,13
D7509,0,0,57
D7510,0,0,2
D7511,0,0,20
D7512,0,0,47
D7513,0,0,5
D7514,0,0,36
D7515,0,0,16
D7516,0,0,13
D7517,0,0,12
D7518,0,0,4
D7519,0,0,119
D7520,0,0,0
D7521,0,0,12
D7522,0,0,143
D7523,0,0,37
D7524,0,0,7
D7525,0,0,2
D7526,0,0,23
D7527,0,0,0
D7528,0,0,39
D7529,0,0,14
D7530,0,0,3
D7531,0,0,4
D7532,0,0,6
D7533,0,0,23
D7534,0,0,20
D7535,0,0,12
D7536,0,0,3
D7537,0,0,5
D7538,0,0,5
D7539,0,0,12
D7540,0,0,2
D7541,0,2,0
D7542,0,0,24
D7543,0,0,19
D7544,0,0,25
D7545,0,0,16
D7546,0,0,15
D7547,0,0,32
D7548,0,0,7
D7549,0,0,2
D7550,0,0,2
D7551,0,0,17
D7552,0,0,23
D7553,0,0,33
D7554,0,0,93
D7555,0,0,2
D7556,0,0,0
D7557,0,0,0
D7558,0,0,2
D7559,0,0,2
D7560,0,0,6
D7561,0,0,0
D7562,0,0,1
D7563,0,0,3
D7564,0,0,229
D7565,0,0,630
D7566,0,0,113
D7567,0,0,236
D7568,0,0,32
D7569,0,0,100
D7570,0,0,964
D7571,0,0,325
D7572,0,0,1268
D7573,0,0,462
D7574,0,0,530
D7575,0,0,274
D7576,0,0,87
D7577,0,0,201
D7578,0,0,1214
D7579,0,0,920
D7580,0,0,584
D7581,0,0,1020
D7582,0,0,5
D7583,0,0,27
D7584,0,0,163
D7585,0,0,277
D7586,0,0,114
D7587,0,0,65
D7588,0,0,90
D7589,0,0,107
D7590,0,0,53
D7591,0,0,121
D7592,0,0,18
D7593,0,0,110
D7594,0,0,12
D7595,0,0,120
D7596,0,0,718
D7597,0,0,67
D7598,0,0,9
D7599,0,0,72
D7600,0,0,36
D7601,0,0,144
D7602,0,0,194
D7603,0,0,197
D7604,0,0,13
D7605,0,0,14
D7606,0,0,124
D7607,0,0,95
D7608,0,0,104
D7609,0,0,17
D7610,0,0,355
D7611,0,0,190
D7612,0,0,9
D7613,0,0,5
D7614,0,0,751
D7615,0,0,36
D7616,0,0,84
D7617,0,0,559
D7618,0,0,159
D7619,0,0,18
D7620,0,0,75
D7621,0,0,101
D7622,0,0,86
D7623,0,0,183
D7624,0,0,44
D7625,0,0,65
D7626,0,0,229
D7627,0,0,77
D7628,0,0,251
D7629,0,0,156
D7630,0,0,269
D7631,0,0,438
D7632,0,0,91
D7633,0,0,134
D7634,0,0,270
D7635,0,0,107
D7636,0,0,203
D7637,0,0,185
D7638,0,0,101
D7639,0,0,52
D7640,0,0,164
D7641,0,0,81
D7642,0,0,21
D7643,0,0,20
D7644,0,0,2
D7645,0,0,15
D7646,0,0,106
D7647,0,0,128
D7648,0,0,0
D7649,0,0,15
D7650,0,0,114
D7651,0,0,64
D7652,0,0,0
D7653,0,0,39
D7654,0,0,11
D7655,0,0,9
D7656,0,0,27
D7657,0,0,82
D7658,0,0,16
D7659,0,0,33
D7660,0,0,24
D7661,0,0,266
D7662,0,0,32
D7663,0,0,131
D7664,0,0,34
D7665,0,0,93
D7666,0,0,70
D7667,0,0,65
D7668,0,0,10
D7669,0,0,22
D7670,0,0,77
D7671,0,0,47
D7672,0,0,39
D7673,0,0,32
D7674,0,0,63
D7675,0,0,66
D7676,0,0,150
D7677,0,0,654
D7678,0,0,82
D7679,0,0,63
D7680,0,0,55
D7681,0,0,23
D7682,0,0,15
D7683,0,0,16
D7684,0,0,62
D7685,0,0,35
D7686,0,0,0
D7687,0,0,48
D7688,0,0,15
D7689,0,0,272
D7690,0,0,4
D7691,0,0,23
D7692,0,0,34
D7693,0,0,1
D7694,0,0,14
D7695,0,0,0
D7696,0,0,5
D7697,0,0,19
D7698,0,0,158
D7699,0,0,57
D7700,0,0,22
D7701,0,0,9
D7702,0,0,256
D7703,0,0,34
D7704,0,0,273
D7705,0,0,46
D7706,0,0,23
D7707,0,0,15
D7708,0,0,73
D7709,0,0,38
D7710,0,0,17
D7711,0,0,76
D7712,0,0,56
D7713,0,0,221
D7714,0,0,90
D7715,0,0,52
D7716,0,0,57
D7717,0,0,58
D7718,0,0,101
D7719,0,0,259
D7720,0,0,7
D7721,0,0,13
D7722,0,0,240
D7723,0,0,18
D7724,0,0,14
D7725,0,0,118
D7726,0,0,28
D7727,0,0,80
D7728,0,0,32
D7729,0,0,121
D7730,0,0,33
D7731,0,0,13
D7732,0,0,6
D7733,0,0,68
D7734,0,0,92
D7735,0,0,118
D7736,0,0,22
D7737,0,0,106
D7738,0,0,162
D7739,0,0,79
D7740,0,0,31
D7741,0,0,66
D7742,0,0,107
D7743,0,0,181
D7744,0,0,117
D7745,0,0,116
D7746,0,0,31
D7747,0,0,77
D7748,0,0,40
D7749,0,0,15
D7750,0,0,6
D7751,0,0,14
D7752,0,0,21
D7753,0,0,54
D7754,0,0,131
D7755,0,0,18
D7756,0,0,6
D7757,0,0,19
D7758,0,0,14
D7759,0,0,12
D7760,0,0,22
D7761,0,0,10
D7762,0,0,19
D7763,0,0,53
D7764,0,0,3
D7765,0,0,458
D7766,0,0,1
D7767,0,0,29
D7768,0,0,44
D7769,0,0,2
D7770,0,0,9
D7771,0,0,70
D7772,0,0,16
D7773,0,0,64
D7774,0,0,11
D7775,0,0,24
D7776,0,0,1
D7777,0,0,19
D7778,0,0,18
D7779,0,0,37
D7780,0,0,30
D7781,0,0,49
D7782,0,0,35
D7783,0,0,61
D7784,0,0,8
D7785,0,0,110
D7786,0,0,43
D7787,0,0,25
D7788,0,0,0
D7789,0,0,4
D7790,0,0,0
D7791,0,0,0
D7792,0,0,5
D7793,0,0,2
D7794,0,0,2
D7795,0,0,4
D7796,0,0,17
D7797,0,0,13
D7798,0,0,0
D7799,0,0,0
D7800,0,0,3
D7801,0,0,5
D7802,0,0,0
D7803,0,0,7
D7804,0,0,9
D7805,0,0,3
D7806,0,0,0
D7807,0,0,59
D7808,0,0,0
D7809,0,0,124
D7810,0,0,11
D7811,0,0,285
D7812,0,0,40
D7813,0,0,54
D7814,0,0,33
D7815,0,0,322
D7816,0,0,93
D7817,0,0,1
D7818,0,0,6
D7819,0,0,7
D7820,0,0,15
D7821,0,0,28
D7822,0,0,6
D7823,0,0,10
D7824,0,0,3
D7825,0,0,10
D7826,0,0,36
D7827,0,0,2
D7828,0,0,11
D7829,0,0,2
D7830,0,0,9
D7831,0,0,71
D7832,0,0,41
D7833,0,0,12
D7834,0,0,4
D7835,0,0,43
D7836,0,0,13
D7837,0,0,16
D7838,0,0,44
D7839,0,0,37
D7840,0,0,147
D7841,0,0,65
D7842,0,0,18
D7843,0,0,70
D7844,0,0,12
D7845,0,0,28
D7846,0,0,75
D7847,0,0,14
D7848,0,0,49
D7849,0,0,0
D7850,0,0,40
D7851,0,0,44
D7852,0,0,22
D7853,0,0,24
D7854,0,0,2
D7855,0,0,12
D7856,0,0,0
D7857,0,0,15
D7858,0,0,5
D7859,0,0,7
D7860,0,0,27
D7861,0,0,19
D7862,0,0,17
D7863,0,0,4
D7864,0,0,0
D7865,0,0,0
D7866,0,0,28
D7867,0,0,7
D7868,0,0,17
D7869,0,0,0
D7870,0,0,22
D7871,0,0,18
D7872,0,0,16
D7873,0,0,2
D7874,0,0,4
D7875,0,0,0
D7876,0,0,16
D7877,0,0,5
D7878,0,0,9
D7879,0,0,5
D7880,0,0,33
D7881,0,0,0
D7882,0,0,37
D7883,0,0,31
D7884,0,0,16
D7885,0,0,30
D7886,0,0,1
D7887,0,0,17
D7888,0,0,24
D7889,0,0,1
D7890,0,0,5
D7891,0,0,205
D7892,0,0,76
D7893,0,0,122
D7894,0,0,112
D7895,0,0,257
D7896,0,0,5
D7897,0,0,2
D7898,0,0,10
D7899,0,0,137
D7900,0,0,130
D7901,0,0,28
D7902,0,0,162
D7903,0,0,449
D7904,0,0,102
D7905,0,0,162
D7906,0,0,58
D7907,0,0,24
D7908,0,0,104
D7909,0,0,24
D7910,0,0,165
D7911,0,0,68
D7912,0,0,7
D7913,0,0,16
D7914,0,0,0
D7915,0,0,70
D7916,0,0,7
D7917,0,0,26
D7918,0,0,351
D7919,0,0,42
D7920,0,0,9
D7921,0,0,5
D7922,0,0,26
D7923,0,0,120
D7924,0,0,62
D7925,0,0,3
D7926,0,0,1
D7927,0,0,6
D7928,0,0,31
D7929,0,0,6
D7930,0,0,8
D7931,0,0,10
D7932,0,0,75
D7933,0,0,17
D7934,0,0,24
D7935,0,0,48
D7936,0,0,7
D7937,0,0,21
D7938,0,0,10
D7939,0,0,49
D7940,0,0,16
D7941,0,0,1
D7942,0,0,20
D7943,0,0,65
D7944,0,0,38
D7945,0,0,19
D7946,0,0,43
D7947,0,0,80
D7948,0,0,154
D7949,0,0,80
D7950,0,0,125
D7951,0,0,9
D7952,0,0,11
D7953,0,0,4
D7954,0,0,62
D7955,0,0,4
D7956,0,0,4
D7957,0,0,1
D7958,0,0,0
D7959,0,0,33
D7960,0,0,1
D7961,0,0,1
D7962,0,0,3
D7963,0,0,121
D7964,0,0,54
D7965,0,0,0
D7966,0,0,11
D7967,0,0,20
D7968,0,0,3
D7969,0,0,1
D7970,0,0,5
D7971,0,0,5
D7972,0,0,39
D7973,0,0,9
D7974,0,0,2
D7975,0,0,46
D7976,0,0,0
D7977,0,0,1
D7978,0,0,19
D7979,0,0,1
D7980,0,0,5
D7981,0,0,1
D7982,0,0,13
D7983,0,0,5
D7984,0,0,8
D7985,0,0,10
D7986,0,0,13
D7987,0,0,19
D7988,0,0,0
D7989,0,0,2
D7990,0,0,42
D7991,0,0,4
D7992,0,0,3
D7993,0,0,14
D7994,0,0,5
D7995,0,0,0
D7996,0,0,23
D7997,0,0,60
D7998,0,0,2
D7999,0,0,2
D8000,0,0,16
D8001,0,0,14
D8002,0,0,0
D8003,0,0,32
D8004,0,0,39
D8005,0,0,36
D8006,0,0,0
D8007,0,0,12
D8008,0,0,3
D8009,0,0,35
D8010,0,0,11
D8011,0,0,16
D8012,0,0,13
D8013,0,0,23
D8014,0,0,11
D8015,0,0,8
D8016,0,0,8
D8017,0,0,1
D8018,0,0,3
D8019,0,0,7
D8020,0,0,4
D8021,0,0,8
D8022,0,0,60
D8023,0,0,10
D8024,0,0,22
D8025,0,0,59
D8026,0,39,0
D8027,0,31,0
D8028,0,0,21
D8029,0,0,24
D8030,0,0,4
D8031,0,0,4
D8032,0,0,17
D8033,0,0,14
D8034,0,0,2
D8035,0,0,115
D8036,0,0,123
D8037,0,11,0
D8038,0,0,128
D8039,0,0,19
D8040,0,0,15
D8041,0,4,0
D8042,0,0,21
D8043,0,0,2
D8044,0,0,60
D8045,0,0,110
D8046,0,5,0
D8047,0,6,0
D8048,0,0,14
D8049,0,4,0
D8050,0,8,0
D8051,0,0,14
D8052,0,0,3
D8053,0,0,5
D8054,0,0,9
D8055,0,0,17
D8056,0,0,2
D8057,0,0,6
D8058,0,0,17
D8059,0,0,3
D8060,0,0,2
D8061,0,0,25
D8062,0,0,39
D8063,0,0,44
D8064,0,0,175
D8065,0,5,0
D8066,0,4,0
D8067,0,6,0
D8068,0,6,0
D8069,0,6,0
D8070,0,0,4
D8071,0,0,20
D8072,0,0,8
D8073,0,0,12
D8074,0,0,2
D8075,0,0,2
D8076,0,0,24
D8077,0,0,4
D8078,0,0,3
D8079,0,0,8
D8080,0,0,22
D8081,0,0,6
D8082,0,0,11
D8083,0,0,10
D8084,0,0,3
D8085,0,0,0
D8086,0,0,211
D8087,0,0,22
D8088,0,0,2
D8089,0,0,2
D8090,0,0,7
D8091,0,0,5
D8092,0,0,2
D8093,0,0,6
D8094,0,0,2
D8095,0,0,6
D8096,0,0,3
D8097,0,0,33
D8098,0,0,0
D8099,0,0,36
D8100,0,0,19
D8101,0,0,1
D8102,0,0,6
D8103,0,0,2
D8104,0,0,12
D8105,0,0,23
D8106,0,0,22
D8107,0,0,15
D8108,0,0,4
D8109,0,0,30
D8110,0,0,4
D8111,0,0,19
D8112,0,0,2
D8113,0,0,13
D8114,0,0,2
D8115,0,0,10
D8116,0,0,33
D8117,0,0,0
D8118,0,0,35
D8119,0,0,2
D8120,0,0,8
D8121,0,0,6
D8122,0,0,12
D8123,0,0,0
D8124,0,0,0
D8125,0,0,9
D8126,0,0,2
D8127,0,0,8
D8128,0,0,3
D8129,0,0,0
D8130,0,0,0
D8131,0,0,1
D8132,0,0,314
D8133,0,0,296
D8134,0,0,13
D8135,0,0,52
D8136,0,0,88
D8137,0,0,29
D8138,0,0,23
D8139,0,0,26
D8140,0,0,38
D8141,0,0,8
D8142,0,0,11
D8143,0,0,12
D8144,0,0,4
D8145,0,0,4
D8146,0,0,30
D8147,0,0,31
D8148,0,0,41
D8149,0,0,7
D8150,0,0,16
D8151,0,0,12
D8152,0,0,0
D8153,0,0,5
D8154,0,0,5
D8155,0,0,8
D8156,0,0,16
D8157,0,0,14
D8158,0,0,31
D8159,0,0,25
D8160,0,0,21
D8161,0,0,3
D8162,0,0,2
D8163,0,0,2
D8164,0,0,1
D8165,0,0,3
D8166,0,0,14
D8167,0,0,5
D8168,0,0,9
D8169,0,0,5
D8170,0,0,14
D8171,0,0,1
D8172,0,0,0
D8173,0,0,0
D8174,0,0,1
D8175,0,0,4
D8176,0,0,27
D8177,0,0,8
D8178,0,0,0
D8179,0,0,0
D8180,0,0,4
D8181,0,0,2
D8182,0,0,0
D8183,0,0,1
D8184,0,0,3
D8185,0,0,1
D8186,0,0,0
D8187,0,0,0
D8188,0,0,9
D8189,0,0,4
D8190,0,0,2
D8191,0,0,1
D8192,0,0,38
D8193,0,12,0
D8194,0,9,0
D8195,0,9,0
D8196,0,0,3
D8197,0,4,0
D8198,0,0,5
D8199,0,0,0
