config,combo_count,wheel_count,cartwheel_first_count,glue_count
D0000,80,0,6118,15437
D0001,227,0,9061,729
D0002,9,0,0,12565
D0003,6,0,19539,4515
D0004,20,0,155426,2595011
D0005,54,0,1266,30765
D0006,0,0,33535,8
D0007,0,0,0,82
D0008,4,0,27774,931
D0009,0,0,3038,30
D0010,47,0,0,0
D0011,40,0,0,0
D0012,12,0,1567,886966
D0013,38,0,68,1053
D0014,0,0,0,73
D0015,0,0,32419,7
D0016,0,0,0,0
D0017,18,0,0,0
D0018,15,0,4,0
D0019,42,0,0,0
D0020,16,0,0,2
D0021,53,0,0,0
D0022,12,0,2,0
D0023,0,0,0,0
D0024,0,0,4575,892
D0025,0,0,9301,1029
D0026,18,0,0,0
D0027,24,0,0,0
D0028,6,0,0,8350
D0029,12,0,0,0
D0030,20,0,0,0
D0031,3,0,0,0
D0032,0,0,0,30
D0033,0,0,1232,0
D0034,19,0,0,0
D0035,8,0,0,0
D0036,12,0,0,0
D0037,6,0,0,0
D0038,0,0,78,0
D0039,6,0,0,0
D0040,313,101,21711,482
D0041,46,0,27,117
D0042,0,0,144,2414
D0043,56,0,1984,13430
D0044,217,0,9709,19778
D0045,195,47,69323,3451847
D0046,116,24,1487,14
D0047,351,0,1254,0
D0048,0,0,3824,12746
D0049,0,0,3387,61423
D0050,83,0,24,0
D0051,116,44,1982,62
D0052,0,0,421,3992
D0053,0,0,330,185868
D0054,0,0,174,32
D0055,0,0,233,1201
D0056,0,0,287,0
D0057,0,0,72,0
D0058,32,0,79,5
D0059,0,0,371,3716
D0060,0,0,673,0
D0061,0,0,144,0
D0062,0,0,45,0
D0063,0,0,1504,144
D0064,0,0,466,4740
D0065,0,0,4024,28724
D0066,0,0,292,0
D0067,0,0,570,4
D0068,12,0,978,1310
D0069,0,0,506,863
D0070,0,8,0,0
D0071,35,5,1133,0
D0072,0,0,194,9008
D0073,16,0,2855,19286
D0074,0,0,15,12
D0075,0,0,2378,69
D0076,0,0,614,0
D0077,0,0,2582,45
D0078,20,0,2411,3
D0079,43,0,153,12
D0080,0,0,554,0
D0081,0,0,18,18
D0082,0,0,9,4
D0083,0,0,1365,9
D0084,0,0,562,36
D0085,0,0,312,3
D0086,0,0,908,29271
D0087,0,0,304,547
D0088,0,0,168,0
D0089,0,0,1084,0
D0090,0,0,313,22848
D0091,0,0,2096,2193
D0092,0,0,1118,0
D0093,0,9,0,0
D0094,0,0,111,0
D0095,0,0,844,0
D0096,26,9,4257,60
D0097,0,0,53,44
D0098,0,0,78,3
D0099,0,0,73,0
D0100,0,0,121,150694
D0101,0,0,151,0
D0102,0,0,55,0
D0103,24,0,6,0
D0104,0,0,91,0
D0105,0,0,133,0
D0106,0,0,351,12
D0107,0,0,83,33
D0108,0,0,65,0
D0109,0,0,867,12
D0110,0,0,369,2
D0111,0,0,164,0
D0112,0,0,277,4
D0113,0,0,388,0
D0114,0,0,55,0
D0115,0,0,180,0
D0116,0,0,1625,48297
D0117,0,0,52,228
D0118,0,0,206,14
D0119,0,0,12,0
D0120,0,0,318,175
D0121,0,0,2296,0
D0122,0,0,1923,0
D0123,0,0,423,4
D0124,8,0,12,10
D0125,10,0,9,0
D0126,0,0,101,4
D0127,0,0,71,0
D0128,0,0,30,0
D0129,0,0,29,0
D0130,0,0,24,179
D0131,0,0,1555,20
D0132,0,0,121,0
D0133,0,0,34,0
D0134,0,0,45,0
D0135,0,0,1504,0
D0136,0,0,2023,540
D0137,0,0,2871,2
D0138,0,0,182,0
D0139,0,0,383,0
D0140,0,0,672,12
D0141,0,0,1887,20754
D0142,0,0,177,0
D0143,0,5,0,0
D0144,0,0,175,1
D0145,0,0,270,0
D0146,0,0,1452,0
D0147,0,0,713,0
D0148,0,0,438,0
D0149,0,0,352,0
D0150,0,0,278,0
D0151,0,0,116,0
D0152,0,0,37,0
D0153,0,0,64,2
D0154,0,0,423,0
D0155,0,0,549,0
D0156,0,0,554,25
D0157,0,0,623,32899
D0158,0,0,266,0
D0159,0,0,173,0
D0160,0,0,875,850
D0161,0,0,501,449
D0162,0,0,325,0
D0163,0,0,181,0
D0164,0,0,379,0
D0165,0,0,1558,0
D0166,0,0,426,0
D0167,4,0,47,0
D0168,0,0,930,0
D0169,0,0,80,0
D0170,0,0,449,0
D0171,0,0,162,0
D0172,0,0,449,0
D0173,0,0,1595,0
D0174,0,0,45,0
D0175,0,0,136,0
D0176,0,0,290,411
D0177,0,0,796,487
D0178,0,0,50,0
D0179,0,0,193,14
D0180,0,0,47,0
D0181,0,0,158,0
D0182,0,0,158,0
D0183,0,0,13,0
D0184,0,0,82,0
D0185,0,0,730,0
D0186,0,0,129,0
D0187,0,0,397,0
D0188,0,0,586,0
D0189,0,0,2056,0
D0190,0,0,893,0
D0191,0,0,88,0
D0192,0,0,126,0
D0193,0,0,12,0
D0194,0,0,33,233
D0195,0,0,27,52
D0196,0,0,30,0
D0197,0,0,18,0
D0198,0,0,1077,475
D0199,0,0,790,24
D0200,0,0,420,0
D0201,0,0,787,0
D0202,0,0,2008,0
D0203,0,0,331,0
D0204,0,1,0,0
D0205,0,1,0,6
D0206,0,0,248,0
D0207,0,0,64,0
D0208,0,0,122,9
D0209,0,0,135,13
D0210,0,0,19,0
D0211,0,0,101,0
D0212,0,0,687,0
D0213,0,0,503,1260
D0214,0,0,71,0
D0215,0,0,390,0
D0216,0,0,30,0
D0217,0,0,80,0
D0218,0,0,400,0
D0219,0,0,271,0
D0220,0,0,81,0
D0221,0,0,115,0
D0222,0,0,265,0
D0223,0,0,705,0
D0224,0,0,911,0
D0225,0,0,994,26
D0226,0,0,243,0
D0227,0,0,125,0
D0228,0,0,287,0
D0229,0,0,284,3833
D0230,0,0,152,0
D0231,0,0,289,0
D0232,0,0,160,0
D0233,0,0,1098,264
D0234,0,0,200,0
D0235,0,0,591,0
D0236,0,0,162,0
D0237,0,0,677,0
D0238,0,0,617,0
D0239,0,0,195,20
D0240,0,0,24,0
D0241,0,0,60,0
D0242,0,0,67,0
D0243,0,0,36,0
D0244,0,0,68,130
D0245,0,0,98,0
D0246,0,0,35,0
D0247,0,0,84,0
D0248,0,0,1028,110
D0249,0,0,37,0
D0250,0,0,14,0
D0251,0,0,122,0
D0252,0,0,813,61
D0253,0,0,557,0
D0254,0,0,525,0
D0255,0,0,1094,0
D0256,0,0,147,0
D0257,0,0,151,0
D0258,0,0,83,0
D0259,0,0,507,0
D0260,0,0,57,0
D0261,0,0,47,0
D0262,0,0,590,0
D0263,0,0,172,0
D0264,0,0,460,0
D0265,0,0,41,0
D0266,0,0,115,0
D0267,0,0,58,0
D0268,0,0,497,36
D0269,0,0,38,0
D0270,21,0,5787,282
D0271,0,0,363,0
D0272,0,0,4630,82647
D0273,0,0,8926,1799
D0274,0,0,343,295
D0275,0,0,7087,300
D0276,0,0,3784,418
D0277,0,0,2359,130
D0278,0,0,5989,159
D0279,0,0,651,213
D0280,0,0,810,495
D0281,0,0,674,540
D0282,0,0,260,0
D0283,0,0,219,1
D0284,0,0,84,0
D0285,0,0,241,0
D0286,0,0,1136,582
D0287,0,0,2782,57462
D0288,0,0,171,0
D0289,0,0,132,0
D0290,0,0,595,31
D0291,0,0,2052,323104
D0292,0,0,249,0
D0293,0,0,365,6
D0294,0,0,348,0
D0295,0,0,231,2
D0296,0,0,152,10
D0297,0,0,1168,115
D0298,0,0,606,12
D0299,0,0,72,16
D0300,0,0,2156,1206
D0301,0,0,1873,20856
D0302,0,0,66,0
D0303,0,0,39,0
D0304,0,0,121,0
D0305,0,0,144,0
D0306,0,0,1360,16
D0307,0,0,3349,85
D0308,0,0,18,2
D0309,0,0,41,190
D0310,0,0,770,42
D0311,0,0,1000,44
D0312,0,0,304,3
D0313,0,0,121,6
D0314,0,0,110,0
D0315,0,0,506,8
D0316,0,0,1703,162
D0317,0,0,2440,3406
D0318,0,0,1075,70
D0319,0,0,729,0
D0320,0,0,2092,433
D0321,0,0,1934,2801
D0322,0,0,120,1
D0323,0,0,356,0
D0324,0,0,596,0
D0325,0,0,1083,45
D0326,0,0,534,13
D0327,0,0,710,62
D0328,0,0,2219,50
D0329,0,0,646,4
D0330,0,0,933,0
D0331,88,0,1649,12
D0332,148,0,662,0
D0333,0,0,2202,0
D0334,0,0,1645,4
D0335,0,0,452,0
D0336,0,0,4160,49
D0337,0,0,2447,2061
D0338,0,0,470,0
D0339,0,0,842,6
D0340,0,0,5548,2885
D0341,0,0,2136,185
D0342,0,0,998,37
D0343,0,0,87,0
D0344,4,0,551,2
D0345,0,0,1128,0
D0346,0,0,2061,0
D0347,0,0,140,0
D0348,0,0,393,42
D0349,0,0,49,0
D0350,0,0,32,22
D0351,0,0,323,42
D0352,0,0,193,0
D0353,0,0,123,0
D0354,0,0,146,0
D0355,0,0,63,0
D0356,0,0,965,1969
D0357,0,0,243,1
D0358,0,0,43,0
D0359,0,0,68,0
D0360,0,0,92,1863
D0361,0,0,668,13
D0362,0,0,189,0
D0363,0,0,82,15
D0364,0,0,153,0
D0365,0,0,240,60
D0366,0,0,203,0
D0367,0,0,396,0
D0368,0,0,126,2
D0369,0,0,171,0
D0370,0,0,539,22
D0371,0,0,917,9
D0372,0,0,301,9
D0373,0,0,165,0
D0374,0,0,96,2
D0375,0,0,80,0
D0376,0,0,706,658
D0377,0,0,242,156
D0378,0,0,207,0
D0379,0,0,10,0
D0380,0,0,17,0
D0381,8,0,274,48
D0382,0,0,72,18
D0383,0,0,695,22919
D0384,0,0,1144,0
D0385,0,0,377,61
D0386,0,0,1797,82
D0387,0,0,628,0
D0388,0,0,163,32
D0389,0,0,403,3
D0390,0,0,389,15
D0391,0,0,154,0
D0392,0,0,172,1
D0393,0,0,125,4
D0394,0,0,230,0
D0395,0,0,63,6626
D0396,0,0,86,0
D0397,0,0,125,0
D0398,0,0,416,18
D0399,0,0,57,391
D0400,0,0,30,0
D0401,0,0,33,0
D0402,0,0,59,18
D0403,0,0,67,5645
D0404,0,0,48,0
D0405,0,0,54,60
D0406,0,0,42,0
D0407,0,0,42,0
D0408,0,0,39,131
D0409,0,0,132,62
D0410,0,0,45,3
D0411,0,0,72,0
D0412,0,0,74,0
D0413,0,0,86,4
D0414,0,0,1435,580
D0415,0,0,4342,19244
D0416,0,0,45,0
D0417,0,0,101,0
D0418,0,0,18,60
D0419,0,0,103,317
D0420,0,0,93,0
D0421,0,0,292,4
D0422,0,0,2058,386
D0423,0,0,1566,200
D0424,0,0,1314,18
D0425,0,0,684,119
D0426,0,0,138,3
D0427,0,0,284,0
D0428,0,0,189,0
D0429,0,0,438,0
D0430,0,0,57,0
D0431,0,0,286,0
D0432,0,0,603,0
D0433,0,0,626,2
D0434,0,0,550,112
D0435,0,0,1353,278
D0436,0,0,147,0
D0437,0,0,443,0
D0438,0,0,2330,51
D0439,0,0,333,81
D0440,0,0,76,0
D0441,0,0,538,0
D0442,0,0,2670,7691
D0443,0,0,1497,18
D0444,0,0,544,2
D0445,0,0,555,0
D0446,0,0,104,0
D0447,0,0,145,0
D0448,0,0,181,0
D0449,0,0,177,0
D0450,0,0,370,12
D0451,0,0,1224,10
D0452,0,0,98,0
D0453,0,0,86,0
D0454,0,0,365,4493
D0455,0,0,794,21
D0456,0,0,40,0
D0457,0,0,51,0
D0458,0,0,910,107
D0459,0,0,680,1
D0460,0,0,96,0
D0461,0,0,79,0
D0462,0,0,198,138
D0463,0,0,1017,0
D0464,0,0,1348,0
D0465,0,0,280,0
D0466,0,0,1100,6
D0467,0,0,1041,0
D0468,0,0,344,2
D0469,0,0,940,32
D0470,0,0,456,0
D0471,0,0,29,0
D0472,0,0,1462,24
D0473,0,0,481,58
D0474,0,0,1651,281
D0475,0,0,520,218
D0476,0,0,139,0
D0477,0,0,105,2
D0478,0,0,856,1349
D0479,0,0,911,2
D0480,0,0,1097,104
D0481,8,0,1480,361
D0482,0,0,381,0
D0483,0,0,452,0
D0484,0,0,65,0
D0485,0,0,194,0
D0486,0,0,788,0
D0487,0,0,1914,114
D0488,0,0,87,0
D0489,0,0,844,0
D0490,0,0,325,50
D0491,0,0,429,20
D0492,0,0,383,4
D0493,0,0,433,0
D0494,0,0,493,0
D0495,0,0,313,0
D0496,0,0,1157,0
D0497,8,0,548,100
D0498,0,0,198,2
D0499,0,0,744,0
D0500,0,0,312,0
D0501,0,0,948,44
D0502,0,0,434,0
D0503,0,0,339,0
D0504,0,0,97,0
D0505,0,0,75,0
D0506,0,0,586,309
D0507,0,0,1021,9284
D0508,0,0,190,0
D0509,0,0,84,0
D0510,0,0,138,2
D0511,0,0,1258,382
D0512,0,0,186,0
D0513,0,0,150,0
D0514,20,0,368,0
D0515,0,0,231,2
D0516,0,0,242,0
D0517,0,0,1322,0
D0518,0,0,599,0
D0519,0,0,228,0
D0520,0,0,433,0
D0521,0,0,116,65
D0522,0,0,72,0
D0523,0,0,176,132
D0524,0,0,6,0
D0525,0,0,9,0
D0526,0,0,102,5
D0527,0,0,133,168
D0528,0,0,42,0
D0529,0,0,59,0
D0530,0,0,166,0
D0531,0,0,133,6
D0532,0,0,32,2
D0533,0,0,12,0
D0534,0,0,80,0
D0535,0,0,139,0
D0536,0,0,94,0
D0537,0,0,278,11
D0538,0,0,216,65
D0539,0,0,19,0
D0540,0,0,178,0
D0541,0,0,95,0
D0542,0,0,153,0
D0543,0,0,23,0
D0544,0,0,12,0
D0545,12,0,883,8
D0546,0,0,159,893
D0547,0,0,161,0
D0548,0,0,21,0
D0549,0,0,13,0
D0550,0,0,62,10889
D0551,8,0,662,28
D0552,0,0,53,0
D0553,0,0,30,0
D0554,0,0,37,0
D0555,0,0,114,0
D0556,0,0,242,5
D0557,0,0,121,12
D0558,0,0,108,8
D0559,0,0,107,0
D0560,0,0,161,0
D0561,0,0,199,0
D0562,0,0,164,0
D0563,0,0,152,0
D0564,0,0,106,0
D0565,0,0,112,0
D0566,0,0,49,86
D0567,0,0,20,56
D0568,0,0,16,0
D0569,0,0,36,0
D0570,0,0,30,0
D0571,0,0,27,89
D0572,0,0,21,0
D0573,0,0,26,0
D0574,0,0,36,0
D0575,0,0,24,4
D0576,0,0,21,0
D0577,0,0,21,8
D0578,0,0,34,0
D0579,0,0,36,0
D0580,0,0,61,0
D0581,0,0,16,0
D0582,0,0,100,0
D0583,0,0,347,0
D0584,0,0,287,0
D0585,0,0,2049,622
D0586,0,0,137,0
D0587,0,0,595,0
D0588,0,0,2918,10
D0589,0,0,96,55
D0590,0,0,40,0
D0591,0,0,54,0
D0592,0,0,9016,1
D0593,0,0,1994,0
D0594,0,0,1151,0
D0595,0,0,75,0
D0596,0,0,32,0
D0597,0,0,209,0
D0598,0,0,139,0
D0599,0,0,460,0
D0600,0,0,647,0
D0601,0,0,328,0
D0602,0,0,2214,123
D0603,0,0,851,18
D0604,0,0,315,24
D0605,0,0,674,6
D0606,0,0,1106,0
D0607,0,0,771,0
D0608,0,0,2162,36
D0609,0,0,2174,0
D0610,0,0,1164,0
D0611,16,0,481,0
D0612,0,0,329,238
D0613,0,0,237,4
D0614,0,0,87,523
D0615,0,0,388,0
D0616,0,0,96,0
D0617,0,0,63,0
D0618,0,0,335,364
D0619,0,0,340,0
D0620,0,0,3,0
D0621,0,0,75,0
D0622,0,0,462,424
D0623,0,0,251,0
D0624,0,0,88,0
D0625,0,0,220,0
D0626,0,0,109,0
D0627,0,0,32,0
D0628,0,0,210,0
D0629,0,0,56,1
D0630,0,0,258,0
D0631,0,0,27,0
D0632,20,0,67,0
D0633,0,0,72,0
D0634,0,0,528,11
D0635,0,0,187,0
D0636,0,0,66,0
D0637,0,0,38,0
D0638,0,0,257,836
D0639,0,0,234,4
D0640,0,0,98,0
D0641,0,0,0,0
D0642,0,0,456,12
D0643,0,0,51,54
D0644,0,0,231,0
D0645,0,0,103,0
D0646,0,0,285,0
D0647,0,0,84,0
D0648,0,0,239,4
D0649,0,0,513,0
D0650,0,0,41,0
D0651,0,0,58,0
D0652,0,0,174,2
D0653,0,0,280,0
D0654,0,0,473,7
D0655,0,0,557,60
D0656,0,0,127,0
D0657,0,0,113,20
D0658,0,0,350,40
D0659,0,0,86,0
D0660,0,0,43,0
D0661,0,0,44,0
D0662,0,0,268,0
D0663,0,0,765,4
D0664,0,0,230,88
D0665,0,0,190,334
D0666,0,0,170,2
D0667,0,0,531,0
D0668,0,0,192,6
D0669,0,0,330,0
D0670,0,0,106,0
D0671,0,0,234,0
D0672,0,0,323,0
D0673,0,0,116,0
D0674,0,0,664,0
D0675,0,0,327,97
D0676,0,0,198,0
D0677,0,0,237,0
D0678,0,0,618,0
D0679,0,0,1496,1177
D0680,0,0,448,283
D0681,0,0,28,0
D0682,0,0,112,12
D0683,0,0,165,0
D0684,0,0,424,0
D0685,0,0,126,0
D0686,0,0,103,0
D0687,0,0,301,0
D0688,0,0,124,0
D0689,0,0,115,0
D0690,0,0,340,3
D0691,0,0,280,40
D0692,8,0,1361,6
D0693,0,0,106,2
D0694,0,0,153,0
D0695,0,0,136,0
D0696,0,0,1047,1432
D0697,0,0,88,0
D0698,0,0,6,0
D0699,0,0,29,170
D0700,0,0,18,0
D0701,0,0,16,0
D0702,0,0,10,15
D0703,0,0,39,0
D0704,0,0,11,0
D0705,0,0,137,0
D0706,0,0,115,1140
D0707,0,0,57,4
D0708,0,0,6,0
D0709,0,0,13,0
D0710,0,0,175,2
D0711,0,0,83,300
D0712,0,0,36,0
D0713,0,0,65,0
D0714,0,0,19,0
D0715,0,0,24,4
D0716,0,0,79,0
D0717,0,0,69,0
D0718,0,0,16,0
D0719,0,0,21,0
D0720,0,0,38,0
D0721,0,0,22,8
D0722,0,0,24,20
D0723,0,0,129,0
D0724,0,0,337,0
D0725,0,0,44,0
D0726,0,0,968,43
D0727,0,0,429,0
D0728,0,0,72,0
D0729,0,0,7,0
D0730,0,0,559,0
D0731,0,0,412,0
D0732,0,0,123,0
D0733,0,0,14,0
D0734,0,0,11,0
D0735,0,0,196,0
D0736,0,0,731,0
D0737,0,0,1074,0
D0738,0,0,272,0
D0739,0,0,0,0
D0740,0,0,230,0
D0741,0,0,68,0
D0742,0,0,299,0
D0743,0,0,0,8
D0744,0,0,24,0
D0745,0,0,121,0
D0746,0,0,282,0
D0747,0,0,563,3
D0748,0,0,124,0
D0749,0,0,376,0
D0750,0,0,1725,0
D0751,0,0,1115,35
D0752,0,0,224,18
D0753,0,0,5,0
D0754,0,0,80,0
D0755,0,0,203,0
D0756,0,0,234,22
D0757,0,0,73,0
D0758,0,0,8,0
D0759,0,0,178,6
D0760,0,0,83,0
D0761,0,0,207,48
D0762,0,0,181,102
D0763,0,0,74,0
D0764,0,0,15,0
D0765,0,0,36,0
D0766,0,0,21,79
D0767,0,0,117,7
D0768,0,0,254,0
D0769,0,0,54,0
D0770,0,0,170,0
D0771,0,0,46,1
D0772,0,0,1,0
D0773,0,0,20,0
D0774,0,0,37,8
D0775,0,0,93,0
D0776,0,0,75,0
D0777,0,0,84,0
D0778,0,0,24,0
D0779,0,0,42,0
D0780,0,0,24,0
D0781,0,0,33,0
D0782,0,0,174,20
D0783,0,0,16,0
D0784,0,0,1234,72
D0785,0,0,151,0
D0786,0,0,87,0
D0787,0,0,48,0
D0788,0,0,378,0
D0789,0,0,285,0
D0790,0,0,173,0
D0791,0,0,131,0
D0792,0,0,532,22
D0793,0,0,879,39
D0794,0,0,160,0
D0795,0,0,22,0
D0796,0,0,11,0
D0797,0,0,11,0
D0798,0,0,85,54
D0799,0,0,1,0
D0800,0,0,213,0
D0801,0,0,3249,124
D0802,0,0,1860,2492
D0803,0,0,9435,57448
D0804,0,0,1331,266
D0805,0,0,528,821
D0806,0,0,212,12
D0807,0,0,304,4
D0808,0,0,63,22
D0809,0,0,1770,931
D0810,0,0,179,0
D0811,0,0,28,73
D0812,0,0,79,119
D0813,0,0,100,403
D0814,0,0,105,0
D0815,0,0,710,85428
D0816,0,0,99,0
D0817,0,0,208,0
D0818,0,0,2896,1081
D0819,0,0,1404,8107
D0820,0,0,165,0
D0821,0,0,40,0
D0822,0,0,58,404
D0823,0,0,643,253
D0824,0,0,2033,659
D0825,0,0,441,287
D0826,0,0,752,33
D0827,0,0,191,0
D0828,0,0,1088,67
D0829,0,0,1960,334
D0830,0,0,633,70
D0831,0,0,239,63
D0832,0,0,223,12
D0833,0,0,2350,116
D0834,0,0,929,171
D0835,0,0,1093,852
D0836,0,0,359,0
D0837,0,0,22,0
D0838,0,0,1139,423
D0839,0,0,6862,2750
D0840,0,0,162,4
D0841,0,0,202,0
D0842,0,0,4052,10522
D0843,0,0,1842,46
D0844,0,0,730,145
D0845,0,0,545,47
D0846,0,0,909,142
D0847,0,0,1318,25
D0848,0,0,391,407
D0849,0,0,479,54
D0850,0,0,97,0
D0851,0,0,471,10
D0852,0,0,564,256
D0853,0,0,1067,258
D0854,0,0,6283,60463
D0855,0,0,466,41
D0856,0,0,540,0
D0857,0,0,76,0
D0858,0,0,943,5210
D0859,0,0,512,994
D0860,0,0,136,4
D0861,0,0,6,0
D0862,0,0,356,3133
D0863,0,0,136,200
D0864,0,0,120,47
D0865,0,0,161,19
D0866,0,0,197,0
D0867,0,0,53,10
D0868,0,0,20,20
D0869,0,0,72,206
D0870,0,0,229,4
D0871,0,0,36,0
D0872,0,0,57,112
D0873,0,0,28,18
D0874,0,0,286,621
D0875,0,0,149,1005
D0876,0,0,75,0
D0877,0,0,49,6
D0878,0,0,1231,3482
D0879,0,0,194,143
D0880,0,0,169,0
D0881,0,0,395,1804
D0882,0,0,41,0
D0883,0,0,18,36
D0884,0,0,164,0
D0885,0,0,252,10
D0886,0,0,176,2
D0887,0,0,262,36
D0888,0,0,33,0
D0889,0,0,258,4
D0890,0,0,468,156
D0891,0,0,352,18
D0892,0,0,183,0
D0893,0,0,219,0
D0894,0,0,36,0
D0895,0,0,260,0
D0896,0,0,146,734
D0897,0,0,68,529
D0898,0,0,46,4
D0899,0,0,26,0
D0900,0,0,63,179
D0901,0,0,116,12
D0902,0,0,42,12
D0903,0,0,36,14
D0904,0,0,27,0
D0905,0,0,27,6
D0906,0,0,129,22
D0907,0,0,145,792
D0908,0,0,17,0
D0909,0,0,42,0
D0910,0,0,82,0
D0911,0,0,218,5453
D0912,0,0,33,0
D0913,0,0,24,0
D0914,0,0,101,0
D0915,0,0,65,0
D0916,0,0,150,0
D0917,0,0,112,18
D0918,0,0,45,0
D0919,0,0,166,0
D0920,0,0,615,47
D0921,0,0,2239,171
D0922,0,0,396,0
D0923,0,0,113,0
D0924,0,0,1009,7
D0925,0,0,422,40
D0926,8,0,1504,677
D0927,0,0,1144,123
D0928,0,0,192,4
D0929,0,0,180,0
D0930,0,0,134,135
D0931,0,0,28,51
D0932,0,0,115,0
D0933,0,0,69,0
D0934,0,0,50,0
D0935,0,0,242,0
D0936,0,0,210,0
D0937,0,0,75,4
D0938,0,0,106,12
D0939,0,0,79,12
D0940,0,0,615,4
D0941,0,0,146,4
D0942,0,0,36,0
D0943,0,0,54,0
D0944,0,0,12,0
D0945,0,0,12,0
D0946,0,0,2423,26576
D0947,0,0,679,396
D0948,0,0,209,0
D0949,0,0,32,0
D0950,0,0,1077,1306
D0951,0,0,218,60
D0952,0,0,127,0
D0953,0,0,5,0
D0954,0,0,178,0
D0955,0,0,14,27
D0956,0,0,190,0
D0957,0,0,183,45
D0958,0,0,131,38
D0959,0,0,63,0
D0960,0,0,137,245
D0961,0,0,104,0
D0962,0,0,13,8
D0963,0,0,14,0
D0964,0,0,206,0
D0965,0,0,171,0
D0966,0,0,536,77
D0967,0,0,34,28
D0968,0,0,56,35
D0969,0,0,20,0
D0970,0,0,860,975
D0971,0,0,659,81
D0972,0,0,85,0
D0973,0,0,131,0
D0974,0,0,207,0
D0975,0,0,307,2
D0976,0,0,394,15
D0977,0,0,323,9
D0978,0,0,255,0
D0979,0,0,128,0
D0980,0,0,48,0
D0981,0,0,196,2
D0982,0,0,275,20
D0983,0,0,66,68
D0984,0,0,291,3
D0985,0,0,1108,629
D0986,0,0,38,0
D0987,0,0,244,0
D0988,0,0,655,8
D0989,0,0,112,24
D0990,0,0,30,0
D0991,0,0,48,0
D0992,0,0,486,134
D0993,0,0,172,2825
D0994,0,0,555,0
D0995,0,0,175,10
D0996,0,0,130,20
D0997,0,0,92,18
D0998,0,0,218,24
D0999,0,0,91,74
D1000,0,0,104,0
D1001,0,0,868,12
D1002,0,0,202,12
D1003,0,0,115,0
D1004,0,0,431,0
D1005,0,0,783,715
D1006,0,0,149,0
D1007,0,0,97,0
D1008,0,0,518,22
D1009,0,0,1766,38
D1010,0,0,301,0
D1011,0,0,428,0
D1012,0,0,580,54
D1013,0,0,4177,1042
D1014,0,0,851,71
D1015,0,0,245,0
D1016,0,0,236,8
D1017,0,0,126,0
D1018,0,0,138,0
D1019,0,0,56,20
D1020,0,0,141,0
D1021,0,0,140,0
D1022,0,0,72,0
D1023,0,0,188,6
D1024,0,0,903,84
D1025,0,0,52,146
D1026,0,0,163,0
D1027,0,0,141,0
D1028,0,0,787,0
D1029,0,0,331,357
D1030,0,0,37,0
D1031,0,0,99,0
D1032,0,0,445,309
D1033,0,0,605,307
D1034,0,0,222,0
D1035,0,0,880,84
D1036,0,0,37,0
D1037,0,0,61,0
D1038,0,0,1242,0
D1039,0,0,353,403
D1040,0,0,346,28
D1041,0,0,94,0
D1042,0,0,242,52
D1043,0,0,598,0
D1044,0,0,599,624
D1045,0,0,503,214
D1046,0,0,44,8
D1047,0,0,56,0
D1048,0,0,83,45
D1049,0,0,1162,243
D1050,0,0,31,0
D1051,0,0,68,0
D1052,0,0,1961,869
D1053,0,0,791,25
D1054,0,0,612,0
D1055,0,0,653,2
D1056,0,0,37,0
D1057,0,0,26,0
D1058,8,0,438,111
D1059,0,0,222,0
D1060,0,0,97,16
D1061,0,0,78,0
D1062,0,0,114,0
D1063,0,0,84,24
D1064,0,0,316,719
D1065,0,0,409,225
D1066,0,0,66,0
D1067,0,0,36,0
D1068,0,0,211,9164
D1069,0,0,163,20
D1070,0,0,7,0
D1071,0,0,43,0
D1072,0,0,99,169
D1073,0,0,302,102
D1074,0,0,22,44
D1075,0,0,14,8
D1076,0,0,16,0
D1077,0,0,17,0
D1078,0,0,41,15
D1079,0,0,37,0
D1080,0,0,33,0
D1081,0,0,9,53
D1082,0,0,26,0
D1083,0,0,24,0
D1084,0,0,42,0
D1085,0,0,27,5
D1086,0,0,83,318
D1087,0,0,745,2773
D1088,0,0,61,0
D1089,0,0,35,0
D1090,0,0,47,4
D1091,0,0,174,670
D1092,0,0,52,0
D1093,0,0,37,0
D1094,0,0,20,0
D1095,0,0,67,0
D1096,0,0,76,0
D1097,0,0,126,6
D1098,0,0,62,0
D1099,0,0,97,3
D1100,0,0,252,4
D1101,0,0,315,429
D1102,0,0,34,0
D1103,0,0,8,0
D1104,0,0,85,0
D1105,0,0,72,2
D1106,0,0,62,46
D1107,0,0,141,74
D1108,0,0,44,1
D1109,0,0,71,0
D1110,0,0,328,0
D1111,0,0,108,0
D1112,0,0,51,0
D1113,0,0,207,2
D1114,0,0,45,0
D1115,0,0,73,0
D1116,0,0,131,0
D1117,0,0,435,4848
D1118,0,0,55,0
D1119,0,0,96,2
D1120,0,0,202,249
D1121,0,0,256,296
D1122,0,0,182,2
D1123,0,0,12,0
D1124,0,0,11,1
D1125,0,0,64,34
D1126,0,0,42,0
D1127,0,0,41,170
D1128,0,0,48,4
D1129,0,0,46,24
D1130,0,0,48,20
D1131,0,0,50,40
D1132,0,0,27,18
D1133,0,0,38,0
D1134,0,0,28,0
D1135,0,0,21,0
D1136,0,0,153,4
D1137,0,0,80,65
D1138,0,0,60,0
D1139,0,0,39,0
D1140,0,0,145,40
D1141,0,0,293,98
D1142,0,0,35,0
D1143,0,0,61,0
D1144,0,0,159,12
D1145,0,0,20,0
D1146,0,0,51,130
D1147,0,0,86,50
D1148,0,0,70,2
D1149,0,0,16,0
D1150,0,0,276,20
D1151,0,0,363,10
D1152,0,0,28,46
D1153,0,0,115,4
D1154,0,0,24,0
D1155,0,0,35,4
D1156,0,0,125,1
D1157,8,0,2026,24
D1158,0,0,454,0
D1159,0,0,66,0
D1160,0,0,611,119
D1161,0,0,1416,0
D1162,0,0,139,0
D1163,0,0,25,0
D1164,0,0,459,0
D1165,0,0,244,0
D1166,0,0,495,0
D1167,0,0,51,122
D1168,0,0,293,6
D1169,0,0,837,26
D1170,0,0,130,66
D1171,0,0,630,157
D1172,0,0,172,94
D1173,0,0,331,0
D1174,0,0,37,0
D1175,0,0,276,0
D1176,0,0,3237,75
D1177,0,0,2322,12
D1178,0,0,495,0
D1179,0,0,145,0
D1180,0,0,167,0
D1181,0,0,62,0
D1182,0,0,397,52
D1183,0,0,1650,166
D1184,0,0,698,0
D1185,0,0,807,193
D1186,0,0,384,0
D1187,0,0,298,0
D1188,0,0,99,11
D1189,0,0,520,678
D1190,12,0,281,94
D1191,0,0,108,0
D1192,0,0,221,10
D1193,0,0,717,1032
D1194,0,0,521,190
D1195,0,0,778,1581
D1196,0,0,40,0
D1197,0,0,40,0
D1198,0,0,103,279
D1199,0,0,392,0
D1200,0,0,36,0
D1201,0,0,13,0
D1202,0,0,241,0
D1203,0,0,135,0
D1204,0,0,258,101
D1205,0,0,218,45
D1206,0,0,160,0
D1207,0,0,125,0
D1208,0,0,272,11
D1209,0,0,71,0
D1210,0,0,20,0
D1211,0,0,50,0
D1212,0,0,315,5220
D1213,0,0,35,0
D1214,0,0,185,0
D1215,0,0,8,12
D1216,0,0,13,0
D1217,0,0,19,0
D1218,0,0,266,0
D1219,0,0,59,3
D1220,0,0,21,41
D1221,0,0,58,0
D1222,0,0,95,2
D1223,0,0,214,42
D1224,0,0,787,1
D1225,0,0,773,35
D1226,0,0,115,0
D1227,0,0,62,0
D1228,0,0,293,0
D1229,0,0,341,0
D1230,0,0,79,0
D1231,0,0,69,0
D1232,0,0,604,40
D1233,0,0,126,4
D1234,0,0,382,28
D1235,0,0,20,0
D1236,0,0,43,0
D1237,0,0,88,0
D1238,0,0,103,16
D1239,0,0,0,12
D1240,0,0,138,32
D1241,0,0,145,0
D1242,0,0,88,167
D1243,0,0,79,12
D1244,0,0,78,87
D1245,0,0,1745,1702
D1246,0,0,121,0
D1247,0,0,129,0
D1248,0,0,560,74
D1249,0,0,652,12
D1250,0,0,52,0
D1251,0,0,68,0
D1252,0,0,208,80
D1253,0,0,245,2394
D1254,0,0,367,10
D1255,0,0,302,0
D1256,0,0,151,0
D1257,0,0,96,0
D1258,0,0,202,0
D1259,0,0,634,0
D1260,0,0,76,0
D1261,0,0,378,10
D1262,0,0,0,2
D1263,0,0,252,46
D1264,0,0,810,24
D1265,0,0,753,36
D1266,0,0,38,2
D1267,0,0,121,0
D1268,0,0,464,0
D1269,0,0,481,243
D1270,0,0,71,0
D1271,0,0,13,0
D1272,0,0,397,0
D1273,0,0,195,3
D1274,0,0,59,0
D1275,0,0,89,32
D1276,0,0,78,0
D1277,0,0,153,12
D1278,0,0,48,0
D1279,0,0,345,4
D1280,0,0,46,0
D1281,0,0,100,0
D1282,0,0,65,0
D1283,0,0,159,0
D1284,0,0,103,0
D1285,0,0,93,0
D1286,0,0,553,6
D1287,0,0,323,20
D1288,0,0,60,0
D1289,0,0,178,0
D1290,0,0,416,4
D1291,0,0,213,17
D1292,0,0,20,0
D1293,0,0,8,0
D1294,0,0,268,24
D1295,0,0,36,0
D1296,0,0,9,42
D1297,0,0,7,16
D1298,0,0,3,0
D1299,0,0,16,0
D1300,0,0,116,68
D1301,0,0,64,36
D1302,0,0,36,0
D1303,0,0,69,0
D1304,0,0,119,2
D1305,0,0,148,0
D1306,0,0,46,12
D1307,0,0,39,0
D1308,0,0,24,0
D1309,0,0,38,0
D1310,0,0,38,10
D1311,0,0,52,0
D1312,0,0,75,0
D1313,0,0,24,0
D1314,0,0,36,4
D1315,0,0,24,0
D1316,0,0,148,578
D1317,0,0,51,0
D1318,0,0,82,0
D1319,0,0,62,2
D1320,0,0,2258,36
D1321,0,0,100,161
D1322,8,0,180,44
D1323,0,0,646,0
D1324,0,0,168,0
D1325,0,0,8,0
D1326,0,0,45,4
D1327,0,0,51,0
D1328,0,0,11,0
D1329,0,0,20,0
D1330,0,0,20,10
D1331,0,0,13,0
D1332,0,0,88,0
D1333,0,0,56,0
D1334,0,0,2,0
D1335,0,0,2,0
D1336,0,0,705,0
D1337,0,0,2178,58
D1338,0,0,409,0
D1339,0,0,38,0
D1340,0,0,271,0
D1341,0,0,507,155
D1342,0,0,125,0
D1343,0,0,379,4
D1344,0,0,284,0
D1345,0,0,284,0
D1346,0,0,119,0
D1347,0,0,632,0
D1348,0,0,297,0
D1349,0,0,640,8
D1350,0,0,688,0
D1351,0,0,395,6
D1352,0,0,118,0
D1353,0,0,321,0
D1354,0,0,96,0
D1355,0,0,75,0
D1356,0,0,278,12
D1357,0,0,363,27
D1358,0,0,81,12
D1359,0,0,327,0
D1360,0,0,795,12
D1361,0,0,468,0
D1362,0,0,112,0
D1363,0,0,131,0
D1364,0,0,3,0
D1365,0,0,98,0
D1366,0,0,129,0
D1367,0,0,0,0
D1368,0,0,33,0
D1369,0,0,14,88
D1370,0,0,33,104
D1371,0,0,20,68
D1372,0,0,63,6
D1373,0,0,24,0
D1374,0,0,24,0
D1375,0,0,6,0
D1376,0,0,40,89
D1377,0,0,155,0
D1378,0,0,92,0
D1379,0,0,14,85
D1380,0,0,185,0
D1381,0,0,43,0
D1382,0,0,71,204
D1383,0,0,44,22
D1384,0,0,58,0
D1385,0,0,77,0
D1386,0,0,207,0
D1387,0,0,131,24
D1388,0,0,143,0
D1389,0,0,37,0
D1390,0,0,19,0
D1391,0,0,82,0
D1392,0,0,39,0
D1393,0,0,49,4
D1394,0,0,221,285
D1395,0,0,72,0
D1396,0,0,60,2
D1397,0,0,42,0
D1398,0,0,21,7
D1399,0,0,251,0
D1400,0,0,34,0
D1401,0,0,681,4
D1402,0,0,66,135
D1403,0,0,18,20
D1404,0,0,38,20
D1405,0,0,252,0
D1406,0,0,210,0
D1407,0,0,58,0
D1408,0,0,25,0
D1409,0,0,0,0
D1410,0,0,89,45
D1411,0,0,9,0
D1412,0,0,103,0
D1413,0,0,19,0
D1414,0,0,365,3
D1415,0,0,25,0
D1416,0,0,10,0
D1417,0,0,0,0
D1418,0,0,905,1491
D1419,0,0,186,524
D1420,0,0,134,18
D1421,0,0,88,0
D1422,0,0,464,1046
D1423,0,0,1201,1193
D1424,0,0,366,1481
D1425,0,0,67,328
D1426,0,0,165,32
D1427,0,0,138,0
D1428,0,0,103,0
D1429,0,0,180,40
D1430,0,0,57,19
D1431,0,0,90,8
D1432,0,0,150,62
D1433,0,0,172,26
D1434,0,0,446,671
D1435,0,0,83,8
D1436,0,0,51,0
D1437,0,0,93,0
D1438,0,0,1063,2805
D1439,0,0,3041,761
D1440,0,0,65,0
D1441,0,0,129,0
D1442,0,0,146,34
D1443,0,0,108,308
D1444,0,0,285,72
D1445,0,0,184,0
D1446,0,0,74,4
D1447,0,0,62,0
D1448,0,0,27,0
D1449,0,0,57,22
D1450,0,0,23,0
D1451,0,0,12,380
D1452,0,0,196,81
D1453,0,0,44,5
D1454,0,0,163,220
D1455,0,0,249,221
D1456,0,0,18,0
D1457,0,0,103,0
D1458,0,0,368,197
D1459,0,0,138,523
D1460,0,0,12,0
D1461,0,0,145,8
D1462,0,0,243,92
D1463,0,0,210,382
D1464,0,0,40,0
D1465,0,0,327,42
D1466,0,0,26,4
D1467,0,0,56,4
D1468,0,0,80,1
D1469,0,0,76,421
D1470,0,0,429,0
D1471,0,0,268,74
D1472,0,0,137,79
D1473,0,0,55,0
D1474,0,0,178,47
D1475,0,0,122,520
D1476,0,0,31,0
D1477,0,0,16,0
D1478,0,0,48,0
D1479,0,0,26,552
D1480,0,0,50,4680
D1481,0,0,49,78
D1482,0,0,48,0
D1483,0,0,16,0
D1484,0,0,156,0
D1485,0,0,9,0
D1486,0,0,42,0
D1487,0,0,18,0
D1488,0,0,28,46
D1489,0,0,65,16
D1490,0,0,88,0
D1491,0,0,180,0
D1492,0,0,30,0
D1493,0,0,20,0
D1494,0,0,56,0
D1495,0,0,106,0
D1496,0,0,888,1652
D1497,0,0,123,204
D1498,0,0,16,0
D1499,0,0,21,0
D1500,0,0,52,16
D1501,0,0,46,16
D1502,0,0,32,80
D1503,0,0,37,0
D1504,0,0,2,56
D1505,0,0,13,0
D1506,0,0,193,1097
D1507,0,0,431,0
D1508,0,0,52,0
D1509,0,0,75,4
D1510,0,0,573,345
D1511,0,0,182,148
D1512,0,0,38,0
D1513,0,0,33,0
D1514,0,0,59,6
D1515,0,0,72,24
D1516,0,0,40,0
D1517,0,0,3,0
D1518,0,0,20,2
D1519,0,0,51,0
D1520,0,0,184,116
D1521,0,0,20,268
D1522,0,0,8,48
D1523,0,0,12,0
D1524,0,0,126,0
D1525,0,0,48,0
D1526,0,0,981,231
D1527,0,0,91,164
D1528,0,0,1035,0
D1529,0,0,765,12
D1530,0,0,194,168
D1531,0,0,245,22
D1532,0,0,6,0
D1533,0,0,14,0
D1534,0,0,2,81
D1535,0,0,9,12
D1536,0,0,19,0
D1537,0,0,142,8
D1538,0,0,70,0
D1539,0,0,25,0
D1540,0,0,64,0
D1541,0,0,28,6
D1542,0,0,11,0
D1543,0,0,97,0
D1544,0,0,1,0
D1545,0,0,93,0
D1546,0,0,279,20
D1547,0,0,8,104
D1548,0,0,48,0
D1549,0,0,9,0
D1550,0,0,38,2
D1551,0,0,53,0
D1552,0,0,7,0
D1553,0,0,7,4
D1554,0,0,5,0
D1555,0,0,9,0
D1556,0,0,51,4
D1557,0,0,116,24
D1558,0,0,11,22
D1559,0,0,75,0
D1560,0,0,21,93
D1561,0,0,75,6
D1562,0,0,0,0
D1563,0,0,95,0
D1564,0,0,11,0
D1565,1,101,534,32
D1566,0,15,0,1195
D1567,0,0,4706,127314
D1568,0,0,127,0
D1569,0,0,209,0
D1570,0,0,5607,35622
D1571,0,0,227,107964
D1572,0,0,995,0
D1573,0,47,0,0
D1574,0,44,0,0
D1575,0,0,102,0
D1576,0,0,619,282
D1577,0,0,78,9608
D1578,0,0,36,14
D1579,0,0,1274,21
D1580,0,0,54,0
D1581,0,0,6150,0
D1582,0,0,4133,28
D1583,0,48,0,1
D1584,0,0,7331,129745
D1585,0,0,388,757
D1586,0,0,333,3
D1587,0,0,60,0
D1588,0,0,121,3858
D1589,0,0,142,1943
D1590,0,0,45,0
D1591,0,0,106,0
D1592,0,0,26,135201
D1593,0,0,777,493
D1594,0,0,115,0
D1595,0,0,458,0
D1596,0,0,210,0
D1597,0,0,1579,0
D1598,0,0,446,16
D1599,0,0,224,0
D1600,0,0,1046,0
D1601,0,0,574,0
D1602,0,8,0,7
D1603,0,5,0,66978
D1604,0,5,0,0
D1605,0,0,333,40
D1606,0,0,70,0
D1607,0,0,53,0
D1608,0,0,48,0
D1609,0,0,66,17660
D1610,0,0,27,0
D1611,0,0,30,0
D1612,0,0,42,0
D1613,0,0,48,0
D1614,0,0,76,110
D1615,0,0,159,1417
D1616,0,0,1121,0
D1617,0,0,857,0
D1618,0,0,148,4347
D1619,0,0,166,2572
D1620,0,0,30,0
D1621,0,0,54,0
D1622,0,0,241,844
D1623,0,0,18,78168
D1624,0,0,36,0
D1625,0,0,33,0
D1626,0,0,33,0
D1627,0,0,1742,0
D1628,0,0,192,0
D1629,0,0,492,14
D1630,0,0,595,0
D1631,0,0,66,0
D1632,0,0,678,0
D1633,0,0,4017,0
D1634,0,0,409,424
D1635,0,0,120,60
D1636,0,0,427,0
D1637,0,0,422,0
D1638,0,0,1373,203
D1639,0,0,3577,7632
D1640,0,0,1106,0
D1641,0,9,0,0
D1642,0,0,2894,3068
D1643,0,0,4995,0
D1644,0,0,800,0
D1645,0,0,2812,0
D1646,0,0,1199,0
D1647,0,0,2900,0
D1648,0,0,663,0
D1649,0,10,0,0
D1650,0,0,168,0
D1651,0,0,514,0
D1652,0,0,268,0
D1653,0,0,580,0
D1654,0,0,113,32043
D1655,0,0,42,12
D1656,0,0,26,0
D1657,0,0,28,0
D1658,0,0,142,12
D1659,0,0,84,10
D1660,0,0,72,0
D1661,0,0,171,0
D1662,0,0,310,546
D1663,0,0,236,122
D1664,0,0,258,0
D1665,0,0,35,0
D1666,0,0,44,0
D1667,0,0,405,0
D1668,0,0,298,0
D1669,0,0,409,0
D1670,0,0,387,0
D1671,0,0,108,0
D1672,0,0,520,0
D1673,0,0,247,0
D1674,0,0,86,113
D1675,0,0,24,0
D1676,0,0,30,0
D1677,0,0,50,0
D1678,0,0,44,16851
D1679,0,0,88,3
D1680,0,0,41,2
D1681,0,0,95,51690
D1682,0,0,55,0
D1683,0,0,50,0
D1684,0,0,20,0
D1685,0,0,209,0
D1686,0,0,156,0
D1687,0,0,78,0
D1688,0,0,49,0
D1689,0,0,19,0
D1690,0,5,0,0
D1691,0,0,311,11
D1692,0,0,1099,0
D1693,0,0,178,0
D1694,0,0,379,0
D1695,0,0,1156,0
D1696,0,0,2808,0
D1697,0,0,669,337
D1698,0,0,11,0
D1699,0,0,587,0
D1700,0,0,624,0
D1701,0,0,1894,0
D1702,0,0,244,0
D1703,0,0,63,0
D1704,0,0,30,0
D1705,0,0,36,0
D1706,0,0,282,0
D1707,0,0,183,396
D1708,0,0,495,0
D1709,0,0,304,0
D1710,0,0,22,0
D1711,0,0,51,1357
D1712,0,0,70,0
D1713,0,0,254,0
D1714,0,0,2338,0
D1715,0,0,188,0
D1716,0,0,847,0
D1717,0,0,1560,24
D1718,0,0,122,0
D1719,0,0,325,0
D1720,0,0,252,0
D1721,0,0,1551,0
D1722,0,0,1532,0
D1723,0,0,1043,0
D1724,0,0,574,0
D1725,0,0,261,0
D1726,0,0,50,0
D1727,0,0,53,23
D1728,0,0,172,0
D1729,0,0,19,0
D1730,0,0,99,0
D1731,0,0,720,8
D1732,0,0,24,0
D1733,0,0,146,0
D1734,0,0,33,0
D1735,0,0,271,0
D1736,0,0,87,0
D1737,0,0,74,16
D1738,0,0,304,0
D1739,0,0,74,0
D1740,0,0,9,12
D1741,0,0,12,3
D1742,0,0,21,0
D1743,0,0,9,0
D1744,0,0,45,0
D1745,0,0,655,0
D1746,0,0,1860,2006
D1747,0,0,386,0
D1748,0,0,206,0
D1749,0,0,80,0
D1750,0,0,2364,18
D1751,0,0,482,8
D1752,0,0,97,0
D1753,0,0,112,0
D1754,0,0,410,0
D1755,0,0,220,0
D1756,0,0,141,0
D1757,0,0,362,0
D1758,0,0,343,0
D1759,0,0,62,0
D1760,0,0,503,0
D1761,0,0,133,0
D1762,0,0,178,0
D1763,0,0,536,0
D1764,0,0,232,0
D1765,0,0,28,0
D1766,0,0,13,24
D1767,0,0,245,0
D1768,0,0,202,0
D1769,0,0,83,0
D1770,0,0,926,0
D1771,0,0,605,0
D1772,0,0,9,0
D1773,0,0,5309,72
D1774,0,0,629,632
D1775,0,0,71,0
D1776,0,0,2746,5699
D1777,0,0,1066,1848
D1778,0,0,1126,13
D1779,0,0,1231,2
D1780,0,0,206,0
D1781,0,0,284,1078
D1782,0,0,72,5755
D1783,0,0,3279,89
D1784,0,0,3390,7979
D1785,0,0,4755,15779
D1786,0,0,353,0
D1787,0,0,558,0
D1788,0,0,8408,687
D1789,0,0,2713,9420
D1790,0,0,543,0
D1791,0,0,4569,0
D1792,0,0,16456,38227
D1793,0,0,9411,201204
D1794,0,0,3546,13
D1795,0,0,2067,368
D1796,0,0,628,3
D1797,0,0,2563,0
D1798,0,0,1805,114
D1799,0,0,1505,228
D1800,0,0,511,0
D1801,0,0,84,0
D1802,0,0,1225,12994
D1803,0,0,592,1789
D1804,0,0,923,0
D1805,0,0,50,0
D1806,0,0,268,611
D1807,0,0,37,9
D1808,0,0,480,24
D1809,0,0,387,0
D1810,0,0,227,0
D1811,0,0,89,0
D1812,0,0,12,60
D1813,0,0,166,0
D1814,0,0,971,222043
D1815,0,0,191,55
D1816,0,0,111,111
D1817,0,0,60,0
D1818,0,0,585,6108
D1819,0,0,274,30369
D1820,0,0,164,0
D1821,0,0,153,0
D1822,0,0,1832,4821
D1823,0,0,1143,21376
D1824,0,0,198,8
D1825,0,0,197,0
D1826,0,0,96,0
D1827,0,0,41,0
D1828,0,0,544,0
D1829,0,0,627,0
D1830,0,0,193,0
D1831,0,0,655,0
D1832,0,0,574,46
D1833,0,0,407,0
D1834,0,0,1197,1658
D1835,0,0,705,20781
D1836,0,0,205,0
D1837,0,0,147,0
D1838,0,0,256,82950
D1839,0,0,135,1385
D1840,0,0,27,0
D1841,0,0,108,0
D1842,0,0,173,540
D1843,0,0,510,26620
D1844,0,0,114,0
D1845,0,0,188,0
D1846,0,0,86,0
D1847,0,0,60,0
D1848,0,0,371,8
D1849,0,0,368,72
D1850,0,0,18,0
D1851,0,0,15,0
D1852,0,0,15,38
D1853,0,0,56,981
D1854,0,0,176,0
D1855,0,0,63,13177
D1856,0,0,951,0
D1857,0,0,652,0
D1858,0,0,3822,0
D1859,0,0,134,842
D1860,0,0,105,38
D1861,0,0,57,0
D1862,0,0,2965,85
D1863,0,0,1468,1866
D1864,0,0,34,10
D1865,0,0,147,1634
D1866,0,0,305,0
D1867,0,0,2002,0
D1868,0,0,160,5
D1869,0,0,430,17
D1870,0,0,728,1
D1871,0,0,200,7
D1872,0,0,611,0
D1873,0,0,148,1104
D1874,0,0,859,58
D1875,0,0,2376,310
D1876,0,0,9,0
D1877,0,0,20,0
D1878,0,0,1187,0
D1879,0,0,2497,20264
D1880,0,0,1051,769
D1881,0,0,293,11
D1882,0,0,196,0
D1883,0,0,264,0
D1884,0,0,541,163
D1885,0,0,958,0
D1886,0,0,418,0
D1887,0,0,218,0
D1888,0,0,941,0
D1889,0,0,2315,0
D1890,0,0,141,0
D1891,0,0,313,0
D1892,0,0,894,0
D1893,0,0,714,0
D1894,0,0,50,0
D1895,0,0,212,0
D1896,0,0,1759,16090
D1897,0,0,2124,1659
D1898,0,0,128,0
D1899,0,0,92,0
D1900,0,0,385,771
D1901,0,0,1117,0
D1902,0,0,215,0
D1903,0,0,268,0
D1904,0,0,394,0
D1905,0,0,208,0
D1906,0,0,369,178
D1907,0,0,1625,4
D1908,0,0,275,0
D1909,0,0,425,0
D1910,0,0,1646,265
D1911,0,0,1885,0
D1912,0,0,435,1
D1913,0,0,1702,1
D1914,0,0,2079,0
D1915,0,0,641,0
D1916,0,0,2517,12
D1917,0,0,568,0
D1918,0,0,1874,0
D1919,0,0,382,0
D1920,0,0,2405,668
D1921,0,0,1031,0
D1922,0,0,1285,0
D1923,0,0,278,0
D1924,0,0,285,0
D1925,0,0,92,0
D1926,0,0,770,0
D1927,0,0,1113,59
D1928,0,0,347,6
D1929,0,0,286,0
D1930,0,0,976,7991
D1931,0,0,807,481
D1932,0,0,204,0
D1933,0,0,505,0
D1934,0,0,1023,3
D1935,0,0,75,0
D1936,0,0,255,24
D1937,0,0,143,0
D1938,0,0,104,0
D1939,0,0,305,0
D1940,0,0,2675,2
D1941,0,0,320,0
D1942,0,0,122,0
D1943,0,0,374,0
D1944,0,0,35,0
D1945,0,0,15,0
D1946,0,0,320,0
D1947,0,0,47,1567
D1948,0,0,20,0
D1949,0,0,8,0
D1950,0,0,503,3241
D1951,0,0,724,27533
D1952,0,0,203,0
D1953,0,0,20,0
D1954,0,0,430,0
D1955,0,0,454,0
D1956,0,0,63,0
D1957,0,0,65,8
D1958,0,0,100,0
D1959,0,0,113,0
D1960,0,0,85,0
D1961,0,0,126,0
D1962,0,0,26,0
D1963,0,0,75,0
D1964,0,0,22,0
D1965,0,0,9,0
D1966,0,0,116,607
D1967,0,0,394,48
D1968,0,0,33,0
D1969,0,0,55,0
D1970,0,0,140,0
D1971,0,0,435,24
D1972,0,0,307,0
D1973,0,0,46,0
D1974,0,0,0,0
D1975,0,0,145,0
D1976,0,0,144,0
D1977,0,0,367,4
D1978,0,0,308,0
D1979,0,0,81,0
D1980,0,0,154,0
D1981,0,0,80,0
D1982,0,0,1089,164
D1983,0,0,313,0
D1984,0,0,569,265597
D1985,0,0,300,0
D1986,0,0,59,0
D1987,0,0,114,0
D1988,0,0,839,7
D1989,0,0,378,0
D1990,0,0,63,0
D1991,0,0,80,0
D1992,0,0,182,12793
D1993,0,0,1061,19
D1994,0,0,381,2
D1995,0,0,112,0
D1996,0,0,35,0
D1997,0,0,69,0
D1998,0,0,264,0
D1999,0,0,49,3
D2000,0,0,91,0
D2001,0,0,86,0
D2002,0,0,765,244
D2003,0,0,585,94
D2004,0,0,60,0
D2005,0,0,70,0
D2006,0,0,71,0
D2007,0,0,33,0
D2008,0,0,32,0
D2009,0,0,8,0
D2010,0,0,56,0
D2011,0,0,30,10
D2012,0,0,123,0
D2013,0,0,42,0
D2014,0,0,153,0
D2015,0,0,84,579
D2016,0,0,39,0
D2017,0,0,107,0
D2018,0,0,56,305
D2019,0,0,18,733
D2020,0,0,33,0
D2021,0,0,51,0
D2022,0,0,124,328
D2023,0,0,133,1061
D2024,0,0,52,0
D2025,0,0,96,49
D2026,0,0,308,0
D2027,0,0,24,2
D2028,0,0,29,0
D2029,0,0,1361,0
D2030,0,0,62,0
D2031,0,0,3509,0
D2032,0,0,224,0
D2033,0,0,613,0
D2034,0,0,983,86
D2035,0,0,1457,221
D2036,0,0,82,0
D2037,0,0,263,0
D2038,0,0,4503,15
D2039,0,0,642,129
D2040,0,0,235,2
D2041,0,0,1326,0
D2042,0,0,7778,176
D2043,0,0,1972,332
D2044,0,0,3195,0
D2045,0,0,344,0
D2046,0,0,282,0
D2047,0,0,73,0
D2048,0,0,0,0
D2049,0,0,256,0
D2050,0,0,43,6
D2051,0,0,256,0
D2052,0,0,27,60
D2053,0,0,65,0
D2054,0,0,331,1751
D2055,0,0,131,1864
D2056,0,0,124,0
D2057,0,0,195,0
D2058,0,0,1126,0
D2059,0,0,1147,28
D2060,0,0,71,0
D2061,0,0,130,0
D2062,0,0,1738,44
D2063,0,0,1152,0
D2064,0,0,301,0
D2065,0,0,150,0
D2066,0,0,45,0
D2067,0,0,421,0
D2068,0,0,560,23
D2069,0,0,182,0
D2070,0,0,397,0
D2071,0,0,284,0
D2072,0,0,495,0
D2073,0,0,104,0
D2074,0,0,466,80
D2075,0,0,1081,0
D2076,0,0,119,0
D2077,0,0,131,0
D2078,0,0,152,314
D2079,0,0,108,0
D2080,0,0,511,0
D2081,0,0,688,555
D2082,0,0,76,0
D2083,0,0,493,0
D2084,0,0,290,0
D2085,0,0,374,0
D2086,0,0,358,0
D2087,0,0,143,0
D2088,0,0,318,0
D2089,0,0,728,0
D2090,0,0,502,0
D2091,0,0,96,824
D2092,0,0,169,0
D2093,0,0,36,0
D2094,0,0,168,0
D2095,0,0,221,0
D2096,0,0,337,0
D2097,0,0,586,1079
D2098,0,0,66,0
D2099,0,0,117,0
D2100,0,0,1288,0
D2101,0,0,501,0
D2102,0,0,117,0
D2103,0,0,194,0
D2104,0,0,100,0
D2105,0,0,244,0
D2106,0,0,359,0
D2107,0,0,1178,265
D2108,0,0,268,0
D2109,0,0,183,0
D2110,0,0,373,0
D2111,0,0,614,14
D2112,0,0,139,0
D2113,0,0,217,0
D2114,0,0,271,0
D2115,0,0,338,0
D2116,0,0,128,0
D2117,0,0,437,0
D2118,0,0,327,0
D2119,0,0,416,0
D2120,0,0,286,0
D2121,0,0,1058,1
D2122,0,0,229,0
D2123,0,0,189,0
D2124,0,0,587,0
D2125,0,0,522,0
D2126,0,0,1210,16
D2127,0,0,1310,0
D2128,0,0,68,0
D2129,0,0,36,0
D2130,0,0,944,12
D2131,0,0,832,1049
D2132,0,0,346,0
D2133,0,0,12,0
D2134,0,0,74,0
D2135,0,0,50,0
D2136,0,0,119,0
D2137,0,0,852,0
D2138,0,0,308,0
D2139,0,0,362,0
D2140,0,0,402,0
D2141,0,0,230,0
D2142,0,0,107,0
D2143,0,0,113,0
D2144,0,0,42,0
D2145,0,0,24,0
D2146,0,0,146,133
D2147,0,0,49,26
D2148,0,0,23,0
D2149,0,0,23,0
D2150,0,0,113,12
D2151,0,0,131,12
D2152,0,0,27,0
D2153,0,0,14,0
D2154,0,0,79,0
D2155,0,0,50,0
D2156,0,0,418,0
D2157,0,0,339,0
D2158,0,0,150,0
D2159,0,0,94,5
D2160,0,0,101,1
D2161,0,0,28,0
D2162,0,0,41,0
D2163,0,0,8,0
D2164,0,0,73,3
D2165,0,0,42,0
D2166,0,0,124,3794
D2167,0,0,239,1
D2168,0,0,104,0
D2169,0,0,37,0
D2170,0,0,237,633
D2171,0,0,55,42
D2172,0,0,103,0
D2173,0,0,26,0
D2174,0,0,12,101
D2175,0,0,102,0
D2176,0,0,64,0
D2177,0,0,18,0
D2178,0,0,57,0
D2179,0,0,60,2
D2180,0,0,18,0
D2181,0,0,26,0
D2182,0,0,29,0
D2183,0,0,71,0
D2184,0,0,29,570
D2185,0,0,562,260
D2186,0,0,23,0
D2187,0,0,35,0
D2188,0,0,259,0
D2189,0,0,368,470
D2190,0,0,910,0
D2191,0,0,52,0
D2192,0,0,1351,0
D2193,0,0,5937,33
D2194,0,0,575,0
D2195,0,0,845,0
D2196,0,0,76,0
D2197,0,0,400,0
D2198,0,0,782,0
D2199,0,0,101,0
D2200,0,0,706,0
D2201,0,0,559,0
D2202,0,0,2505,17
D2203,0,0,1928,0
D2204,0,0,616,0
D2205,0,0,1251,0
D2206,0,0,159,21
D2207,0,0,39,0
D2208,0,0,83,0
D2209,0,0,165,0
D2210,0,0,301,0
D2211,0,0,71,0
D2212,0,0,153,0
D2213,0,0,295,0
D2214,0,0,562,675
D2215,0,0,191,0
D2216,0,0,419,0
D2217,0,0,38,0
D2218,0,0,802,1
D2219,0,0,23,0
D2220,0,0,68,0
D2221,0,0,6,0
D2222,0,0,216,0
D2223,0,0,324,0
D2224,0,0,62,0
D2225,0,0,167,0
D2226,0,0,2,0
D2227,0,0,88,0
D2228,0,0,467,0
D2229,0,0,171,0
D2230,0,0,232,0
D2231,0,0,45,0
D2232,0,0,153,0
D2233,0,0,80,0
D2234,0,0,535,0
D2235,0,0,586,0
D2236,0,0,31,0
D2237,0,0,63,0
D2238,0,0,130,0
D2239,0,0,259,0
D2240,0,0,177,0
D2241,0,0,209,0
D2242,0,0,358,0
D2243,0,0,243,103
D2244,0,0,594,0
D2245,0,0,156,0
D2246,0,0,46,0
D2247,0,0,122,0
D2248,0,0,28,0
D2249,0,0,80,0
D2250,0,0,27,0
D2251,0,0,58,0
D2252,0,0,68,0
D2253,0,0,50,0
D2254,0,0,388,0
D2255,0,0,253,32
D2256,0,0,521,0
D2257,0,0,37,0
D2258,0,0,1126,0
D2259,0,0,2140,0
D2260,0,0,35,0
D2261,0,0,804,0
D2262,0,0,671,0
D2263,0,0,637,0
D2264,0,0,49,0
D2265,0,0,6,0
D2266,0,0,36,0
D2267,0,0,85,0
D2268,0,0,201,0
D2269,0,0,531,0
D2270,0,0,48,0
D2271,0,0,1380,3
D2272,0,0,415,438
D2273,0,0,2040,4
D2274,0,0,1049,257
D2275,0,0,6268,35294
D2276,0,0,187,0
D2277,0,0,363,11
D2278,0,0,2359,3778
D2279,0,0,1866,33961
D2280,0,0,3149,926
D2281,0,0,6341,3131
D2282,0,0,612,0
D2283,0,0,58,0
D2284,0,0,488,4
D2285,0,0,1081,26
D2286,0,0,1237,0
D2287,0,0,49,0
D2288,0,0,380,114
D2289,0,0,89,0
D2290,0,0,254,5349
D2291,0,0,52,150
D2292,0,0,108,2
D2293,0,0,64,0
D2294,0,0,642,0
D2295,0,0,362,0
D2296,0,0,715,3485
D2297,0,0,284,0
D2298,0,0,27,3
D2299,0,0,21,2
D2300,0,0,182,379
D2301,0,0,1872,16
D2302,0,0,137,4
D2303,0,0,29,4
D2304,0,0,140,0
D2305,0,0,29,0
D2306,0,0,4372,2801
D2307,0,0,1707,0
D2308,0,0,88,0
D2309,0,0,39,2
D2310,0,0,5912,112650
D2311,0,0,2986,2080
D2312,0,0,134,0
D2313,0,0,220,0
D2314,0,0,88,0
D2315,0,0,488,22
D2316,0,0,221,195
D2317,0,0,127,0
D2318,0,0,42,0
D2319,0,0,234,0
D2320,0,0,121,0
D2321,0,0,67,0
D2322,0,0,416,0
D2323,0,0,123,0
D2324,0,0,63,0
D2325,0,0,24,0
D2326,0,0,151,48
D2327,0,0,615,284
D2328,0,0,137,0
D2329,0,0,243,0
D2330,0,0,164,107
D2331,0,0,290,8
D2332,0,0,478,0
D2333,0,0,188,0
D2334,0,0,220,18
D2335,0,0,321,0
D2336,0,0,1079,0
D2337,0,0,479,0
D2338,0,0,273,0
D2339,0,0,83,0
D2340,0,0,387,68
D2341,0,0,491,443
D2342,0,0,264,56
D2343,0,0,334,2
D2344,0,0,691,0
D2345,0,0,431,0
D2346,0,0,1043,141
D2347,0,0,1196,5654
D2348,0,0,179,0
D2349,0,0,234,0
D2350,0,0,486,5
D2351,0,0,1015,2378
D2352,0,0,54,0
D2353,0,0,100,0
D2354,0,0,330,1
D2355,0,0,321,15
D2356,0,0,240,180
D2357,0,0,134,52
D2358,0,0,58,0
D2359,0,0,185,0
D2360,0,0,96,319
D2361,0,0,1307,101
D2362,0,0,836,0
D2363,0,0,371,11
D2364,0,0,181,0
D2365,0,0,61,0
D2366,0,0,514,1943
D2367,0,0,1004,5542
D2368,0,0,224,0
D2369,0,0,125,0
D2370,0,0,251,1336
D2371,0,0,1489,62
D2372,0,0,39,0
D2373,0,0,37,0
D2374,0,0,135,0
D2375,0,0,95,0
D2376,0,0,384,0
D2377,0,0,432,0
D2378,0,0,124,0
D2379,0,0,193,51
D2380,0,0,48,41
D2381,0,0,17,1
D2382,0,0,277,0
D2383,0,0,190,0
D2384,0,0,437,2488
D2385,0,0,33,140
D2386,0,0,74,0
D2387,0,0,0,0
D2388,0,0,174,0
D2389,0,0,61,0
D2390,0,0,27,0
D2391,0,0,29,0
D2392,0,0,175,715
D2393,0,0,170,56
D2394,0,0,91,0
D2395,0,0,68,0
D2396,0,0,177,0
D2397,0,0,54,0
D2398,0,0,83,0
D2399,0,0,98,0
D2400,0,0,99,0
D2401,0,0,318,0
D2402,0,0,180,1639
D2403,0,0,696,0
D2404,0,0,1033,23
D2405,0,0,95,0
D2406,0,0,91,0
D2407,0,0,85,0
D2408,0,0,68,457
D2409,0,0,60,821
D2410,0,0,16,0
D2411,0,0,50,0
D2412,0,0,1116,5
D2413,0,0,787,179
D2414,0,0,1500,12
D2415,0,0,737,33
D2416,0,0,1861,0
D2417,0,0,62,0
D2418,0,0,797,16
D2419,0,0,1157,0
D2420,0,0,670,0
D2421,0,0,793,0
D2422,0,0,914,0
D2423,0,0,246,0
D2424,0,0,238,4672
D2425,0,0,977,100
D2426,0,0,96,0
D2427,0,0,44,0
D2428,0,0,206,2658
D2429,0,0,46,200
D2430,0,0,65,0
D2431,0,0,0,0
D2432,0,0,249,1378
D2433,0,0,517,12
D2434,0,0,203,0
D2435,0,0,368,0
D2436,0,0,129,20
D2437,0,0,160,0
D2438,0,0,315,449
D2439,0,0,180,0
D2440,0,0,176,0
D2441,0,0,280,1
D2442,0,0,19,0
D2443,0,0,459,0
D2444,0,0,549,668
D2445,0,0,304,287
D2446,0,0,72,0
D2447,0,0,12,4
D2448,0,0,278,36
D2449,0,0,518,841
D2450,0,0,29,0
D2451,0,0,100,0
D2452,0,0,330,0
D2453,0,0,59,18
D2454,0,0,131,0
D2455,0,0,211,0
D2456,0,0,174,0
D2457,0,0,76,0
D2458,0,0,377,0
D2459,0,0,184,0
D2460,0,0,55,0
D2461,0,0,206,2
D2462,0,0,204,0
D2463,0,0,237,0
D2464,0,0,1496,0
D2465,0,0,1818,0
D2466,0,0,184,0
D2467,0,0,207,0
D2468,0,0,468,0
D2469,0,0,2069,312
D2470,0,0,85,0
D2471,0,0,70,0
D2472,0,0,62,0
D2473,0,0,779,69
D2474,0,0,513,0
D2475,0,0,148,13
D2476,0,0,849,0
D2477,0,0,10,0
D2478,0,0,212,0
D2479,0,0,575,0
D2480,0,0,226,0
D2481,0,0,160,0
D2482,0,0,213,0
D2483,0,0,52,0
D2484,0,0,197,0
D2485,0,0,125,0
D2486,0,0,310,1547
D2487,0,0,303,0
D2488,0,0,35,0
D2489,0,0,29,0
D2490,0,0,148,1374
D2491,0,0,270,0
D2492,0,0,31,5
D2493,0,0,256,1
D2494,0,0,13,0
D2495,0,0,24,0
D2496,0,0,168,24
D2497,0,0,33,2
D2498,0,0,108,0
D2499,0,0,37,0
D2500,0,0,239,3
D2501,0,0,410,0
D2502,0,0,94,0
D2503,0,0,21,0
D2504,0,0,28,0
D2505,0,0,142,0
D2506,0,0,97,0
D2507,0,0,80,0
D2508,0,0,4,0
D2509,0,0,47,0
D2510,0,0,1656,0
D2511,0,0,1368,0
D2512,0,0,42,0
D2513,0,0,165,0
D2514,0,0,22,0
D2515,0,0,29,0
D2516,0,0,293,0
D2517,0,0,407,0
D2518,0,0,235,0
D2519,0,0,96,0
D2520,0,0,331,0
D2521,0,0,394,0
D2522,0,0,338,0
D2523,0,0,242,0
D2524,0,0,143,0
D2525,0,0,474,0
D2526,0,0,214,0
D2527,0,0,758,0
D2528,0,0,195,0
D2529,0,0,0,0
D2530,0,0,193,9
D2531,0,0,225,0
D2532,0,0,20,0
D2533,0,0,95,0
D2534,0,0,207,0
D2535,0,0,69,0
D2536,0,0,31,0
D2537,0,0,1124,0
D2538,0,0,65,0
D2539,0,0,8,0
D2540,0,0,407,0
D2541,0,0,252,4
D2542,0,0,206,0
D2543,0,0,133,0
D2544,0,0,190,0
D2545,0,0,203,0
D2546,0,0,275,0
D2547,0,0,56,0
D2548,0,0,41,0
D2549,0,0,84,0
D2550,0,0,278,0
D2551,0,0,369,0
D2552,0,0,24,0
D2553,0,0,31,0
D2554,0,0,89,0
D2555,0,0,335,0
D2556,0,0,62,0
D2557,0,0,239,0
D2558,0,0,13,0
D2559,0,0,12,0
D2560,0,0,102,0
D2561,0,0,14,0
D2562,0,0,8,2
D2563,0,0,174,0
D2564,0,0,80,0
D2565,0,0,129,0
D2566,0,0,82,19
D2567,0,0,673,0
D2568,0,0,221,0
D2569,0,0,58,1
D2570,0,0,6,0
D2571,0,0,80,924
D2572,0,0,54,0
D2573,0,0,520,0
D2574,0,0,182,0
D2575,0,0,395,0
D2576,0,0,319,0
D2577,0,0,123,603
D2578,0,0,78,0
D2579,0,0,60,0
D2580,0,0,98,0
D2581,0,0,31,0
D2582,0,0,15,14
D2583,0,0,30,0
D2584,0,0,158,0
D2585,0,0,356,0
D2586,0,0,0,0
D2587,0,0,33,0
D2588,0,0,372,82865
D2589,0,0,53,15660
D2590,0,0,134,0
D2591,0,0,46,0
D2592,0,0,132,44907
D2593,0,0,336,4
D2594,0,0,92,779182
D2595,0,0,1305,42775
D2596,0,0,84,0
D2597,0,0,108,0
D2598,0,0,912,125850
D2599,0,0,493,70463
D2600,0,0,249,16
D2601,0,0,6,0
D2602,0,0,55,0
D2603,0,0,48,0
D2604,0,0,371,931
D2605,0,0,753,75800
D2606,0,0,54,0
D2607,0,0,17,0
D2608,0,0,62,5033
D2609,0,0,244,852
D2610,0,0,927,0
D2611,0,0,7,0
D2612,0,0,70,0
D2613,0,0,129,24044
D2614,0,0,114,24
D2615,0,0,318,92
D2616,0,0,194,0
D2617,0,0,254,0
D2618,0,0,105,27
D2619,0,0,84,207
D2620,0,0,45,0
D2621,0,0,156,216
D2622,0,0,26,0
D2623,0,0,74,24
D2624,0,0,25,536
D2625,0,86,0,3302
D2626,0,21,0,0
D2627,0,165,0,0
D2628,0,0,174,288
D2629,0,0,1937,833
D2630,0,47,0,0
D2631,0,0,98,0
D2632,0,0,193,3
D2633,0,0,3320,81
D2634,0,0,4006,0
D2635,0,0,1846,0
D2636,0,44,0,0
D2637,0,0,424,0
D2638,0,36,0,0
D2639,0,0,74,0
D2640,0,0,250,0
D2641,0,0,71,0
D2642,0,0,51,0
D2643,0,0,68,0
D2644,0,0,2999,320
D2645,0,0,138,0
D2646,0,0,166,0
D2647,0,0,34,0
D2648,0,0,71,0
D2649,0,0,114,0
D2650,0,0,323,0
D2651,0,0,174,0
D2652,0,0,3189,7
D2653,0,0,278,0
D2654,0,0,173,0
D2655,0,0,303,0
D2656,0,0,251,0
D2657,0,0,314,0
D2658,0,0,233,0
D2659,0,0,626,0
D2660,0,0,909,0
D2661,0,0,695,0
D2662,0,0,514,0
D2663,0,10,0,0
D2664,0,9,0,0
D2665,0,0,341,3
D2666,0,0,57,0
D2667,0,0,20,0
D2668,0,0,760,0
D2669,0,0,90,0
D2670,0,0,17,0
D2671,0,0,145,0
D2672,0,0,659,0
D2673,0,0,278,0
D2674,0,0,33,0
D2675,0,0,147,0
D2676,0,0,58,0
D2677,0,0,119,0
D2678,0,0,143,0
D2679,0,0,62,0
D2680,0,0,54,0
D2681,0,0,47,0
D2682,0,0,284,0
D2683,0,0,35,0
D2684,0,0,51,0
D2685,0,2,0,0
D2686,0,0,114,0
D2687,0,0,4264,164
D2688,0,0,384,0
D2689,0,0,1225,0
D2690,0,0,809,0
D2691,0,0,1216,262
D2692,0,0,51,0
D2693,0,0,137,0
D2694,0,0,262,0
D2695,0,0,1369,0
D2696,0,0,1107,0
D2697,0,0,1098,0
D2698,0,0,323,0
D2699,0,0,289,0
D2700,0,0,743,1
D2701,0,0,823,163
D2702,0,0,272,0
D2703,0,0,300,0
D2704,0,0,352,0
D2705,0,0,355,0
D2706,0,0,500,0
D2707,0,0,2077,0
D2708,0,0,145,0
D2709,0,0,1398,0
D2710,0,0,1012,0
D2711,0,0,527,0
D2712,0,0,107,0
D2713,0,0,224,0
D2714,0,0,29,0
D2715,0,0,38,0
D2716,0,0,669,0
D2717,0,0,672,42
D2718,0,0,23,0
D2719,0,0,23,0
D2720,0,0,479,0
D2721,0,0,329,0
D2722,0,0,15,0
D2723,0,0,151,0
D2724,0,0,357,0
D2725,0,0,294,0
D2726,0,0,343,0
D2727,0,0,936,0
D2728,0,0,280,0
D2729,0,0,249,0
D2730,0,0,83,0
D2731,0,0,300,0
D2732,0,0,374,0
D2733,0,0,357,0
D2734,0,0,87,0
D2735,0,0,54,0
D2736,0,0,480,0
D2737,0,0,627,0
D2738,0,0,178,0
D2739,0,0,166,0
D2740,0,0,392,3
D2741,0,0,561,0
D2742,0,0,322,0
D2743,0,0,160,0
D2744,0,0,85,0
D2745,0,0,381,0
D2746,0,0,225,0
D2747,0,0,223,0
D2748,0,0,25,0
D2749,0,0,69,0
D2750,0,0,45,0
D2751,0,0,128,0
D2752,0,0,96,0
D2753,0,0,72,0
D2754,0,0,3,0
D2755,0,0,2,0
D2756,0,0,855,30
D2757,0,0,204,0
D2758,0,0,325,0
D2759,0,0,0,0
D2760,0,0,446,2
D2761,0,0,47,0
D2762,0,0,43,0
D2763,0,0,53,0
D2764,0,0,121,0
D2765,0,0,59,0
D2766,0,0,223,0
D2767,0,0,53,0
D2768,0,0,46,0
D2769,0,0,6,0
D2770,0,0,103,0
D2771,0,0,44,0
D2772,0,0,505,0
D2773,0,0,181,0
D2774,0,0,31,0
D2775,0,0,17,0
D2776,0,0,248,0
D2777,0,0,689,0
D2778,0,0,423,0
D2779,0,0,428,0
D2780,0,0,262,0
D2781,0,0,181,0
D2782,0,0,259,0
D2783,0,0,139,0
D2784,0,0,52,0
D2785,0,0,148,0
D2786,0,0,51,0
D2787,0,0,284,0
D2788,0,0,154,0
D2789,0,0,46,0
D2790,0,0,49,0
D2791,0,0,166,0
D2792,0,0,18,0
D2793,0,0,128,0
D2794,0,0,105,0
D2795,0,42,0,0
D2796,0,12,0,0
D2797,0,0,12,0
D2798,0,73,0,0
D2799,0,0,161,0
D2800,0,0,93,0
D2801,0,0,52,0
D2802,0,0,332,0
D2803,0,20,0,0
D2804,0,0,95,0
D2805,0,20,0,0
D2806,0,0,23,0
D2807,0,0,34,0
D2808,0,0,9,0
D2809,0,5,0,0
D2810,0,0,214,0
D2811,0,0,84,0
D2812,0,0,262,0
D2813,0,0,67,0
D2814,0,0,107,0
D2815,0,0,79,0
D2816,0,0,11,0
D2817,0,0,9,0
D2818,0,0,6,0
D2819,0,0,35,0
D2820,0,0,5,0
D2821,0,12,0,0
D2822,8,0,0,2560
D2823,12,0,0,0
D2824,4,0,0,0
D2825,16,0,0,0
D2826,27,0,0,0
D2827,0,0,0,4
D2828,6,0,0,1392
D2829,6,0,0,0
D2830,0,0,0,2
D2831,2,0,0,0
D2832,5,0,0,7
D2833,2,0,570,0
D2834,0,0,0,0
D2835,0,0,590,14
D2836,0,0,61,3
D2837,0,0,53,2
D2838,0,0,21,0
D2839,0,0,111,0
D2840,0,0,144,0
D2841,0,0,15,5
D2842,0,0,211,40
D2843,0,0,460,36
D2844,8,0,155,175
D2845,0,0,24,4965
D2846,0,0,18,0
D2847,0,0,27,0
D2848,0,0,110,66
D2849,0,0,2404,3881
D2850,0,0,435,0
D2851,0,0,76,0
D2852,0,0,12,12
D2853,0,0,913,2527
D2854,0,0,32,0
D2855,0,0,826,67
D2856,0,0,470,0
D2857,0,0,511,0
D2858,0,0,6,0
D2859,0,0,19,0
D2860,0,0,294,0
D2861,0,0,2,0
D2862,0,0,5,0
D2863,0,0,83,2
D2864,0,0,33,24
D2865,0,0,243,699
D2866,0,0,0,0
D2867,0,0,31,0
D2868,0,0,138,0
D2869,0,0,211,25961
D2870,0,0,13,0
D2871,0,0,11,0
D2872,0,0,17,20
D2873,0,0,921,835
D2874,0,0,69,0
D2875,0,0,18,0
D2876,0,0,50,0
D2877,0,0,103,7
D2878,0,0,16,0
D2879,0,0,72,0
D2880,0,0,184,0
D2881,0,0,72,0
D2882,0,0,68,0
D2883,0,0,0,0
D2884,0,0,25,0
D2885,0,0,6,0
D2886,0,0,119,38844
D2887,0,0,136,179
D2888,0,0,148,0
D2889,0,0,33,0
D2890,0,0,168,14079
D2891,0,0,96,0
D2892,0,0,57,0
D2893,0,0,21,0
D2894,0,0,99,0
D2895,0,0,164,0
D2896,0,0,22,0
D2897,0,0,18,0
D2898,0,0,9,0
D2899,0,0,18,0
D2900,0,0,23,13
D2901,0,0,75,216
D2902,0,0,69,0
D2903,0,0,532,0
D2904,0,0,182,0
D2905,0,0,290,0
D2906,0,0,37,0
D2907,0,0,10,0
D2908,0,0,2,0
D2909,0,0,15,0
D2910,0,0,5,0
D2911,0,0,197,0
D2912,0,0,37,0
D2913,0,0,187,0
D2914,0,0,432,0
D2915,0,0,7,0
D2916,0,0,67,4
D2917,0,0,87,1
D2918,0,0,24,0
D2919,0,0,202,0
D2920,0,0,94,7
D2921,0,0,418,10
D2922,0,0,69,0
D2923,0,0,23,0
D2924,0,0,437,0
D2925,0,0,731,0
D2926,0,0,33,0
D2927,0,0,1628,0
D2928,0,0,28,0
D2929,0,0,50,0
D2930,0,0,253,0
D2931,0,0,72,0
D2932,0,0,627,0
D2933,0,0,5,0
D2934,0,0,14,0
D2935,0,0,103,0
D2936,0,0,422,17
D2937,0,0,102,0
D2938,0,0,20,0
D2939,0,0,31,0
D2940,0,0,437,0
D2941,0,0,1071,105
D2942,0,0,133,0
D2943,0,0,60,0
D2944,0,0,47,0
D2945,0,0,118,0
D2946,0,0,71,0
D2947,0,0,837,0
D2948,0,0,439,0
D2949,0,0,24,0
D2950,0,0,156,0
D2951,0,0,471,0
D2952,0,0,4,0
D2953,0,0,6,0
D2954,0,0,5,0
D2955,0,0,18,0
D2956,0,0,119,0
D2957,0,0,11,3
D2958,0,0,50,0
D2959,0,0,40,0
D2960,0,0,14,0
D2961,0,0,19,0
D2962,0,0,7,0
D2963,0,0,63,0
D2964,0,0,14,0
D2965,0,0,9,0
D2966,0,0,36,0
D2967,0,0,23,0
D2968,0,0,57,0
D2969,0,0,5,0
D2970,0,0,8,0
D2971,0,0,131,0
D2972,0,0,214,0
D2973,0,0,96,0
D2974,0,0,0,0
D2975,0,0,529,0
D2976,0,0,548,0
D2977,0,0,140,0
D2978,0,0,273,0
D2979,0,0,14,0
D2980,0,0,6,0
D2981,0,0,166,0
D2982,0,0,0,56
D2983,0,0,795,22
D2984,0,0,12,0
D2985,0,0,24,0
D2986,0,0,13,0
D2987,0,0,10,0
D2988,0,0,56,0
D2989,0,0,2,0
D2990,0,0,5,0
D2991,0,0,89,0
D2992,0,0,25,0
D2993,0,0,250,0
D2994,0,0,63,2160
D2995,0,0,253,8
D2996,0,0,58,0
D2997,0,0,15,0
D2998,0,0,75,0
D2999,0,0,26,0
D3000,0,0,129,0
D3001,0,0,1,0
D3002,0,0,22,5131
D3003,0,0,24,0
D3004,0,0,58,0
D3005,0,0,30,0
D3006,0,0,8,0
D3007,0,0,0,0
D3008,0,0,7,0
D3009,0,1,0,0
D3010,0,0,180,0
D3011,0,0,271,0
D3012,0,0,632,0
D3013,0,0,353,0
D3014,0,0,1919,183
D3015,0,0,435,0
D3016,0,0,6,0
D3017,0,0,118,0
D3018,0,0,20,3
D3019,0,0,242,0
D3020,0,0,27,0
D3021,0,0,39,0
D3022,0,0,72,0
D3023,0,0,33,8
D3024,0,0,31,0
D3025,0,0,90,0
D3026,0,0,200,0
D3027,0,0,118,0
D3028,0,0,264,0
D3029,0,0,54,0
D3030,0,0,15,0
D3031,0,0,99,0
D3032,0,0,40,0
D3033,0,0,12,0
D3034,0,0,468,0
D3035,0,0,434,0
D3036,0,0,22,0
D3037,0,0,36,0
D3038,0,0,335,12
D3039,0,0,36,0
D3040,0,0,31,0
D3041,0,0,175,0
D3042,0,0,124,0
D3043,0,0,285,195
D3044,0,0,143,0
D3045,0,0,164,0
D3046,0,0,231,0
D3047,0,0,612,0
D3048,0,0,84,0
D3049,0,0,16,0
D3050,0,0,11,0
D3051,0,0,4,0
D3052,0,0,20,0
D3053,0,0,2,0
D3054,0,0,25,0
D3055,0,0,67,628
D3056,0,0,10,0
D3057,0,0,19,0
D3058,0,0,36,0
D3059,0,0,38,0
D3060,0,0,9,0
D3061,0,0,4,0
D3062,0,0,16,0
D3063,0,0,429,2
D3064,0,0,227,0
D3065,0,0,702,0
D3066,0,0,21,0
D3067,0,0,362,0
D3068,0,0,7,0
D3069,0,0,61,0
D3070,0,0,0,0
D3071,0,0,0,0
D3072,0,0,200,0
D3073,0,0,787,0
D3074,0,0,51,4
D3075,0,0,363,0
D3076,0,0,188,0
D3077,0,0,49,0
D3078,0,0,214,0
D3079,0,0,38,0
D3080,0,0,354,0
D3081,0,0,63,0
D3082,0,0,93,0
D3083,0,0,277,0
D3084,0,0,44,0
D3085,0,0,30,0
D3086,0,0,2,0
D3087,0,0,33,0
D3088,0,0,4,0
D3089,0,0,28,0
D3090,0,0,3,0
D3091,0,0,404,0
D3092,0,0,9,0
D3093,0,0,32,0
D3094,0,0,0,0
D3095,0,0,14,0
D3096,0,0,103,9003
D3097,0,0,283,3
D3098,0,0,27,0
D3099,0,0,33,0
D3100,0,0,5149,8
D3101,0,0,52,2
D3102,0,0,917,4
D3103,0,0,35,0
D3104,0,0,18,0
D3105,0,0,16,0
D3106,0,0,176,49315
D3107,0,0,92,33
D3108,0,0,27,0
D3109,0,0,18,0
D3110,0,0,879,71118
D3111,0,0,0,28
D3112,0,0,115,0
D3113,0,0,22,0
D3114,0,0,195,0
D3115,0,0,175,0
D3116,0,0,483,0
D3117,0,0,283,12
D3118,0,0,0,0
D3119,0,0,86,0
D3120,0,0,271,177
D3121,0,0,224,0
D3122,0,0,221,0
D3123,0,0,31,0
D3124,0,0,14,0
D3125,0,0,0,0
D3126,0,0,826,1
D3127,0,0,44,196
D3128,0,0,78,0
D3129,0,0,32,0
D3130,0,0,258,152
D3131,0,0,148,96
D3132,0,0,83,0
D3133,0,0,352,10
D3134,0,0,35,0
D3135,0,0,33,0
D3136,0,0,22,42
D3137,0,0,335,0
D3138,0,0,56,1
D3139,0,0,11,0
D3140,0,0,180,6
D3141,0,0,25,0
D3142,0,0,19,0
D3143,0,0,150,0
D3144,0,0,31,0
D3145,0,0,148,0
D3146,0,0,152,438
D3147,0,0,618,33074
D3148,0,0,6,0
D3149,0,0,36,0
D3150,0,0,18,8
D3151,0,0,224,4394
D3152,0,0,31,0
D3153,0,0,16,0
D3154,0,0,98,0
D3155,0,0,26,0
D3156,0,0,30,0
D3157,0,0,111,1
D3158,0,0,83,0
D3159,0,0,71,0
D3160,0,0,50,0
D3161,0,0,60,0
D3162,0,0,16,0
D3163,0,0,232,6
D3164,0,0,57,0
D3165,0,0,54,0
D3166,0,0,27,13
D3167,0,0,107,0
D3168,0,0,18,0
D3169,0,0,428,0
D3170,0,0,122,0
D3171,0,0,140,117
D3172,0,0,140,0
D3173,0,0,23,0
D3174,0,0,71,0
D3175,0,0,82,0
D3176,0,0,43,0
D3177,0,0,114,0
D3178,0,0,352,0
D3179,0,0,73,8
D3180,0,0,18,0
D3181,0,0,26,0
D3182,0,0,27,0
D3183,0,0,164,0
D3184,0,0,441,1642
D3185,0,0,24,0
D3186,0,0,4,0
D3187,0,0,23,0
D3188,0,0,56,52
D3189,0,0,541,455
D3190,0,0,105,0
D3191,0,0,34,0
D3192,0,0,928,876
D3193,0,0,346,0
D3194,0,0,184,0
D3195,0,0,972,0
D3196,0,0,169,0
D3197,0,0,212,0
D3198,0,0,126,0
D3199,0,0,224,0
D3200,0,0,43,0
D3201,0,0,12,0
D3202,0,0,143,18
D3203,0,0,2114,272
D3204,56,0,203,0
D3205,0,0,246,0
D3206,0,0,26,0
D3207,0,0,0,373
D3208,0,0,648,0
D3209,0,0,819,0
D3210,20,0,55,0
D3211,0,0,188,0
D3212,0,0,383,0
D3213,0,0,143,0
D3214,0,0,239,14
D3215,0,0,765,489
D3216,0,0,70,0
D3217,0,0,205,2
D3218,0,0,1175,30
D3219,0,0,994,82
D3220,0,0,130,0
D3221,0,0,86,0
D3222,0,0,996,54
D3223,0,0,1416,653
D3224,0,0,112,0
D3225,0,0,1907,0
D3226,0,0,95,8
D3227,0,0,77,0
D3228,0,0,97,0
D3229,0,0,191,109
D3230,0,0,123,0
D3231,0,0,251,0
D3232,0,0,376,0
D3233,0,0,85,54
D3234,0,0,279,334
D3235,0,0,822,108
D3236,0,0,2,0
D3237,0,0,78,0
D3238,0,0,693,0
D3239,0,0,732,9609
D3240,0,0,90,0
D3241,0,0,19,0
D3242,0,0,56,279
D3243,0,0,396,51
D3244,0,0,413,0
D3245,0,0,0,12
D3246,0,0,113,46
D3247,0,0,19,0
D3248,0,0,0,382
D3249,0,0,0,47
D3250,0,0,235,390
D3251,0,0,12,0
D3252,0,0,185,0
D3253,0,0,28,0
D3254,0,0,187,207
D3255,0,0,219,0
D3256,0,0,214,0
D3257,0,0,13,0
D3258,0,0,24,95
D3259,0,0,236,250
D3260,0,0,7,0
D3261,0,0,0,0
D3262,0,0,97,65
D3263,0,0,35,5
D3264,0,0,40,0
D3265,0,0,57,0
D3266,0,0,39,0
D3267,0,0,41,0
D3268,0,0,63,0
D3269,0,0,102,0
D3270,0,0,14,0
D3271,0,0,0,20
D3272,0,0,247,0
D3273,0,0,3,0
D3274,0,0,72,136
D3275,0,0,131,104
D3276,0,0,6,0
D3277,0,0,49,0
D3278,0,0,55,623
D3279,0,0,37,36
D3280,0,0,98,0
D3281,0,0,36,7896
D3282,0,0,6,0
D3283,0,0,3,0
D3284,0,0,180,0
D3285,0,0,15,0
D3286,0,0,473,0
D3287,0,0,128,0
D3288,0,0,23,0
D3289,0,0,82,0
D3290,0,0,30,0
D3291,0,0,42,0
D3292,0,0,137,0
D3293,0,0,0,0
D3294,0,0,32,0
D3295,0,0,8,0
D3296,0,0,54,0
D3297,0,0,199,4540
D3298,0,0,21,0
D3299,0,0,22,0
D3300,0,0,17,0
D3301,0,0,66,0
D3302,0,0,69,0
D3303,0,0,51,12
D3304,0,0,20,0
D3305,0,0,11,14
D3306,0,0,240,40
D3307,0,0,864,634
D3308,0,0,9,0
D3309,0,0,19,0
D3310,0,0,206,0
D3311,0,0,152,28
D3312,0,0,7,0
D3313,0,0,0,0
D3314,0,0,14,0
D3315,0,0,219,0
D3316,0,0,21,0
D3317,0,0,27,0
D3318,0,0,0,0
D3319,0,0,58,0
D3320,0,0,38,0
D3321,0,0,34,0
D3322,0,0,76,0
D3323,0,0,24,0
D3324,0,0,10,0
D3325,0,0,65,0
D3326,0,0,3706,272
D3327,0,0,99,437
D3328,0,0,84,0
D3329,0,0,40,0
D3330,0,0,52,162
D3331,0,0,258,2
D3332,0,0,82,0
D3333,0,0,0,0
D3334,0,0,0,0
D3335,0,0,99,0
D3336,0,0,62,0
D3337,0,0,121,0
D3338,0,0,105,0
D3339,0,0,78,0
D3340,0,0,79,0
D3341,0,0,54,0
D3342,0,0,12,0
D3343,0,0,112,0
D3344,0,0,77,0
D3345,0,0,13,0
D3346,0,0,0,1241
D3347,0,0,31,0
D3348,0,0,0,0
D3349,0,0,0,0
D3350,0,0,47,106
D3351,0,0,0,0
D3352,0,0,24,0
D3353,0,0,0,0
D3354,0,0,24,5
D3355,0,0,16,0
D3356,0,0,0,0
D3357,0,0,45,0
D3358,0,0,18,0
D3359,0,0,18,0
D3360,0,0,298,0
D3361,0,0,89,0
D3362,0,0,0,0
D3363,0,0,30,0
D3364,0,0,0,0
D3365,0,0,52,0
D3366,0,0,679,260
D3367,0,0,38,0
D3368,0,0,25,0
D3369,0,0,13,0
D3370,0,0,217,232
D3371,0,0,46,2
D3372,0,0,0,0
D3373,0,0,8,0
D3374,0,0,0,0
D3375,0,0,143,0
D3376,0,0,40,0
D3377,0,0,86,0
D3378,0,0,23,0
D3379,0,0,4,0
D3380,0,0,117,0
D3381,0,0,48,0
D3382,0,0,29,0
D3383,0,0,200,0
D3384,0,0,105,0
D3385,0,0,155,2952
D3386,0,0,4,0
D3387,0,0,8,0
D3388,0,0,35,0
D3389,0,0,149,409
D3390,0,0,26,0
D3391,0,0,11,0
D3392,0,0,546,12
D3393,0,0,40,4710
D3394,0,0,203,0
D3395,0,0,36,0
D3396,0,0,181,0
D3397,0,0,0,0
D3398,0,0,36,0
D3399,0,0,39,0
D3400,0,0,39,0
D3401,0,0,9,0
D3402,0,0,22,0
D3403,0,0,60,0
D3404,0,0,13,0
D3405,0,0,38,1327
D3406,0,0,0,0
D3407,0,0,10,0
D3408,0,0,444,6
D3409,0,0,213,13
D3410,0,0,58,0
D3411,0,0,5,0
D3412,0,0,288,0
D3413,0,0,500,542
D3414,0,0,440,22
D3415,0,0,478,0
D3416,0,0,102,0
D3417,0,0,132,0
D3418,0,0,171,21
D3419,0,0,1829,6
D3420,0,0,340,0
D3421,0,0,0,58
D3422,0,0,33,0
D3423,0,0,175,0
D3424,0,0,44,0
D3425,0,0,213,0
D3426,0,0,17,0
D3427,0,0,28,0
D3428,0,0,673,54
D3429,0,0,78,27
D3430,0,0,33,0
D3431,0,0,10,0
D3432,0,0,38,0
D3433,0,0,211,2
D3434,0,0,138,0
D3435,0,0,125,0
D3436,0,0,101,0
D3437,0,0,20,0
D3438,0,0,36,0
D3439,0,0,44,0
D3440,0,0,0,136
D3441,0,0,0,44
D3442,0,0,79,0
D3443,0,0,34,0
D3444,16,0,12,129
D3445,0,0,297,0
D3446,0,0,0,0
D3447,0,0,9,0
D3448,0,0,500,18
D3449,0,0,87,10
D3450,0,0,0,4
D3451,0,0,0,0
D3452,0,0,0,1376
D3453,0,0,234,0
D3454,0,0,5,0
D3455,0,0,20,1
D3456,0,0,90,0
D3457,0,0,33,0
D3458,0,0,365,0
D3459,0,0,45,0
D3460,0,0,164,0
D3461,0,0,14,0
D3462,0,0,455,0
D3463,0,0,226,28
D3464,0,0,662,10
D3465,0,0,507,0
D3466,0,0,70,0
D3467,0,0,61,0
D3468,0,0,953,44
D3469,0,0,476,6
D3470,0,0,58,0
D3471,0,0,20,0
D3472,0,0,761,275
D3473,0,0,114,0
D3474,0,0,234,0
D3475,0,0,56,0
D3476,0,0,82,0
D3477,0,0,82,0
D3478,0,0,109,0
D3479,0,0,510,0
D3480,0,0,47,0
D3481,0,0,284,0
D3482,0,0,39,0
D3483,0,0,0,26
D3484,0,0,22,0
D3485,0,0,38,0
D3486,0,0,76,2
D3487,0,0,346,39
D3488,0,0,168,0
D3489,0,0,6,0
D3490,0,0,173,0
D3491,0,0,384,4
D3492,0,0,9,0
D3493,0,0,287,0
D3494,0,0,24,0
D3495,0,0,179,0
D3496,0,0,73,0
D3497,0,0,0,0
D3498,0,0,92,0
D3499,0,0,59,0
D3500,0,0,186,0
D3501,0,0,478,453
D3502,0,0,22,0
D3503,0,0,33,0
D3504,0,0,6,0
D3505,0,0,42,0
D3506,0,0,101,0
D3507,0,0,157,0
D3508,0,0,54,0
D3509,0,0,229,0
D3510,0,0,48,0
D3511,0,0,282,0
D3512,0,0,13,0
D3513,0,0,21,0
D3514,0,0,10,0
D3515,0,0,137,0
D3516,0,0,313,0
D3517,0,0,379,1176
D3518,0,0,97,0
D3519,0,0,100,0
D3520,0,0,129,0
D3521,0,0,236,136
D3522,0,0,20,0
D3523,0,0,72,0
D3524,0,0,204,0
D3525,0,0,114,0
D3526,0,0,118,0
D3527,0,0,90,0
D3528,0,0,73,0
D3529,0,0,20,0
D3530,0,0,25,0
D3531,0,0,139,0
D3532,0,0,68,0
D3533,0,0,64,0
D3534,0,0,12,0
D3535,0,0,38,0
D3536,0,0,848,16
D3537,0,0,155,0
D3538,0,0,0,0
D3539,0,0,102,0
D3540,0,0,186,396
D3541,0,0,269,37
D3542,0,0,127,0
D3543,0,0,73,0
D3544,0,0,28,0
D3545,0,0,92,0
D3546,0,0,35,0
D3547,0,0,70,0
D3548,0,0,110,0
D3549,0,0,39,0
D3550,0,0,364,0
D3551,0,0,164,0
D3552,0,0,89,0
D3553,0,0,110,0
D3554,0,0,145,0
D3555,0,0,6,0
D3556,0,0,73,1251
D3557,0,0,56,109
D3558,0,0,22,0
D3559,0,0,0,0
D3560,0,0,140,16
D3561,0,0,25,0
D3562,0,0,32,0
D3563,0,0,8,0
D3564,0,0,10,0
D3565,0,0,2,0
D3566,0,0,0,0
D3567,0,0,15,0
D3568,0,0,36,0
D3569,0,0,16,0
D3570,0,0,36,0
D3571,0,0,10,26
D3572,0,0,30,0
D3573,0,0,50,0
D3574,0,0,4,0
D3575,0,0,2,0
D3576,0,0,57,0
D3577,0,0,24,0
D3578,0,0,132,0
D3579,0,0,2,0
D3580,0,0,18,0
D3581,0,0,10,0
D3582,0,0,145,4
D3583,0,0,256,0
D3584,0,0,21,0
D3585,0,0,14,0
D3586,0,0,28,0
D3587,0,0,24,0
D3588,0,0,60,0
D3589,0,0,34,0
D3590,0,0,18,0
D3591,0,0,34,0
D3592,0,0,57,0
D3593,0,0,20,0
D3594,0,0,3,30
D3595,0,0,10,20
D3596,0,0,4,0
D3597,0,0,0,0
D3598,0,0,0,27
D3599,0,0,0,0
D3600,0,0,43,0
D3601,0,0,4,0
D3602,0,0,10,0
D3603,0,0,51,0
D3604,0,0,95,39
D3605,0,0,37,0
D3606,0,0,32,0
D3607,0,0,0,0
D3608,0,0,179,0
D3609,0,0,130,8
D3610,0,0,80,0
D3611,0,0,7,0
D3612,0,0,10,213
D3613,0,0,58,0
D3614,0,0,259,0
D3615,0,0,120,0
D3616,0,0,50,6
D3617,0,0,14,0
D3618,0,0,75,0
D3619,0,0,34,0
D3620,0,0,11,0
D3621,0,0,64,0
D3622,0,0,135,4
D3623,0,0,234,0
D3624,0,0,69,0
D3625,0,0,79,0
D3626,0,0,44,0
D3627,0,0,52,0
D3628,0,0,33,225
D3629,0,0,63,0
D3630,0,0,42,0
D3631,0,0,0,0
D3632,0,0,209,2
D3633,0,0,414,2
D3634,0,0,27,0
D3635,0,0,135,0
D3636,0,0,0,0
D3637,0,0,0,0
D3638,0,0,0,0
D3639,0,0,22,0
D3640,0,0,0,0
D3641,0,0,1,0
D3642,0,0,36,2
D3643,0,0,21,0
D3644,0,0,6,98
D3645,0,0,38,152
D3646,0,0,12,0
D3647,0,0,5,0
D3648,0,0,45,0
D3649,0,0,95,0
D3650,0,0,2,0
D3651,0,0,18,0
D3652,0,0,24,0
D3653,0,0,77,20
D3654,0,0,0,14
D3655,0,0,38,0
D3656,0,0,12,0
D3657,0,0,18,0
D3658,0,0,30,0
D3659,0,0,26,0
D3660,0,0,34,0
D3661,0,0,55,4
D3662,0,0,25,0
D3663,0,0,18,0
D3664,0,0,20,28
D3665,0,0,6,8
D3666,0,0,18,0
D3667,0,0,2,0
D3668,0,0,4,0
D3669,0,0,13,340
D3670,0,0,39,0
D3671,0,0,39,0
D3672,0,0,19,36
D3673,0,0,118,0
D3674,0,0,49,0
D3675,0,0,99,0
D3676,0,0,0,0
D3677,0,0,20,0
D3678,0,0,202,0
D3679,0,0,541,0
D3680,0,0,51,0
D3681,0,0,224,0
D3682,0,0,177,0
D3683,0,0,61,0
D3684,0,0,9,0
D3685,0,0,1,0
D3686,0,0,147,51
D3687,0,0,265,0
D3688,0,0,255,0
D3689,0,0,62,0
D3690,0,0,1075,4
D3691,0,0,170,0
D3692,0,0,12,0
D3693,0,0,7,0
D3694,0,0,159,0
D3695,0,0,0,0
D3696,0,0,0,0
D3697,0,0,59,0
D3698,0,0,137,0
D3699,0,0,51,0
D3700,0,0,224,14
D3701,8,0,85,0
D3702,0,0,133,0
D3703,0,0,10,0
D3704,0,0,39,0
D3705,0,0,7,0
D3706,0,0,1843,0
D3707,0,0,236,0
D3708,0,0,128,0
D3709,0,0,109,0
D3710,0,0,133,0
D3711,0,0,77,8
D3712,0,0,216,0
D3713,0,0,98,0
D3714,0,0,185,0
D3715,0,0,85,0
D3716,0,0,966,36
D3717,0,0,521,15
D3718,0,0,133,0
D3719,0,0,15,0
D3720,0,0,368,25
D3721,0,0,766,4
D3722,0,0,0,0
D3723,0,0,8,0
D3724,0,0,26,8
D3725,0,0,38,0
D3726,0,0,21,0
D3727,0,0,19,0
D3728,0,0,160,0
D3729,0,0,221,0
D3730,0,0,76,0
D3731,0,0,60,0
D3732,0,0,15,0
D3733,0,0,7,0
D3734,0,0,11,0
D3735,0,0,17,0
D3736,0,0,1092,30
D3737,0,0,174,4
D3738,0,0,29,0
D3739,0,0,35,0
D3740,0,0,57,0
D3741,0,0,24,12
D3742,0,0,4,0
D3743,0,0,46,0
D3744,0,0,10,0
D3745,0,0,39,0
D3746,0,0,0,0
D3747,0,0,53,0
D3748,0,0,0,0
D3749,0,0,16,0
D3750,0,0,2,0
D3751,0,0,26,0
D3752,0,0,45,0
D3753,0,0,30,0
D3754,0,0,32,0
D3755,0,0,13,0
D3756,0,0,10,0
D3757,0,0,109,54
D3758,0,0,17,0
D3759,0,0,39,0
D3760,0,0,39,0
D3761,0,0,269,141
D3762,0,0,14,0
D3763,0,0,9,0
D3764,0,0,14,0
D3765,0,0,11,0
D3766,0,0,143,0
D3767,0,0,52,0
D3768,0,0,136,0
D3769,0,0,29,0
D3770,0,0,220,20
D3771,0,0,74,0
D3772,0,0,64,0
D3773,0,0,49,0
D3774,0,0,0,0
D3775,0,0,0,14
D3776,0,0,155,0
D3777,0,0,181,0
D3778,0,0,44,0
D3779,0,0,9,0
D3780,0,0,8,0
D3781,0,0,147,0
D3782,0,0,61,8
D3783,0,0,89,0
D3784,0,0,163,0
D3785,0,0,18,0
D3786,0,0,26,0
D3787,0,0,92,0
D3788,0,0,64,0
D3789,0,0,25,0
D3790,0,0,148,0
D3791,0,0,9,0
D3792,0,0,39,0
D3793,0,0,87,0
D3794,0,0,83,535
D3795,0,0,87,0
D3796,0,0,0,0
D3797,0,0,64,0
D3798,0,0,144,0
D3799,0,0,629,0
D3800,0,0,21,0
D3801,0,0,141,0
D3802,0,0,194,0
D3803,0,0,0,23
D3804,0,0,273,0
D3805,0,0,436,111
D3806,0,0,36,0
D3807,0,0,18,0
D3808,0,0,245,0
D3809,0,0,279,50
D3810,0,0,20,0
D3811,0,0,50,0
D3812,0,0,6,68
D3813,0,0,7,1239
D3814,0,0,6,0
D3815,0,0,13,0
D3816,0,0,12,0
D3817,0,0,6,0
D3818,0,0,0,3
D3819,0,0,23,0
D3820,0,0,1,0
D3821,0,0,15,0
D3822,0,0,16,0
D3823,0,0,31,0
D3824,0,0,47,0
D3825,0,0,33,48
D3826,0,0,0,0
D3827,0,0,7,0
D3828,0,0,7,0
D3829,0,0,64,0
D3830,0,0,0,0
D3831,0,0,4,0
D3832,0,0,0,18
D3833,0,0,63,0
D3834,0,0,74,0
D3835,0,0,20,0
D3836,0,0,44,0
D3837,0,0,38,0
D3838,0,0,0,84
D3839,0,0,1,0
D3840,0,0,11,0
D3841,0,0,12,0
D3842,0,0,372,0
D3843,0,0,2,0
D3844,0,0,243,9
D3845,0,0,53,0
D3846,0,0,0,0
D3847,0,0,9,0
D3848,0,0,88,0
D3849,0,0,326,0
D3850,0,0,45,0
D3851,0,0,29,0
D3852,0,0,685,10
D3853,0,0,180,4
D3854,0,0,32,0
D3855,0,0,15,0
D3856,0,0,233,0
D3857,0,0,59,0
D3858,0,0,133,0
D3859,0,0,99,0
D3860,0,0,12,0
D3861,0,0,25,0
D3862,0,0,111,0
D3863,0,0,66,4
D3864,0,0,104,0
D3865,0,0,40,0
D3866,0,0,0,0
D3867,0,0,0,0
D3868,0,0,57,5
D3869,0,0,46,0
D3870,0,0,4,0
D3871,0,0,6,0
D3872,0,0,50,0
D3873,0,0,43,0
D3874,0,0,20,0
D3875,0,0,19,0
D3876,0,0,28,0
D3877,0,0,6,0
D3878,0,0,139,0
D3879,0,0,20,0
D3880,0,0,24,0
D3881,0,0,101,0
D3882,0,0,7,0
D3883,0,0,0,0
D3884,0,0,2,0
D3885,0,0,21,0
D3886,0,0,39,1902
D3887,0,0,105,7510
D3888,0,0,39,0
D3889,0,0,74,0
D3890,0,0,339,738
D3891,0,0,725,1385
D3892,0,0,27,0
D3893,0,0,36,0
D3894,0,0,247,0
D3895,0,0,18,0
D3896,0,0,127,16
D3897,0,0,214,93
D3898,0,0,96,0
D3899,0,0,51,139
D3900,0,0,159,988
D3901,0,0,2097,44350
D3902,0,0,36,0
D3903,0,0,39,0
D3904,0,0,94,0
D3905,0,0,42,0
D3906,0,0,90,0
D3907,0,0,188,81
D3908,0,0,13,0
D3909,0,0,91,0
D3910,0,0,47,8
D3911,0,0,120,0
D3912,0,0,193,0
D3913,0,0,229,0
D3914,0,0,77,0
D3915,0,0,75,0
D3916,0,0,307,10
D3917,0,0,273,3220
D3918,0,0,0,0
D3919,0,0,0,0
D3920,0,0,653,224
D3921,0,0,395,330
D3922,0,0,8,0
D3923,0,0,0,0
D3924,0,0,24,0
D3925,0,0,11,12
D3926,0,0,67,99
D3927,0,0,109,248
D3928,0,0,45,0
D3929,0,0,99,0
D3930,0,0,143,0
D3931,0,0,80,83
D3932,0,0,0,0
D3933,0,0,0,11
D3934,0,0,30,0
D3935,0,0,42,0
D3936,0,0,37,148
D3937,0,0,153,242
D3938,0,0,40,0
D3939,0,0,0,21
D3940,0,0,112,1119
D3941,0,0,22,0
D3942,0,0,23,0
D3943,0,0,30,0
D3944,0,0,10,0
D3945,0,0,35,6
D3946,0,0,328,6
D3947,0,0,434,8
D3948,0,0,117,15
D3949,0,0,72,9
D3950,0,0,277,244
D3951,0,0,30,0
D3952,0,0,55,0
D3953,0,0,20,13
D3954,0,0,39,0
D3955,0,0,50,0
D3956,0,0,783,817
D3957,0,0,40,832
D3958,0,0,50,0
D3959,0,0,43,0
D3960,0,0,328,81
D3961,0,0,4,0
D3962,0,0,81,0
D3963,0,0,17,0
D3964,0,0,55,0
D3965,0,0,38,0
D3966,0,0,0,442
D3967,0,0,87,12
D3968,0,0,7,26
D3969,0,0,26,0
D3970,0,0,19,0
D3971,0,0,5,6
D3972,0,0,60,0
D3973,0,0,60,0
D3974,0,0,3,0
D3975,0,0,4,0
D3976,0,0,903,24
D3977,0,0,258,1816
D3978,0,0,117,0
D3979,0,0,31,2
D3980,0,0,21,0
D3981,0,0,21,0
D3982,0,0,512,30
D3983,0,0,1576,379
D3984,0,0,89,0
D3985,0,0,89,0
D3986,0,0,70,0
D3987,0,0,327,0
D3988,0,0,23,0
D3989,0,0,232,4
D3990,0,0,0,0
D3991,0,0,269,0
D3992,0,0,55,0
D3993,0,0,411,39
D3994,0,0,225,0
D3995,0,0,511,345
D3996,0,0,4,0
D3997,0,0,21,0
D3998,0,0,196,64
D3999,0,0,89,57
D4000,0,0,691,0
D4001,0,0,123,21
D4002,0,0,162,2
D4003,0,0,33,10
D4004,0,0,52,0
D4005,0,0,12,0
D4006,0,0,423,2753
D4007,0,0,645,195
D4008,0,0,29,0
D4009,0,0,76,0
D4010,0,0,709,6151
D4011,0,0,255,1052
D4012,0,0,0,0
D4013,0,0,3,0
D4014,0,0,201,0
D4015,0,0,53,0
D4016,0,0,90,18
D4017,0,0,140,0
D4018,0,0,128,22
D4019,0,0,39,0
D4020,0,0,91,16
D4021,0,0,297,9
D4022,0,0,31,0
D4023,0,0,24,0
D4024,0,0,70,0
D4025,0,0,11,0
D4026,0,0,148,140
D4027,0,0,138,287
D4028,0,0,0,0
D4029,0,0,38,0
D4030,0,0,1459,1027
D4031,0,0,557,46
D4032,0,0,44,0
D4033,0,0,86,0
D4034,0,0,85,0
D4035,0,0,39,0
D4036,0,0,740,43
D4037,0,0,1,0
D4038,0,0,56,4
D4039,0,0,18,0
D4040,0,0,150,0
D4041,0,0,314,0
D4042,0,0,3,0
D4043,0,0,28,0
D4044,0,0,36,0
D4045,0,0,80,0
D4046,0,0,509,12
D4047,0,0,929,1918
D4048,0,0,19,0
D4049,0,0,233,0
D4050,0,0,212,18
D4051,0,0,2543,3945
D4052,0,0,47,0
D4053,0,0,15,0
D4054,0,0,0,144
D4055,0,0,7,0
D4056,0,0,10,6
D4057,0,0,0,54
D4058,0,0,9,0
D4059,0,0,6,0
D4060,0,0,0,18
D4061,0,0,23,74
D4062,0,0,13,0
D4063,0,0,28,8
D4064,0,0,4,16
D4065,0,0,0,0
D4066,0,0,11,269
D4067,0,0,0,183
D4068,0,0,6,0
D4069,0,0,0,4
D4070,0,0,29,71
D4071,0,0,63,587
D4072,0,0,2,0
D4073,0,0,5,0
D4074,0,0,0,0
D4075,0,0,11,0
D4076,0,0,12,154
D4077,0,0,91,10
D4078,0,0,19,0
D4079,0,0,21,0
D4080,0,0,22,1
D4081,0,0,26,0
D4082,0,0,66,0
D4083,0,0,141,0
D4084,0,0,20,3
D4085,0,0,126,12
D4086,0,0,0,12
D4087,0,0,35,0
D4088,0,0,244,0
D4089,0,0,291,210
D4090,0,0,0,0
D4091,0,0,12,4
D4092,0,0,32,33
D4093,0,0,162,0
D4094,0,0,29,15
D4095,0,0,3,12
D4096,0,0,0,0
D4097,0,0,19,0
D4098,0,0,88,12
D4099,0,0,35,0
D4100,0,0,19,0
D4101,0,0,0,0
D4102,0,0,546,376
D4103,0,0,0,28
D4104,0,0,0,0
D4105,0,0,0,33
D4106,0,0,0,0
D4107,0,0,69,0
D4108,0,0,49,0
D4109,0,0,66,6
D4110,0,0,30,0
D4111,0,0,0,0
D4112,0,0,45,8
D4113,0,0,72,0
D4114,0,0,66,1100
D4115,0,0,113,20
D4116,0,0,0,6
D4117,0,0,29,0
D4118,0,0,140,364
D4119,0,0,142,89
D4120,0,0,0,0
D4121,0,0,7,0
D4122,0,0,0,200
D4123,0,0,110,31
D4124,0,0,36,30
D4125,0,0,17,0
D4126,0,0,7,0
D4127,0,0,0,0
D4128,0,0,141,3
D4129,0,0,4,0
D4130,0,0,40,0
D4131,0,0,51,0
D4132,0,0,0,23
D4133,0,0,230,0
D4134,0,0,265,128
D4135,0,0,0,142
D4136,0,0,5,0
D4137,0,0,22,0
D4138,0,0,623,134
D4139,0,0,49,153
D4140,0,0,0,0
D4141,0,0,24,0
D4142,0,0,59,48
D4143,0,0,85,871
D4144,0,0,0,4
D4145,0,0,15,0
D4146,0,0,23,0
D4147,0,0,8,0
D4148,0,0,38,23
D4149,0,0,179,12
D4150,0,0,0,8
D4151,0,0,55,0
D4152,0,0,20,0
D4153,0,0,56,17
D4154,0,0,24,2
D4155,0,0,67,2183
D4156,0,0,8,0
D4157,0,0,0,0
D4158,0,0,0,385
D4159,0,0,18,161
D4160,0,0,9,0
D4161,0,0,30,0
D4162,0,0,172,8
D4163,0,0,90,19
D4164,0,0,82,0
D4165,0,0,83,60
D4166,0,0,60,0
D4167,0,0,108,0
D4168,0,0,83,12
D4169,0,0,0,0
D4170,0,0,9,0
D4171,0,0,0,0
D4172,0,0,0,0
D4173,0,0,0,80
D4174,0,0,0,0
D4175,0,0,19,6
D4176,0,0,18,0
D4177,0,0,9,0
D4178,0,0,28,6
D4179,0,0,153,650
D4180,0,0,0,666
D4181,0,0,20,8
D4182,0,0,76,4
D4183,0,0,10,0
D4184,0,0,9,0
D4185,0,0,26,0
D4186,0,0,23,0
D4187,0,0,17,0
D4188,0,0,37,3
D4189,0,0,11,0
D4190,0,0,36,0
D4191,0,0,30,0
D4192,0,0,41,0
D4193,0,0,25,0
D4194,0,0,12,0
D4195,0,0,18,8
D4196,0,0,45,82
D4197,0,0,15,0
D4198,0,0,0,0
D4199,0,0,7,0
D4200,0,0,119,69
D4201,0,0,424,6
D4202,0,0,11,0
D4203,0,0,291,0
D4204,0,0,0,0
D4205,0,0,8,0
D4206,0,0,148,153
D4207,0,0,109,71
D4208,0,0,159,0
D4209,0,0,6,0
D4210,0,0,116,48
D4211,0,0,235,256
D4212,0,0,0,0
D4213,0,0,360,4
D4214,0,0,0,0
D4215,0,0,102,32
D4216,0,0,70,0
D4217,0,0,359,0
D4218,0,0,10,0
D4219,0,0,19,0
D4220,0,0,165,44
D4221,0,0,802,291
D4222,0,0,7,0
D4223,0,0,46,0
D4224,0,0,12,0
D4225,0,0,0,2
D4226,0,0,638,8
D4227,0,0,436,12
D4228,0,0,0,0
D4229,0,0,60,20
D4230,0,0,325,8
D4231,0,0,643,865
D4232,0,0,49,0
D4233,0,0,27,38
D4234,0,0,2,0
D4235,0,0,0,40
D4236,0,0,1,28
D4237,0,0,309,0
D4238,0,0,30,0
D4239,0,0,47,0
D4240,0,0,214,0
D4241,0,0,0,0
D4242,0,0,0,0
D4243,0,0,64,0
D4244,0,0,18,0
D4245,0,0,39,0
D4246,0,0,281,29
D4247,0,0,119,0
D4248,0,0,0,0
D4249,0,0,0,0
D4250,0,0,105,50
D4251,0,0,0,153
D4252,0,0,8,0
D4253,0,0,11,0
D4254,0,0,31,0
D4255,0,0,12,0
D4256,0,0,0,24
D4257,0,0,53,0
D4258,0,0,0,10
D4259,0,0,16,0
D4260,0,0,66,0
D4261,0,0,0,0
D4262,0,0,7,0
D4263,0,0,85,0
D4264,0,0,13,0
D4265,0,0,2,0
D4266,0,0,119,82
D4267,0,0,75,8
D4268,0,0,0,12
D4269,0,0,1,0
D4270,0,0,568,144
D4271,0,0,281,32
D4272,0,0,5,0
D4273,0,0,20,0
D4274,0,0,53,0
D4275,0,0,0,0
D4276,0,0,277,0
D4277,0,0,0,238
D4278,0,0,89,0
D4279,0,0,37,0
D4280,0,0,17,0
D4281,0,0,22,0
D4282,0,0,72,0
D4283,0,0,140,0
D4284,0,0,75,0
D4285,0,0,232,1538
D4286,0,0,23,0
D4287,0,0,2,0
D4288,0,0,369,5
D4289,0,0,2,386
D4290,0,0,7,0
D4291,0,0,28,0
D4292,0,0,38,4
D4293,0,0,776,576
D4294,0,0,30,0
D4295,0,0,4,178
D4296,0,0,111,0
D4297,0,0,9,0
D4298,0,0,0,0
D4299,0,0,88,0
D4300,0,0,4,0
D4301,0,0,4,0
D4302,0,0,9,6
D4303,0,0,54,367
D4304,0,0,24,0
D4305,0,0,137,0
D4306,0,0,62,0
D4307,0,0,56,0
D4308,0,0,46,0
D4309,0,0,195,3
D4310,0,0,69,0
D4311,0,0,218,0
D4312,0,0,100,0
D4313,0,0,61,0
D4314,0,0,60,0
D4315,0,0,297,1221
D4316,0,0,44,0
D4317,0,0,86,0
D4318,0,0,412,24
D4319,0,0,992,40
D4320,0,0,40,0
D4321,0,0,174,0
D4322,0,0,534,0
D4323,0,0,120,0
D4324,0,0,126,0
D4325,0,0,47,0
D4326,0,0,50,0
D4327,0,0,24,0
D4328,0,0,139,8
D4329,0,0,89,0
D4330,0,0,80,0
D4331,0,0,57,0
D4332,0,0,128,64
D4333,0,0,386,20
D4334,0,0,477,18
D4335,0,0,381,8
D4336,0,0,14,0
D4337,0,0,6,0
D4338,0,0,0,70
D4339,0,0,361,43
D4340,0,0,4,0
D4341,0,0,17,0
D4342,0,0,676,3
D4343,0,0,267,0
D4344,0,0,109,0
D4345,0,0,185,0
D4346,0,0,87,0
D4347,0,0,20,0
D4348,0,0,126,0
D4349,0,0,28,0
D4350,0,0,98,0
D4351,0,0,53,0
D4352,0,0,215,12
D4353,0,0,318,0
D4354,0,0,163,56
D4355,0,0,86,6
D4356,0,0,9,0
D4357,0,0,30,0
D4358,0,0,410,0
D4359,0,0,162,0
D4360,0,0,66,0
D4361,0,0,38,0
D4362,0,0,461,100
D4363,0,0,232,0
D4364,0,0,237,12
D4365,0,0,19,0
D4366,0,0,92,0
D4367,0,0,10,0
D4368,0,0,370,0
D4369,0,0,71,0
D4370,0,0,18,0
D4371,0,0,56,0
D4372,0,0,224,0
D4373,0,0,82,0
D4374,0,0,62,594
D4375,0,0,80,0
D4376,0,0,73,0
D4377,0,0,83,0
D4378,0,0,390,1615
D4379,0,0,0,0
D4380,0,0,148,0
D4381,0,0,195,213
D4382,0,0,10,0
D4383,0,0,21,0
D4384,0,0,90,0
D4385,0,0,45,4
D4386,0,0,71,0
D4387,0,0,125,14
D4388,0,0,133,0
D4389,0,0,139,0
D4390,0,0,63,0
D4391,0,0,8,0
D4392,0,0,73,10
D4393,0,0,26,0
D4394,0,0,24,0
D4395,0,0,38,0
D4396,0,0,299,0
D4397,0,0,610,2395
D4398,0,0,14,0
D4399,0,0,14,0
D4400,0,0,223,9
D4401,0,0,364,11
D4402,0,0,24,0
D4403,0,0,57,0
D4404,0,0,37,0
D4405,0,0,0,4
D4406,0,0,0,20
D4407,0,0,83,9
D4408,0,0,4,0
D4409,0,0,12,0
D4410,0,0,21,0
D4411,0,0,7,0
D4412,0,0,0,0
D4413,0,0,77,0
D4414,0,0,0,0
D4415,0,0,0,4
D4416,0,0,1,0
D4417,0,0,15,527
D4418,0,0,20,0
D4419,0,0,0,6
D4420,0,0,7,39
D4421,0,0,0,318
D4422,0,0,7,0
D4423,0,0,4,0
D4424,0,0,0,0
D4425,0,0,23,0
D4426,0,0,0,0
D4427,0,0,0,34
D4428,0,0,41,0
D4429,0,0,25,0
D4430,0,0,44,58
D4431,0,0,9,0
D4432,0,0,12,0
D4433,0,0,0,4
D4434,0,0,0,56
D4435,0,0,0,2
D4436,0,0,0,0
D4437,0,0,67,0
D4438,0,0,38,0
D4439,0,0,26,0
D4440,0,0,40,8
D4441,0,0,0,26
D4442,0,0,0,6
D4443,0,0,0,0
D4444,0,0,18,0
D4445,0,0,68,0
D4446,0,0,0,4
D4447,0,0,0,0
D4448,0,0,15,0
D4449,0,0,15,0
D4450,0,0,34,0
D4451,0,0,0,24
D4452,0,0,0,0
D4453,0,0,0,4
D4454,0,0,0,0
D4455,0,0,0,0
D4456,0,0,98,2047
D4457,0,0,0,0
D4458,0,0,3,0
D4459,0,0,19,0
D4460,0,0,30,0
D4461,0,0,29,44
D4462,0,0,5,0
D4463,0,0,0,2
D4464,0,0,0,0
D4465,0,0,11,0
D4466,0,0,39,0
D4467,0,0,11,0
D4468,0,0,13,0
D4469,0,0,13,0
D4470,0,0,20,4
D4471,0,0,52,0
D4472,0,0,0,4
D4473,0,0,19,0
D4474,0,0,46,0
D4475,0,0,0,0
D4476,0,0,27,6
D4477,0,0,183,0
D4478,0,0,0,0
D4479,0,0,3,0
D4480,0,0,3,0
D4481,0,0,5,0
D4482,0,0,101,0
D4483,0,0,88,28
D4484,0,0,54,0
D4485,0,0,47,0
D4486,0,0,42,0
D4487,0,0,44,16
D4488,0,0,43,48
D4489,0,0,21,0
D4490,0,0,42,0
D4491,0,0,0,0
D4492,0,0,137,0
D4493,0,0,50,37
D4494,0,0,82,31
D4495,0,0,66,5
D4496,0,0,14,0
D4497,0,0,44,0
D4498,0,0,21,112
D4499,0,0,62,50
D4500,0,0,0,14
D4501,0,0,4,0
D4502,0,0,23,3
D4503,0,0,0,0
D4504,0,0,0,0
D4505,0,0,0,0
D4506,0,0,0,0
D4507,0,0,0,0
D4508,0,0,15,0
D4509,0,0,31,0
D4510,0,0,0,0
D4511,0,0,47,0
D4512,0,0,35,0
D4513,0,0,21,13
D4514,0,0,9,0
D4515,0,0,51,8
D4516,0,0,104,0
D4517,0,0,7,0
D4518,0,0,0,0
D4519,0,0,6,0
D4520,0,0,9,0
D4521,0,0,7,0
D4522,0,0,3,0
D4523,0,0,11,0
D4524,0,0,9,50
D4525,0,0,2,20
D4526,0,0,44,0
D4527,0,0,12,0
D4528,0,0,3,0
D4529,0,0,55,5
D4530,0,0,7,0
D4531,0,0,39,0
D4532,0,0,0,0
D4533,0,0,304,0
D4534,0,0,49,0
D4535,0,0,135,4
D4536,0,0,8,16
D4537,0,0,88,0
D4538,0,0,13,0
D4539,0,0,24,0
D4540,0,0,14,0
D4541,0,0,37,0
D4542,0,0,621,0
D4543,0,0,144,0
D4544,0,0,627,58
D4545,0,0,115,0
D4546,0,0,17,0
D4547,0,0,40,0
D4548,0,0,163,15
D4549,0,0,339,0
D4550,0,0,0,12
D4551,0,0,22,0
D4552,0,0,701,23
D4553,0,0,0,58
D4554,0,0,325,0
D4555,0,0,0,0
D4556,0,0,6,0
D4557,0,0,46,0
D4558,0,0,26,0
D4559,0,0,61,3
D4560,0,0,160,0
D4561,0,0,51,0
D4562,0,0,102,2
D4563,0,0,130,0
D4564,0,0,1264,60
D4565,0,0,335,8
D4566,0,0,0,0
D4567,0,0,52,0
D4568,0,0,154,32
D4569,0,0,202,0
D4570,0,0,0,0
D4571,0,0,41,0
D4572,0,0,231,0
D4573,0,0,268,240
D4574,4,0,133,140
D4575,0,0,0,0
D4576,0,0,2,0
D4577,0,0,8,0
D4578,0,0,5,0
D4579,0,0,2,0
D4580,0,0,32,6
D4581,0,0,15,0
D4582,0,0,69,0
D4583,0,0,103,0
D4584,0,0,2,0
D4585,0,0,31,0
D4586,0,0,177,0
D4587,0,0,273,5
D4588,0,0,33,0
D4589,0,0,1,0
D4590,0,0,18,0
D4591,0,0,0,36
D4592,0,0,2,0
D4593,0,0,2,0
D4594,0,0,32,0
D4595,0,0,11,58
D4596,0,0,3,10
D4597,0,0,117,0
D4598,0,0,0,48
D4599,0,0,194,0
D4600,0,0,117,3
D4601,0,0,0,0
D4602,0,0,0,0
D4603,0,0,6,0
D4604,0,0,40,0
D4605,0,0,0,4
D4606,0,0,216,72
D4607,0,0,0,0
D4608,0,0,34,0
D4609,0,0,66,0
D4610,0,0,16,0
D4611,0,0,60,0
D4612,0,0,0,0
D4613,0,0,0,0
D4614,0,0,0,2
D4615,0,0,28,0
D4616,0,0,336,4
D4617,0,0,212,0
D4618,0,0,0,0
D4619,0,0,27,0
D4620,0,0,37,6
D4621,0,0,38,0
D4622,0,0,22,0
D4623,0,0,32,0
D4624,0,0,62,0
D4625,0,0,0,0
D4626,0,0,62,0
D4627,0,0,0,0
D4628,0,0,10,0
D4629,0,0,33,0
D4630,0,0,0,0
D4631,0,0,38,0
D4632,0,0,75,0
D4633,0,0,6,0
D4634,0,0,0,0
D4635,0,0,21,0
D4636,0,0,127,27
D4637,0,0,49,0
D4638,0,0,27,0
D4639,0,0,30,0
D4640,0,0,144,0
D4641,0,0,432,49
D4642,0,0,22,0
D4643,0,0,62,6
D4644,0,0,10,0
D4645,0,0,37,0
D4646,0,0,40,0
D4647,0,0,118,8
D4648,0,0,26,0
D4649,0,0,28,0
D4650,0,0,0,0
D4651,0,0,2,4
D4652,0,0,21,2
D4653,0,0,10,0
D4654,0,0,9,0
D4655,0,0,63,6
D4656,0,0,180,0
D4657,0,0,149,4
D4658,0,0,27,0
D4659,0,0,26,0
D4660,0,0,132,0
D4661,0,0,153,0
D4662,0,0,30,0
D4663,0,0,0,0
D4664,0,0,2,0
D4665,0,0,5,0
D4666,0,0,28,0
D4667,0,0,0,49
D4668,0,0,12,0
D4669,0,0,0,22
D4670,0,0,9,0
D4671,0,0,45,120
D4672,0,0,0,0
D4673,0,0,0,0
D4674,0,0,0,0
D4675,0,0,14,0
D4676,0,0,3,0
D4677,0,0,7,0
D4678,0,0,0,0
D4679,0,0,0,0
D4680,0,0,0,0
D4681,0,0,12,0
D4682,0,0,17,236
D4683,0,0,6,0
D4684,0,0,25,0
D4685,0,0,21,83
D4686,0,0,11,0
D4687,0,0,21,0
D4688,0,0,0,6
D4689,0,0,0,0
D4690,0,0,14,0
D4691,0,0,8,0
D4692,0,0,230,0
D4693,0,0,0,6
D4694,0,0,27,0
D4695,0,0,196,4
D4696,0,0,16,0
D4697,0,0,43,0
D4698,0,0,812,4
D4699,0,0,47,0
D4700,0,0,2,0
D4701,0,0,0,0
D4702,0,0,8,0
D4703,0,0,83,0
D4704,0,0,890,35
D4705,0,0,0,0
D4706,0,0,0,0
D4707,0,0,0,0
D4708,0,0,0,88
D4709,0,0,0,0
D4710,0,0,18,0
D4711,0,0,0,0
D4712,0,0,96,4
D4713,0,0,95,0
D4714,0,0,8,0
D4715,0,0,19,0
D4716,0,0,16,0
D4717,0,0,21,0
D4718,0,0,6,0
D4719,0,0,0,44
D4720,0,0,7,0
D4721,0,0,2,0
D4722,0,0,41,0
D4723,0,0,0,2
D4724,0,0,855,0
D4725,0,0,13,0
D4726,0,0,0,0
D4727,0,0,15,0
D4728,0,0,15,12
D4729,0,0,9,126
D4730,0,0,0,0
D4731,0,0,2,0
D4732,0,0,21,0
D4733,0,0,0,6
D4734,0,0,12,0
D4735,0,0,10,0
D4736,0,0,135,25
D4737,0,0,24,12
D4738,0,0,194,40
D4739,0,0,278,24
D4740,0,0,37,0
D4741,0,0,8,1
D4742,0,0,0,88
D4743,0,0,279,27
D4744,0,0,91,30
D4745,0,0,125,438
D4746,0,0,39,0
D4747,0,0,16,0
D4748,0,0,281,187
D4749,0,0,178,1190
D4750,0,0,68,0
D4751,0,0,6,0
D4752,0,0,96,38
D4753,0,0,0,672
D4754,0,0,0,0
D4755,0,0,101,14
D4756,0,0,18,0
D4757,0,0,19,0
D4758,0,0,38,0
D4759,0,0,137,0
D4760,0,0,57,0
D4761,0,0,26,4
D4762,0,0,2,0
D4763,0,0,22,0
D4764,0,0,162,2
D4765,0,0,334,403
D4766,0,0,22,0
D4767,0,0,32,0
D4768,0,0,307,199
D4769,0,0,160,382
D4770,0,0,48,0
D4771,0,0,35,0
D4772,0,0,160,6
D4773,0,0,265,584
D4774,0,0,15,0
D4775,0,0,40,64
D4776,0,0,47,0
D4777,0,0,47,12
D4778,0,0,138,0
D4779,0,0,249,122
D4780,0,0,0,402
D4781,0,0,0,0
D4782,0,0,0,24
D4783,0,0,0,1
D4784,0,0,0,18
D4785,0,0,6,0
D4786,0,0,33,529
D4787,0,0,0,443
D4788,0,0,0,0
D4789,0,0,0,12
D4790,0,0,50,8490
D4791,0,0,0,100
D4792,0,0,0,12
D4793,0,0,0,0
D4794,0,0,0,0
D4795,0,0,10,0
D4796,0,0,0,37
D4797,0,0,0,20
D4798,0,0,35,12
D4799,0,0,0,0
D4800,0,0,8,8
D4801,0,0,37,154
D4802,0,0,0,0
D4803,0,0,31,0
D4804,0,0,41,0
D4805,0,0,23,0
D4806,0,0,45,0
D4807,0,0,57,12
D4808,0,0,50,0
D4809,0,0,52,36
D4810,0,0,15,0
D4811,0,0,0,70
D4812,0,0,0,0
D4813,0,0,10,0
D4814,0,0,0,0
D4815,0,0,0,0
D4816,0,0,7,37
D4817,0,0,0,2745
D4818,0,0,0,0
D4819,0,0,0,0
D4820,0,0,117,0
D4821,0,0,39,713
D4822,0,0,12,0
D4823,0,0,16,0
D4824,0,0,0,88
D4825,0,0,116,1
D4826,0,0,77,4
D4827,0,0,175,0
D4828,0,0,28,0
D4829,0,0,42,0
D4830,0,0,270,136
D4831,0,0,56,57
D4832,0,0,5,0
D4833,0,0,0,0
D4834,0,0,12,8
D4835,0,0,119,0
D4836,0,0,26,109
D4837,0,0,0,399
D4838,0,0,1,0
D4839,0,0,0,6
D4840,0,0,43,1073
D4841,0,0,20,0
D4842,0,0,0,24
D4843,0,0,0,0
D4844,0,0,66,0
D4845,0,0,3,0
D4846,0,0,0,0
D4847,0,0,52,0
D4848,0,0,0,0
D4849,0,0,41,0
D4850,0,0,58,0
D4851,0,0,16,0
D4852,0,0,57,2
D4853,0,0,76,2
D4854,0,0,1,0
D4855,0,0,5,0
D4856,0,0,180,8
D4857,0,0,0,0
D4858,0,0,2,0
D4859,0,0,44,0
D4860,0,0,0,136
D4861,0,0,56,6
D4862,0,0,5,0
D4863,0,0,3,0
D4864,0,0,49,0
D4865,0,0,3,0
D4866,0,0,0,38
D4867,0,0,28,0
D4868,0,0,14,0
D4869,0,0,10,0
D4870,0,0,142,28
D4871,0,0,30,0
D4872,0,0,78,14
D4873,0,0,39,0
D4874,0,0,0,18
D4875,0,0,47,0
D4876,0,0,143,54
D4877,0,0,111,0
D4878,0,0,19,0
D4879,0,0,13,0
D4880,0,0,16,0
D4881,0,0,35,0
D4882,0,0,55,2
D4883,0,0,106,335
D4884,0,0,171,26
D4885,0,0,127,0
D4886,0,0,0,18
D4887,0,0,0,20
D4888,0,0,0,44
D4889,0,0,18,0
D4890,0,0,0,2
D4891,0,0,0,0
D4892,0,0,13,0
D4893,0,0,7,0
D4894,0,0,8,152
D4895,0,0,6,16
D4896,0,0,0,0
D4897,0,0,0,0
D4898,0,0,23,411
D4899,0,0,0,38
D4900,0,0,16,0
D4901,0,0,29,1
D4902,0,0,30,0
D4903,0,0,27,0
D4904,0,0,35,0
D4905,0,0,184,439
D4906,0,0,0,0
D4907,0,0,4,0
D4908,0,0,60,0
D4909,0,0,125,69
D4910,0,0,6,0
D4911,0,0,6,0
D4912,0,0,1,34
D4913,0,0,0,130
D4914,0,0,0,4
D4915,0,0,0,8
D4916,0,0,0,0
D4917,0,0,0,0
D4918,0,0,0,0
D4919,0,0,0,38
D4920,0,0,0,0
D4921,0,0,22,0
D4922,0,0,0,64
D4923,0,0,58,0
D4924,0,0,177,39
D4925,0,0,0,0
D4926,0,0,29,0
D4927,0,0,83,0
D4928,0,0,0,0
D4929,0,0,37,124
D4930,0,0,0,0
D4931,0,0,4,18
D4932,0,0,17,84
D4933,0,0,183,0
D4934,0,0,13,0
D4935,0,0,11,0
D4936,0,0,11,0
D4937,0,0,61,21
D4938,0,0,43,0
D4939,0,0,5,0
D4940,0,0,0,12
D4941,0,0,6,0
D4942,0,0,4,118
D4943,0,0,16,0
D4944,0,0,41,0
D4945,0,0,12,32
D4946,0,0,2,0
D4947,0,0,0,0
D4948,0,0,0,742
D4949,0,0,24,0
D4950,0,0,2,0
D4951,0,0,18,0
D4952,0,0,98,6
D4953,0,0,11,2
D4954,0,0,0,0
D4955,0,0,96,0
D4956,0,0,47,0
D4957,0,0,12,0
D4958,0,0,147,30
D4959,0,0,30,0
D4960,0,0,33,0
D4961,0,0,30,0
D4962,0,0,74,0
D4963,0,0,42,0
D4964,0,0,0,180
D4965,0,0,0,216
D4966,0,0,0,0
D4967,0,0,0,4
D4968,0,0,0,632
D4969,0,0,0,16
D4970,0,0,0,2
D4971,0,0,0,0
D4972,0,0,10,10
D4973,0,0,28,8
D4974,0,0,0,175
D4975,0,0,0,0
D4976,0,0,11,0
D4977,0,0,16,0
D4978,0,0,2,0
D4979,0,0,0,0
D4980,0,0,0,0
D4981,0,0,0,0
D4982,0,0,9,0
D4983,0,0,15,0
D4984,0,0,0,0
D4985,0,0,4,0
D4986,0,0,6,0
D4987,0,0,55,0
D4988,0,0,0,0
D4989,0,0,38,0
D4990,0,0,51,0
D4991,0,0,0,54
D4992,0,0,1,0
D4993,0,0,0,0
D4994,0,0,3,0
D4995,0,0,0,2
D4996,0,0,6,0
D4997,0,0,13,0
D4998,0,0,0,24
D4999,0,0,0,10
D5000,0,0,6,0
D5001,0,0,2,0
D5002,0,0,12,0
D5003,0,0,340,12
D5004,0,0,130,0
D5005,0,0,0,0
D5006,0,0,2,0
D5007,0,0,0,173
D5008,0,0,2,0
D5009,0,0,2,0
D5010,0,0,0,0
D5011,0,0,0,76
D5012,0,0,2,0
D5013,0,0,11,0
D5014,0,0,0,4
D5015,0,0,3,0
D5016,0,0,2,0
D5017,0,0,6,4
D5018,0,0,0,1
D5019,0,0,0,20
D5020,0,0,0,3
D5021,0,0,0,0
D5022,0,0,0,6
D5023,0,0,11,0
D5024,0,0,18,0
D5025,0,0,2,0
D5026,0,0,0,25
D5027,0,0,0,11
D5028,0,0,6,0
D5029,0,0,16,0
D5030,0,0,34,9
D5031,0,0,16,0
D5032,0,0,30,0
D5033,0,0,46,0
D5034,0,0,2,0
D5035,0,0,5,14
D5036,0,0,3,0
D5037,0,0,0,38
D5038,0,0,10,0
D5039,0,0,0,302
D5040,0,0,0,180
D5041,0,0,0,3
D5042,0,0,6,0
D5043,0,0,6,0
D5044,0,0,0,16
D5045,0,0,0,4
D5046,0,0,0,482
D5047,0,0,5,60
D5048,0,0,2,0
D5049,0,0,0,10
D5050,0,0,0,8
D5051,0,0,7,3
D5052,0,0,0,0
D5053,0,0,0,9
D5054,0,0,7,0
D5055,0,0,3,0
D5056,0,0,0,32
D5057,0,0,4,0
D5058,0,0,0,0
D5059,0,0,0,14
D5060,0,0,0,80
D5061,0,0,5,0
D5062,0,0,5,0
D5063,0,0,0,0
D5064,0,0,0,0
D5065,0,0,0,0
D5066,0,0,120,191177
D5067,0,8,0,0
D5068,0,0,60,0
D5069,0,0,29,0
D5070,0,0,30,4741
D5071,0,0,61,0
D5072,0,0,25,0
D5073,0,0,28,0
D5074,0,0,72,0
D5075,0,0,15,0
D5076,0,0,75,0
D5077,0,0,120,0
D5078,0,0,58,0
D5079,0,0,3,0
D5080,0,0,45,0
D5081,0,0,54,0
D5082,0,0,9,0
D5083,0,0,47,0
D5084,0,0,21,38
D5085,0,0,22,77946
D5086,0,0,84,0
D5087,0,0,99,0
D5088,0,5,0,26
D5089,0,10,0,235
D5090,0,0,932,0
D5091,0,9,0,0
D5092,0,0,912,0
D5093,0,0,5949,43501
D5094,0,0,46,0
D5095,0,0,53,0
D5096,0,0,135,0
D5097,0,0,296,0
D5098,0,0,26,0
D5099,0,0,50,0
D5100,0,0,46,0
D5101,0,0,30,0
D5102,0,0,44,12
D5103,0,0,367,145
D5104,0,0,307,0
D5105,0,0,167,0
D5106,0,0,931,0
D5107,0,0,142,0
D5108,0,0,159,0
D5109,0,0,299,0
D5110,0,0,53,0
D5111,0,0,144,0
D5112,0,0,147,0
D5113,0,0,452,12
D5114,0,0,318,92
D5115,0,0,395,373
D5116,0,0,119,0
D5117,0,0,230,0
D5118,0,0,233,489
D5119,0,0,68,100
D5120,0,0,15,0
D5121,0,0,24,0
D5122,0,0,12,1567
D5123,0,0,34,3552
D5124,0,0,88,0
D5125,0,0,29,0
D5126,0,0,26,0
D5127,0,0,902,0
D5128,0,0,39,0
D5129,0,0,127,0
D5130,0,0,40,0
D5131,0,0,858,0
D5132,0,0,69,0
D5133,0,0,140,380
D5134,0,0,35,0
D5135,0,0,16,297
D5136,0,0,34,0
D5137,0,0,42,0
D5138,0,0,93,8
D5139,0,0,166,4509
D5140,0,0,33,0
D5141,0,0,8,0
D5142,0,0,49,0
D5143,0,0,177,1269
D5144,0,0,9,0
D5145,0,0,34,0
D5146,0,0,23,0
D5147,0,0,30,0
D5148,0,0,43,26
D5149,0,0,39,0
D5150,0,0,6,0
D5151,0,0,16,0
D5152,0,0,222,0
D5153,0,0,267,0
D5154,0,1,0,0
D5155,0,0,51,0
D5156,0,1,0,0
D5157,0,0,15,0
D5158,0,0,630,18
D5159,0,0,592,13
D5160,0,0,113,0
D5161,0,0,114,0
D5162,0,0,119,449
D5163,0,1,0,0
D5164,0,0,652,4
D5165,0,0,979,0
D5166,0,0,625,0
D5167,0,0,869,0
D5168,0,0,248,0
D5169,0,0,463,0
D5170,0,0,27,0
D5171,0,0,787,0
D5172,0,0,2030,0
D5173,0,0,535,0
D5174,0,0,255,32
D5175,0,0,904,0
D5176,0,0,32,0
D5177,0,0,71,0
D5178,0,0,796,2380
D5179,0,0,453,0
D5180,0,0,565,0
D5181,0,0,1507,2635
D5182,0,0,84,0
D5183,0,0,10,0
D5184,0,0,80,0
D5185,0,0,9,0
D5186,0,0,72,0
D5187,0,0,196,0
D5188,0,0,9,0
D5189,0,0,113,0
D5190,0,0,50,0
D5191,0,0,34,0
D5192,0,0,72,0
D5193,0,0,57,0
D5194,0,0,61,0
D5195,0,0,81,0
D5196,0,0,247,0
D5197,0,0,397,476
D5198,0,0,38,0
D5199,0,0,67,0
D5200,0,0,382,0
D5201,0,0,266,0
D5202,0,0,15,0
D5203,0,0,100,0
D5204,0,0,43,0
D5205,0,0,39,0
D5206,0,0,128,84
D5207,0,0,112,0
D5208,0,0,1,0
D5209,0,0,44,0
D5210,0,0,173,1966
D5211,0,0,4,0
D5212,0,0,145,0
D5213,0,0,48,0
D5214,0,0,266,0
D5215,0,0,142,0
D5216,0,0,198,0
D5217,0,0,116,0
D5218,0,0,6,0
D5219,0,0,11,0
D5220,0,0,34,0
D5221,0,0,6,0
D5222,0,0,9,0
D5223,0,0,28,0
D5224,0,0,29,0
D5225,0,0,41,0
D5226,0,0,16,24
D5227,0,0,15,0
D5228,0,0,59,0
D5229,0,0,18,0
D5230,0,0,21,0
D5231,0,0,9,0
D5232,0,0,22,0
D5233,0,0,14,0
D5234,0,0,20,0
D5235,0,0,35,0
D5236,0,0,20,0
D5237,0,0,20,0
D5238,0,0,9,0
D5239,0,0,24,0
D5240,0,0,37,0
D5241,0,0,72,0
D5242,0,0,31,0
D5243,0,0,58,0
D5244,0,0,85,0
D5245,0,0,47,0
D5246,0,0,31,0
D5247,0,0,93,1909
D5248,0,0,27,0
D5249,0,0,19,0
D5250,0,0,39,0
D5251,0,0,17,534
D5252,0,0,22,0
D5253,0,0,21,0
D5254,0,0,74,0
D5255,0,0,6,0
D5256,0,0,27,0
D5257,0,0,41,0
D5258,0,0,10,0
D5259,0,0,69,0
D5260,0,0,8,0
D5261,0,0,19,0
D5262,0,2,0,0
D5263,0,0,117,0
D5264,0,2,0,0
D5265,0,0,125,0
D5266,0,1,0,6
D5267,0,1,0,0
D5268,0,0,50,0
D5269,0,0,274,0
D5270,0,0,2643,8
D5271,0,0,2667,22
D5272,0,0,142,0
D5273,0,0,25,0
D5274,0,0,293,0
D5275,0,0,402,0
D5276,0,0,450,0
D5277,0,0,660,0
D5278,0,0,70,0
D5279,0,0,55,0
D5280,0,0,170,0
D5281,0,0,428,0
D5282,0,0,104,0
D5283,0,0,981,0
D5284,0,0,74,40
D5285,0,0,442,0
D5286,0,0,278,0
D5287,0,0,118,0
D5288,0,0,2822,0
D5289,0,0,489,0
D5290,0,0,51,0
D5291,0,0,49,0
D5292,0,0,747,136
D5293,0,0,93,0
D5294,0,0,142,0
D5295,0,0,80,0
D5296,0,0,276,0
D5297,0,0,329,0
D5298,0,0,92,0
D5299,0,0,46,0
D5300,0,0,18,0
D5301,0,0,60,0
D5302,0,0,1285,221
D5303,0,0,30,0
D5304,0,0,32,0
D5305,0,0,38,0
D5306,0,0,25,0
D5307,0,0,11,0
D5308,0,0,94,0
D5309,0,0,69,0
D5310,0,0,10,0
D5311,0,0,17,0
D5312,0,0,85,0
D5313,0,0,166,0
D5314,0,0,86,340
D5315,0,0,116,0
D5316,0,0,37,0
D5317,0,0,14,0
D5318,0,0,132,0
D5319,0,0,136,0
D5320,0,0,29,0
D5321,0,0,26,0
D5322,0,0,46,0
D5323,0,0,385,0
D5324,0,0,165,0
D5325,0,0,64,0
D5326,0,0,160,0
D5327,0,0,100,0
D5328,0,0,22,0
D5329,0,0,103,0
D5330,0,0,177,0
D5331,0,0,57,0
D5332,0,0,39,0
D5333,0,0,45,0
D5334,0,0,32,0
D5335,0,0,10,4
D5336,0,0,20,0
D5337,0,0,3,0
D5338,0,0,82,244
D5339,0,0,18,0
D5340,0,0,6,0
D5341,0,0,8,0
D5342,0,0,46,0
D5343,0,0,91,8
D5344,0,0,8,0
D5345,0,0,23,0
D5346,0,0,23,0
D5347,0,0,16,0
D5348,0,0,4,0
D5349,0,0,43,0
D5350,0,0,37,0
D5351,0,0,2,0
D5352,0,0,68,0
D5353,0,0,28,0
D5354,0,0,6,0
D5355,0,0,93,114
D5356,0,0,2,0
D5357,0,0,2,0
D5358,0,0,11,0
D5359,0,1,0,3
D5360,0,0,55,0
D5361,0,0,117,0
D5362,0,0,850,0
D5363,0,0,1077,2
D5364,0,0,320,0
D5365,0,0,1350,0
D5366,0,0,126,0
D5367,0,0,414,0
D5368,0,0,49,0
D5369,0,0,33,0
D5370,0,0,30,0
D5371,0,0,57,0
D5372,0,0,332,0
D5373,0,0,445,0
D5374,0,0,1304,0
D5375,0,0,841,0
D5376,0,0,24,0
D5377,0,0,101,0
D5378,0,0,304,0
D5379,0,0,140,8
D5380,0,0,5,0
D5381,0,0,210,0
D5382,0,0,76,0
D5383,0,0,273,0
D5384,0,0,114,0
D5385,0,0,135,0
D5386,0,0,611,0
D5387,0,0,205,0
D5388,0,0,90,0
D5389,0,0,39,0
D5390,0,0,42,0
D5391,0,0,143,0
D5392,0,0,51,0
D5393,0,0,260,0
D5394,0,0,75,0
D5395,0,0,84,0
D5396,0,0,541,0
D5397,0,0,145,1
D5398,0,0,20,0
D5399,0,0,5,0
D5400,0,0,73,0
D5401,0,0,183,0
D5402,0,0,190,0
D5403,0,0,69,0
D5404,0,0,25,0
D5405,0,0,26,0
D5406,0,0,37,0
D5407,0,0,9,0
D5408,0,0,13,0
D5409,0,0,21,0
D5410,0,0,110,0
D5411,0,0,60,0
D5412,0,0,53,0
D5413,0,0,23,0
D5414,0,0,33,0
D5415,0,0,50,0
D5416,0,0,101,20
D5417,0,0,48,0
D5418,0,0,15,0
D5419,0,0,111,0
D5420,0,0,108,0
D5421,0,0,92,0
D5422,0,0,6,0
D5423,0,0,6,0
D5424,0,0,4,0
D5425,0,0,84,0
D5426,0,0,37,0
D5427,0,0,80,0
D5428,0,0,96,0
D5429,0,0,1,0
D5430,0,0,112,0
D5431,0,0,65,0
D5432,0,0,88,0
D5433,0,0,30,0
D5434,0,0,53,0
D5435,0,0,15,0
D5436,0,0,9,0
D5437,0,0,43,8
D5438,0,0,10,0
D5439,0,0,5,0
D5440,0,0,112,0
D5441,0,0,75,0
D5442,0,0,36,0
D5443,0,0,15,0
D5444,0,0,12,0
D5445,0,0,30,0
D5446,0,0,3,0
D5447,0,0,93,0
D5448,0,0,40,0
D5449,0,0,25,0
D5450,0,0,7,0
D5451,0,0,18,0
D5452,0,0,57,0
D5453,0,0,3,0
D5454,0,0,1,0
D5455,0,0,22,0
D5456,0,0,14,0
D5457,0,0,43,0
D5458,0,0,11,0
D5459,0,0,40,0
D5460,0,0,17,0
D5461,0,0,1447,100061
D5462,0,0,45,0
D5463,0,0,28,13
D5464,0,0,283,0
D5465,0,0,105,110
D5466,0,0,24,0
D5467,0,0,164,268
D5468,0,0,0,0
D5469,0,0,3,0
D5470,0,0,810,2
D5471,0,0,3179,1287
D5472,0,0,37,0
D5473,0,0,37,0
D5474,0,0,123,0
D5475,0,0,15,0
D5476,0,0,432,324
D5477,0,0,773,9308
D5478,0,0,8,0
D5479,0,0,6,0
D5480,0,0,0,0
D5481,0,0,121,0
D5482,0,0,2100,117673
D5483,0,0,97,491
D5484,0,0,289,40
D5485,0,0,0,104
D5486,0,0,40,0
D5487,0,0,9,0
D5488,0,0,124,8
D5489,0,0,27,0
D5490,0,0,106,0
D5491,0,0,17,0
D5492,0,0,0,0
D5493,0,0,0,17
D5494,0,0,6,159677
D5495,0,0,0,2070
D5496,0,0,30,0
D5497,0,0,0,0
D5498,0,0,271,1435
D5499,0,0,415,589
D5500,0,0,38,0
D5501,0,0,99,0
D5502,0,0,112,0
D5503,0,0,141,0
D5504,0,0,813,24651
D5505,0,0,120,276
D5506,0,0,52,0
D5507,0,0,52,0
D5508,0,0,188,1166
D5509,0,0,52,28365
D5510,0,0,14,0
D5511,0,0,48,0
D5512,0,0,126,1658
D5513,0,0,64,6
D5514,0,0,43,0
D5515,0,0,23,0
D5516,0,0,37,0
D5517,0,0,22,0
D5518,0,0,148,0
D5519,0,0,53,452
D5520,0,0,28,0
D5521,0,0,16,0
D5522,0,0,0,8
D5523,0,0,37,0
D5524,0,0,114,460
D5525,0,0,18,24
D5526,0,0,0,0
D5527,0,0,25,0
D5528,0,0,1008,130788
D5529,0,0,580,2
D5530,0,0,0,0
D5531,0,0,60,0
D5532,0,0,559,122
D5533,0,0,66,24
D5534,0,0,192,295
D5535,0,0,728,0
D5536,0,0,0,0
D5537,0,0,25,0
D5538,0,0,1214,0
D5539,0,0,542,0
D5540,0,0,476,0
D5541,0,0,955,0
D5542,0,0,1053,0
D5543,0,0,312,0
D5544,0,0,2353,4096
D5545,0,0,1551,8791
D5546,0,0,50,0
D5547,0,0,54,0
D5548,0,0,767,9186
D5549,0,0,240,34
D5550,0,0,208,0
D5551,0,0,163,0
D5552,0,0,567,0
D5553,0,0,343,418
D5554,0,0,1881,0
D5555,0,0,1808,0
D5556,0,0,123,0
D5557,0,0,150,0
D5558,0,0,1668,0
D5559,0,0,5506,1850
D5560,0,0,567,0
D5561,0,0,93,0
D5562,0,0,292,0
D5563,0,0,1494,28
D5564,0,0,23,196
D5565,0,0,404,83
D5566,0,0,182,0
D5567,0,0,402,0
D5568,0,0,959,12
D5569,0,0,5322,11991
D5570,0,0,0,1
D5571,0,0,0,0
D5572,0,0,242,101
D5573,0,0,795,193
D5574,0,0,0,0
D5575,0,0,0,2142
D5576,0,0,119,0
D5577,0,0,0,84
D5578,0,0,70,0
D5579,0,0,128,0
D5580,0,0,186,0
D5581,0,0,433,0
D5582,0,0,64,0
D5583,0,0,497,0
D5584,0,0,66,0
D5585,0,0,37,0
D5586,0,0,672,193497
D5587,0,0,32,0
D5588,0,0,15,0
D5589,0,0,26,0
D5590,0,0,169,15496
D5591,0,0,220,172
D5592,0,0,39,0
D5593,0,0,44,0
D5594,0,0,105,0
D5595,0,0,12,0
D5596,0,0,127,0
D5597,0,0,417,0
D5598,0,0,321,0
D5599,0,0,25,0
D5600,0,0,315,16
D5601,0,0,334,1370
D5602,0,0,6,0
D5603,0,0,9,0
D5604,0,0,49,0
D5605,0,0,64,0
D5606,0,0,173,0
D5607,0,0,111,0
D5608,0,0,56,0
D5609,0,0,52,0
D5610,0,0,11,0
D5611,0,0,0,0
D5612,0,0,327,0
D5613,0,0,36,0
D5614,0,0,12,0
D5615,0,0,69,0
D5616,0,0,191,0
D5617,0,0,301,2388
D5618,0,0,152,0
D5619,0,0,25,0
D5620,0,0,247,176
D5621,0,0,211,34
D5622,0,0,218,0
D5623,0,0,6,0
D5624,0,0,0,0
D5625,0,0,24,0
D5626,0,0,263,0
D5627,0,0,60,0
D5628,0,0,25,0
D5629,0,0,1,0
D5630,0,0,19,0
D5631,0,0,61,0
D5632,0,0,5,0
D5633,0,0,18,0
D5634,0,0,11,0
D5635,0,0,55,0
D5636,0,0,653,44
D5637,0,0,483,871
D5638,0,0,43,0
D5639,0,0,38,0
D5640,0,0,24,137895
D5641,0,0,139,2
D5642,0,0,160,0
D5643,0,0,292,0
D5644,0,0,26,0
D5645,0,0,26,0
D5646,0,0,117,2143
D5647,0,0,1,0
D5648,0,0,93,0
D5649,0,0,79,0
D5650,0,0,0,55
D5651,0,0,60,0
D5652,0,0,167,0
D5653,0,0,66,0
D5654,0,0,17,0
D5655,0,0,125,0
D5656,0,0,797,8587
D5657,0,0,641,110
D5658,0,0,137,0
D5659,0,0,129,0
D5660,0,0,513,918
D5661,0,0,193,330
D5662,0,0,70,0
D5663,0,0,132,0
D5664,0,0,146,0
D5665,0,0,183,0
D5666,0,0,66,11
D5667,0,0,352,0
D5668,0,0,246,0
D5669,0,0,136,0
D5670,0,0,928,0
D5671,0,0,30,0
D5672,0,0,61,0
D5673,0,0,59,0
D5674,0,0,76,0
D5675,0,0,48,0
D5676,0,0,85,59
D5677,0,0,67,1425
D5678,0,0,35,0
D5679,0,0,37,0
D5680,0,0,4,0
D5681,0,0,18,0
D5682,0,0,521,1196
D5683,0,0,130,2659
D5684,0,0,0,0
D5685,0,0,47,0
D5686,0,0,21,0
D5687,0,0,91,0
D5688,0,0,27,10
D5689,0,0,91,0
D5690,0,0,10,0
D5691,0,0,16,0
D5692,0,0,24,0
D5693,0,0,26,0
D5694,0,0,57,28
D5695,0,0,362,0
D5696,0,0,71,0
D5697,0,0,24,0
D5698,0,0,68,0
D5699,0,0,100,72
D5700,0,0,39,0
D5701,0,0,35,0
D5702,0,0,62,0
D5703,0,0,223,0
D5704,0,0,111,0
D5705,0,0,105,3770
D5706,0,0,64,0
D5707,0,0,7,0
D5708,0,0,10,16
D5709,0,0,100,396
D5710,0,0,36,0
D5711,0,0,20,0
D5712,0,0,104,8
D5713,0,0,1440,1973
D5714,0,0,133,0
D5715,0,0,4,0
D5716,0,0,47,0
D5717,0,0,195,0
D5718,0,0,90,0
D5719,0,0,299,0
D5720,0,0,75,0
D5721,0,0,39,0
D5722,0,0,54,0
D5723,0,0,54,0
D5724,0,0,305,846
D5725,0,0,161,1717
D5726,0,0,93,0
D5727,0,0,101,0
D5728,0,0,55,0
D5729,0,0,54,0
D5730,0,0,27,0
D5731,0,0,29,0
D5732,0,0,36,4
D5733,0,0,48,12259
D5734,0,0,10,0
D5735,0,0,94,0
D5736,0,0,6,0
D5737,0,0,123,0
D5738,0,0,0,0
D5739,0,0,280,0
D5740,0,0,181,0
D5741,0,0,592,0
D5742,0,0,141,0
D5743,0,0,32,0
D5744,0,0,2556,3657
D5745,0,0,451,0
D5746,0,0,230,0
D5747,0,0,0,1
D5748,0,0,0,198
D5749,0,0,2,0
D5750,0,0,25,0
D5751,0,0,0,0
D5752,0,0,96,299
D5753,0,0,99,0
D5754,0,0,199,1
D5755,0,0,84,0
D5756,0,0,10,0
D5757,0,0,95,0
D5758,0,0,1594,0
D5759,0,0,70,0
D5760,0,0,9,0
D5761,0,0,0,0
D5762,0,0,84,0
D5763,0,0,52,0
D5764,0,0,657,2284
D5765,0,0,63,0
D5766,0,0,178,0
D5767,0,0,59,0
D5768,0,0,355,54
D5769,0,0,301,0
D5770,0,0,25,0
D5771,0,0,65,0
D5772,0,0,69,0
D5773,0,0,1983,3140
D5774,0,0,49,0
D5775,0,0,158,0
D5776,0,0,442,0
D5777,0,0,0,2
D5778,0,0,51,0
D5779,0,0,110,30
D5780,0,0,247,0
D5781,0,0,102,0
D5782,0,0,64,12
D5783,0,0,337,0
D5784,0,0,58,0
D5785,0,0,305,0
D5786,0,0,234,0
D5787,0,0,9,1
D5788,0,0,8,0
D5789,0,0,114,0
D5790,0,0,47,0
D5791,0,0,820,178
D5792,0,0,89,0
D5793,0,0,36,0
D5794,0,0,11,0
D5795,0,0,8,0
D5796,0,0,720,0
D5797,0,0,381,0
D5798,0,0,143,0
D5799,0,0,21,0
D5800,0,0,161,32555
D5801,0,0,0,6
D5802,0,0,106,0
D5803,0,0,657,0
D5804,0,0,77,0
D5805,0,0,233,0
D5806,0,0,542,0
D5807,0,0,67,0
D5808,0,0,47,0
D5809,0,0,324,0
D5810,0,0,303,0
D5811,0,0,297,0
D5812,0,0,95,0
D5813,0,0,63,0
D5814,0,0,18,0
D5815,0,0,113,0
D5816,0,0,177,3156
D5817,0,0,270,0
D5818,0,0,129,0
D5819,0,0,96,0
D5820,0,0,893,0
D5821,0,0,1793,0
D5822,0,0,317,0
D5823,0,0,85,0
D5824,0,0,0,0
D5825,0,0,94,0
D5826,0,0,376,0
D5827,0,0,84,0
D5828,0,0,699,0
D5829,0,0,148,0
D5830,0,0,989,0
D5831,0,0,0,0
D5832,0,0,312,0
D5833,0,0,132,0
D5834,0,0,113,0
D5835,0,0,2,0
D5836,0,0,392,74
D5837,0,0,614,993
D5838,0,0,212,0
D5839,0,0,158,0
D5840,0,0,13,8
D5841,0,0,2528,338
D5842,0,0,14,0
D5843,0,0,58,0
D5844,0,0,215,0
D5845,0,0,377,0
D5846,0,0,596,0
D5847,0,0,119,0
D5848,0,0,59,0
D5849,0,0,65,0
D5850,0,0,462,0
D5851,0,0,995,3
D5852,0,0,1145,0
D5853,0,0,84,0
D5854,0,0,45,0
D5855,0,0,245,0
D5856,0,0,352,2
D5857,0,0,775,44
D5858,0,0,54,0
D5859,0,0,84,0
D5860,0,0,672,12
D5861,0,0,13,0
D5862,0,0,3,0
D5863,0,0,16,0
D5864,0,0,69,0
D5865,0,0,47,0
D5866,0,0,43,2
D5867,0,0,230,0
D5868,0,0,14,0
D5869,0,0,76,0
D5870,0,0,35,0
D5871,0,0,15,0
D5872,0,0,39,0
D5873,0,0,0,0
D5874,0,0,32,0
D5875,0,0,18,0
D5876,0,0,23,0
D5877,0,0,77,0
D5878,0,0,81,0
D5879,0,0,0,0
D5880,0,0,39,0
D5881,0,0,14,0
D5882,0,0,169,2437
D5883,0,0,31,0
D5884,0,0,0,0
D5885,0,0,202,0
D5886,0,0,0,0
D5887,0,0,0,0
D5888,0,0,56,0
D5889,0,0,14,0
D5890,0,0,28,0
D5891,0,0,0,12
D5892,0,0,83,0
D5893,0,0,277,25
D5894,0,0,3,231
D5895,0,0,122,0
D5896,0,0,15,0
D5897,0,0,14,0
D5898,0,0,82,0
D5899,0,0,116,10
D5900,0,0,61,0
D5901,0,0,167,0
D5902,0,0,131,34
D5903,0,0,79,0
D5904,0,0,48,12
D5905,0,0,610,0
D5906,0,0,75,0
D5907,0,0,40,0
D5908,0,0,29,0
D5909,0,0,551,237
D5910,0,0,44,0
D5911,0,0,84,0
D5912,0,0,294,2
D5913,0,0,375,0
D5914,0,0,85,0
D5915,0,0,155,0
D5916,0,0,80,0
D5917,0,0,4,0
D5918,0,0,27,0
D5919,0,0,8,0
D5920,0,0,49,0
D5921,0,0,20,0
D5922,0,0,150,0
D5923,0,0,251,0
D5924,0,0,90,26
D5925,0,0,399,0
D5926,0,0,49,0
D5927,0,0,0,0
D5928,0,0,72,3261
D5929,0,0,14,0
D5930,0,0,33,0
D5931,0,0,19,0
D5932,0,0,57,0
D5933,0,0,261,0
D5934,0,0,162,4
D5935,0,0,72,0
D5936,0,0,4,0
D5937,0,0,0,1
D5938,0,0,407,0
D5939,0,0,114,18
D5940,0,0,16,0
D5941,0,0,38,0
D5942,0,0,213,0
D5943,0,0,56,0
D5944,0,0,111,0
D5945,0,0,583,173
D5946,0,0,17,0
D5947,0,0,29,0
D5948,0,0,271,107
D5949,0,0,28,1
D5950,0,0,0,0
D5951,0,0,97,0
D5952,0,0,714,11
D5953,0,0,289,3106
D5954,0,0,198,0
D5955,0,0,91,0
D5956,0,0,198,0
D5957,0,0,16,0
D5958,0,0,52,0
D5959,0,0,24,0
D5960,0,0,142,0
D5961,0,0,99,0
D5962,0,0,104,0
D5963,0,0,180,0
D5964,0,0,0,256
D5965,0,0,10,29
D5966,0,0,19,0
D5967,0,0,40,0
D5968,0,0,45,0
D5969,0,0,60,92
D5970,0,0,50,0
D5971,0,0,30,0
D5972,0,0,17,0
D5973,0,0,77,4
D5974,0,0,25,0
D5975,0,0,36,0
D5976,0,0,24,0
D5977,0,0,43,0
D5978,0,0,15,0
D5979,0,0,40,0
D5980,0,0,28,0
D5981,0,0,39,0
D5982,0,0,58,0
D5983,0,0,48,0
D5984,0,0,23,0
D5985,0,0,6,0
D5986,0,0,77,317
D5987,0,0,39,0
D5988,0,0,11,0
D5989,0,0,24,0
D5990,0,0,86,1497
D5991,0,0,58,0
D5992,0,0,3,0
D5993,0,0,26,0
D5994,0,0,0,0
D5995,0,0,14,0
D5996,0,0,40,0
D5997,0,0,34,0
D5998,0,0,49,0
D5999,0,0,10,0
D6000,0,0,122,3
D6001,0,0,47,55
D6002,0,0,19,0
D6003,0,0,36,0
D6004,0,0,65,0
D6005,0,0,9,0
D6006,0,0,12,0
D6007,0,0,12,0
D6008,0,0,0,0
D6009,0,0,4,0
D6010,0,0,2,0
D6011,0,0,47,0
D6012,0,0,46,0
D6013,0,0,98,0
D6014,0,0,467,0
D6015,0,0,813,0
D6016,0,0,135,0
D6017,0,0,591,1365
D6018,0,0,12,0
D6019,0,0,35,0
D6020,0,0,418,0
D6021,0,0,0,33
D6022,0,0,170,0
D6023,0,0,0,0
D6024,0,0,322,0
D6025,0,0,111,0
D6026,0,0,64,1
D6027,0,0,1137,0
D6028,0,0,1258,0
D6029,0,0,68,0
D6030,0,0,173,0
D6031,0,0,1028,0
D6032,0,0,56,0
D6033,0,0,0,0
D6034,0,0,0,0
D6035,0,0,204,0
D6036,0,0,1041,0
D6037,0,0,333,161
D6038,0,0,196,0
D6039,0,0,99,0
D6040,0,0,492,0
D6041,0,0,15,0
D6042,0,0,0,0
D6043,0,0,0,0
D6044,0,0,34,0
D6045,0,0,0,0
D6046,0,0,105,0
D6047,0,0,25,0
D6048,0,0,72,0
D6049,0,0,7,0
D6050,0,0,155,0
D6051,0,0,81,0
D6052,0,0,165,34
D6053,0,0,155,0
D6054,0,0,301,0
D6055,0,0,55,0
D6056,0,0,172,8
D6057,0,0,112,0
D6058,0,0,40,0
D6059,0,0,4,0
D6060,0,0,370,40
D6061,0,0,23,0
D6062,0,0,0,0
D6063,0,0,183,0
D6064,0,0,60,0
D6065,0,0,44,0
D6066,0,0,26,0
D6067,0,0,65,0
D6068,0,0,107,0
D6069,0,0,313,0
D6070,0,0,4,0
D6071,0,0,283,3
D6072,0,0,44,0
D6073,0,0,50,0
D6074,0,0,2,0
D6075,0,0,7,0
D6076,0,0,0,6
D6077,0,0,785,0
D6078,0,0,69,0
D6079,0,0,16,0
D6080,0,0,20,0
D6081,0,0,22,0
D6082,0,0,62,0
D6083,0,0,96,26
D6084,0,0,5,0
D6085,0,0,0,0
D6086,0,0,12,0
D6087,0,0,0,0
D6088,0,0,14,0
D6089,0,0,13,0
D6090,0,0,30,0
D6091,0,0,48,0
D6092,0,0,114,0
D6093,0,0,295,0
D6094,0,0,1068,0
D6095,0,0,290,446
D6096,0,0,2,0
D6097,0,0,39,0
D6098,0,0,19,24
D6099,0,0,27,1033
D6100,0,0,57,0
D6101,0,0,64,0
D6102,0,0,140,0
D6103,0,0,36,0
D6104,0,0,17,0
D6105,0,0,1164,1151
D6106,0,0,17,0
D6107,0,0,21,0
D6108,0,0,559,0
D6109,0,0,684,25
D6110,0,0,0,0
D6111,0,0,64,0
D6112,0,0,1,0
D6113,0,0,27,0
D6114,0,0,20,0
D6115,0,0,71,0
D6116,0,0,94,0
D6117,0,0,0,0
D6118,0,0,122,0
D6119,0,0,231,0
D6120,0,0,61,0
D6121,0,0,436,0
D6122,0,0,38,0
D6123,0,0,29,0
D6124,0,0,113,0
D6125,0,0,782,1
D6126,0,0,50,0
D6127,0,0,71,0
D6128,0,0,235,0
D6129,0,0,120,15
D6130,0,0,72,0
D6131,0,0,55,0
D6132,0,0,45,0
D6133,0,0,63,175
D6134,0,0,19,0
D6135,0,0,31,0
D6136,0,0,0,0
D6137,0,0,14,0
D6138,0,0,121,0
D6139,0,0,55,0
D6140,0,0,82,0
D6141,0,0,6,0
D6142,0,0,67,0
D6143,0,0,26,0
D6144,0,0,5,19
D6145,0,0,27,0
D6146,0,0,9,0
D6147,0,0,0,0
D6148,0,0,117,0
D6149,0,0,0,0
D6150,0,0,22,0
D6151,0,0,0,0
D6152,0,0,113,1
D6153,0,0,78,0
D6154,0,0,19,0
D6155,0,0,47,0
D6156,0,0,72,0
D6157,0,0,0,0
D6158,0,0,83,0
D6159,0,0,10,0
D6160,0,0,23,0
D6161,0,0,77,0
D6162,0,0,35,11
D6163,0,0,13,0
D6164,0,0,368,59
D6165,0,0,157,0
D6166,0,0,6,0
D6167,0,0,14,0
D6168,0,0,54,1020
D6169,0,0,243,0
D6170,0,0,64,0
D6171,0,0,4,0
D6172,0,0,24,0
D6173,0,0,124,0
D6174,0,0,72,0
D6175,0,0,25,0
D6176,0,0,27,0
D6177,0,0,0,0
D6178,0,0,54,0
D6179,0,0,163,0
D6180,0,0,51,0
D6181,0,0,20,0
D6182,0,0,8,0
D6183,0,0,20,0
D6184,0,0,12,0
D6185,0,0,4,0
D6186,0,0,17,0
D6187,0,0,10,0
D6188,0,0,12,0
D6189,0,0,9,0
D6190,0,0,18,0
D6191,0,0,10,3
D6192,0,0,35,0
D6193,0,0,3,0
D6194,0,0,24,0
D6195,0,0,36,0
D6196,0,0,10,0
D6197,0,0,51,0
D6198,0,0,18,0
D6199,0,0,17,0
D6200,0,0,110,13
D6201,0,0,13,0
D6202,0,0,12,0
D6203,0,0,7,0
D6204,0,0,4,0
D6205,0,0,8,0
D6206,0,0,52,0
D6207,0,0,58,0
D6208,0,0,11,0
D6209,0,0,0,0
D6210,0,0,210,0
D6211,0,0,144,0
D6212,0,0,15,0
D6213,0,0,0,0
D6214,0,0,86,0
D6215,0,0,15,0
D6216,0,0,6,0
D6217,0,0,53,0
D6218,0,0,33,0
D6219,0,0,6,0
D6220,0,0,112,0
D6221,0,0,131,0
D6222,0,0,16,0
D6223,0,0,23,0
D6224,0,0,20,0
D6225,0,0,34,0
D6226,0,0,85,0
D6227,0,0,0,0
D6228,0,0,44,0
D6229,0,0,6,0
D6230,0,0,145,0
D6231,0,0,423,0
D6232,0,0,64,0
D6233,0,0,309,0
D6234,0,0,139,0
D6235,0,0,44,0
D6236,0,0,528,0
D6237,0,0,401,0
D6238,0,0,381,0
D6239,0,0,51,0
D6240,0,0,147,0
D6241,0,0,531,24
D6242,0,0,49,0
D6243,0,0,16,0
D6244,0,0,30,0
D6245,0,0,20,0
D6246,0,0,23,0
D6247,0,0,40,0
D6248,0,0,14,0
D6249,0,0,193,0
D6250,0,0,69,0
D6251,0,0,66,0
D6252,0,0,25,0
D6253,0,0,197,0
D6254,0,0,6,0
D6255,0,0,85,0
D6256,0,0,8,0
D6257,0,0,126,27
D6258,0,0,58,0
D6259,0,0,5,0
D6260,0,0,296,0
D6261,0,0,3,0
D6262,0,0,12,0
D6263,0,0,1,0
D6264,0,0,0,0
D6265,0,0,28,0
D6266,0,0,0,0
D6267,0,0,153,0
D6268,0,0,4,0
D6269,0,0,105,0
D6270,0,0,136,0
D6271,0,0,46,0
D6272,0,0,21,0
D6273,0,0,23,0
D6274,0,0,8,0
D6275,0,0,30,0
D6276,0,0,33,0
D6277,0,0,75,0
D6278,0,0,10,0
D6279,0,0,18,10
D6280,0,0,12,0
D6281,0,0,100,0
D6282,0,0,105,1
D6283,0,0,149,0
D6284,0,0,779,0
D6285,0,0,65,0
D6286,0,0,49,0
D6287,0,0,11,0
D6288,0,0,9,0
D6289,0,0,17,0
D6290,0,0,0,0
D6291,0,0,15,0
D6292,0,0,3,0
D6293,0,0,6,0
D6294,0,0,83,0
D6295,0,0,19,0
D6296,0,0,13,0
D6297,0,0,0,0
D6298,0,0,52,1
D6299,0,0,85,0
D6300,0,0,20,0
D6301,0,0,69,0
D6302,0,0,51,0
D6303,0,0,168,0
D6304,0,0,19,1
D6305,0,0,82,0
D6306,0,0,16,0
D6307,0,0,10,0
D6308,0,0,289,0
D6309,0,0,1008,0
D6310,0,0,352,0
D6311,0,0,0,0
D6312,0,0,59,0
D6313,0,0,40,0
D6314,0,0,90,0
D6315,0,0,23,0
D6316,0,0,0,0
D6317,0,0,20,0
D6318,0,0,3,0
D6319,0,0,2,0
D6320,0,0,14,0
D6321,0,0,18,0
D6322,0,0,4,0
D6323,0,0,0,13
D6324,0,0,3156,17061
D6325,0,0,472,14393
D6326,0,0,242,0
D6327,0,0,211,0
D6328,0,0,1828,55246
D6329,0,0,1146,0
D6330,0,0,621,0
D6331,0,0,0,81
D6332,0,0,10,64
D6333,0,0,991,3921
D6334,0,0,1,225
D6335,0,0,90,152
D6336,0,0,193,0
D6337,0,0,0,0
D6338,0,0,33,0
D6339,0,0,191,0
D6340,0,0,42,0
D6341,0,0,25,0
D6342,0,0,135,0
D6343,0,0,0,6436
D6344,0,0,74,0
D6345,0,0,1309,59753
D6346,0,0,48,0
D6347,0,0,18,0
D6348,0,0,18,175
D6349,0,0,0,1267
D6350,0,0,0,0
D6351,0,0,0,0
D6352,0,0,1,0
D6353,0,0,184,14439
D6354,0,0,91,0
D6355,0,0,149,380
D6356,0,0,30,2
D6357,0,0,92,0
D6358,0,0,123,160
D6359,0,0,134,0
D6360,0,0,240,0
D6361,0,0,1754,9
D6362,0,0,175,0
D6363,0,0,0,541
D6364,0,0,13,3
D6365,0,0,133,828
D6366,0,0,311,0
D6367,0,0,0,0
D6368,0,0,233,915
D6369,0,0,644,10269
D6370,0,0,0,0
D6371,0,0,929,0
D6372,0,0,474,0
D6373,0,0,963,58
D6374,0,0,425,0
D6375,0,0,307,0
D6376,0,0,0,0
D6377,0,0,722,0
D6378,0,0,380,4
D6379,0,0,234,0
D6380,0,0,294,0
D6381,0,0,204,2
D6382,0,0,310,0
D6383,0,0,1156,0
D6384,0,0,39,0
D6385,0,0,129,0
D6386,0,0,1449,227
D6387,0,0,941,10
D6388,0,0,79,0
D6389,0,0,25,0
D6390,0,0,702,17471
D6391,0,0,486,262
D6392,0,0,24,0
D6393,0,0,10,0
D6394,0,0,18,0
D6395,0,0,266,0
D6396,0,0,95,80
D6397,0,0,715,0
D6398,0,0,575,0
D6399,0,0,111,0
D6400,0,0,182,0
D6401,0,0,157,0
D6402,0,0,113,4
D6403,0,0,33,0
D6404,0,0,43,0
D6405,0,0,114,0
D6406,0,0,613,19391
D6407,0,0,858,93
D6408,0,0,83,0
D6409,0,0,99,0
D6410,0,0,1775,4339
D6411,0,0,516,1389
D6412,0,0,428,0
D6413,0,0,55,0
D6414,0,0,485,0
D6415,0,0,130,0
D6416,0,0,186,2
D6417,0,0,508,0
D6418,0,0,223,0
D6419,0,0,64,0
D6420,0,0,417,225
D6421,0,0,360,0
D6422,0,0,133,0
D6423,0,0,919,0
D6424,0,0,44,0
D6425,0,0,220,0
D6426,0,0,222,4
D6427,0,0,86,0
D6428,0,0,0,0
D6429,0,0,0,1
D6430,0,0,106,30284
D6431,0,0,0,986
D6432,0,0,0,0
D6433,0,0,12,0
D6434,0,0,14,0
D6435,0,0,0,0
D6436,0,0,60,0
D6437,0,0,0,4
D6438,0,0,0,14
D6439,0,0,0,0
D6440,0,0,191,2
D6441,0,0,42,0
D6442,0,0,0,0
D6443,0,0,80,0
D6444,0,0,12,0
D6445,0,0,0,0
D6446,0,0,207,234
D6447,0,0,308,23
D6448,0,0,6,0
D6449,0,0,9,0
D6450,0,0,87,57
D6451,0,0,324,1227
D6452,0,0,35,0
D6453,0,0,51,0
D6454,0,0,124,0
D6455,0,0,32,0
D6456,0,0,76,0
D6457,0,0,356,0
D6458,0,0,17,0
D6459,0,0,29,0
D6460,0,0,37,0
D6461,0,0,0,286
D6462,0,0,0,0
D6463,0,0,11,0
D6464,0,0,34,0
D6465,0,0,14,0
D6466,0,0,615,143
D6467,0,0,344,38
D6468,0,0,246,0
D6469,0,0,8,0
D6470,0,0,129,428
D6471,0,0,124,32
D6472,0,0,42,0
D6473,0,0,0,0
D6474,0,0,0,0
D6475,0,0,106,0
D6476,0,0,172,0
D6477,0,0,166,32
D6478,0,0,220,0
D6479,0,0,438,0
D6480,0,0,232,0
D6481,0,0,106,0
D6482,0,0,559,0
D6483,0,0,200,4
D6484,0,0,68,8122
D6485,0,0,38,21
D6486,0,0,16,0
D6487,0,0,0,0
D6488,0,0,12,1018
D6489,0,0,54,0
D6490,0,0,10,0
D6491,0,0,3,0
D6492,0,0,11,20734
D6493,0,0,143,0
D6494,0,0,70,0
D6495,0,0,47,0
D6496,0,0,126,0
D6497,0,0,157,0
D6498,0,0,152,0
D6499,0,0,84,0
D6500,0,0,54,0
D6501,0,0,46,0
D6502,0,0,162,60
D6503,0,0,171,0
D6504,0,0,0,0
D6505,0,0,6,0
D6506,0,0,0,16
D6507,0,0,463,0
D6508,0,0,365,375
D6509,0,0,285,0
D6510,0,0,261,5
D6511,0,0,274,0
D6512,0,0,0,0
D6513,0,0,40,0
D6514,0,0,729,11092
D6515,0,0,479,104
D6516,0,0,14,0
D6517,0,0,20,0
D6518,0,0,397,2
D6519,0,0,60,0
D6520,0,0,11,0
D6521,0,0,52,0
D6522,0,0,0,179
D6523,0,0,520,1
D6524,0,0,51,0
D6525,0,0,19,0
D6526,0,0,35,0
D6527,0,0,92,0
D6528,0,0,121,0
D6529,0,0,169,0
D6530,0,0,178,0
D6531,0,0,77,0
D6532,0,0,0,48
D6533,0,0,52,0
D6534,0,0,177,166
D6535,0,0,85,0
D6536,0,0,1,0
D6537,0,0,19,0
D6538,0,0,792,924
D6539,0,0,177,0
D6540,0,0,0,2
D6541,0,0,0,0
D6542,0,0,2892,292
D6543,0,0,123,115
D6544,0,0,0,0
D6545,0,0,158,0
D6546,0,0,0,0
D6547,0,0,0,5
D6548,0,0,32,0
D6549,0,0,102,0
D6550,0,0,105,0
D6551,0,0,9,0
D6552,0,0,8,0
D6553,0,0,132,6
D6554,0,0,378,1
D6555,0,0,119,3
D6556,0,0,68,0
D6557,0,0,24,0
D6558,0,0,268,20
D6559,0,0,0,159
D6560,0,0,2,0
D6561,0,0,125,0
D6562,0,0,440,24
D6563,0,0,100,0
D6564,0,0,67,0
D6565,0,0,70,0
D6566,0,0,99,0
D6567,0,0,45,0
D6568,0,0,127,0
D6569,0,0,226,0
D6570,0,0,93,0
D6571,0,0,90,0
D6572,0,0,115,0
D6573,0,0,506,0
D6574,0,0,42,6
D6575,0,0,874,301
D6576,0,0,26,0
D6577,0,0,0,2
D6578,0,0,89,0
D6579,0,0,488,8003
D6580,0,0,500,1125
D6581,0,0,391,0
D6582,0,0,4,0
D6583,0,0,132,0
D6584,0,0,0,0
D6585,0,0,25,0
D6586,0,0,395,0
D6587,0,0,20,0
D6588,0,0,1,0
D6589,0,0,86,0
D6590,0,0,29,0
D6591,0,0,0,0
D6592,0,0,17,0
D6593,0,0,133,0
D6594,0,0,47,0
D6595,0,0,10,0
D6596,0,0,587,8011
D6597,0,0,83,0
D6598,0,0,269,0
D6599,0,0,142,0
D6600,0,0,141,0
D6601,0,0,231,0
D6602,0,0,32,0
D6603,0,0,98,0
D6604,0,0,139,2
D6605,0,0,39,0
D6606,0,0,192,0
D6607,0,0,540,967
D6608,0,0,12,0
D6609,0,0,129,0
D6610,0,0,922,396
D6611,0,0,241,4541
D6612,0,0,16,0
D6613,0,0,4,0
D6614,0,0,77,2
D6615,0,0,37,0
D6616,0,0,325,0
D6617,0,0,560,0
D6618,0,0,68,0
D6619,0,0,37,0
D6620,0,0,0,0
D6621,0,0,57,0
D6622,0,0,0,17
D6623,0,0,171,0
D6624,0,0,6,0
D6625,0,0,0,14
D6626,0,0,257,171
D6627,0,0,29,144
D6628,0,0,0,4
D6629,0,0,0,0
D6630,0,0,0,0
D6631,0,0,0,0
D6632,0,0,150,0
D6633,0,0,102,11
D6634,0,0,0,0
D6635,0,0,50,0
D6636,0,0,110,0
D6637,0,0,129,0
D6638,0,0,33,0
D6639,0,0,13,0
D6640,0,0,97,0
D6641,0,0,34,0
D6642,0,0,6,0
D6643,0,0,65,0
D6644,0,0,6,0
D6645,0,0,20,0
D6646,0,0,21,679
D6647,0,0,22,0
D6648,0,0,46,0
D6649,0,0,8,0
D6650,0,0,235,201
D6651,0,0,145,0
D6652,0,0,7,0
D6653,0,0,12,0
D6654,0,0,88,0
D6655,0,0,26,0
D6656,0,0,78,0
D6657,0,0,6,0
D6658,0,0,22,0
D6659,0,0,58,0
D6660,0,0,117,0
D6661,0,0,44,0
D6662,0,0,20,0
D6663,0,0,17,0
D6664,0,0,11,0
D6665,0,0,0,0
D6666,0,0,117,0
D6667,0,0,130,10
D6668,0,0,0,0
D6669,0,0,3,0
D6670,0,0,14,38
D6671,0,0,15,4256
D6672,0,0,16,0
D6673,0,0,10,0
D6674,0,0,116,0
D6675,0,0,8,0
D6676,0,0,0,0
D6677,0,0,136,0
D6678,0,0,16,0
D6679,0,0,11,0
D6680,0,0,53,0
D6681,0,0,11,0
D6682,0,0,54,0
D6683,0,0,12,0
D6684,0,0,56,0
D6685,0,0,47,27
D6686,0,0,21,0
D6687,0,0,8,0
D6688,0,0,28,0
D6689,0,0,757,113
D6690,0,0,2,0
D6691,0,0,66,0
D6692,0,0,8,0
D6693,0,0,92,2186
D6694,0,0,5,0
D6695,0,0,82,19
D6696,0,0,1,0
D6697,0,0,16,0
D6698,0,0,1,0
D6699,0,0,64,5
D6700,0,0,1,0
D6701,0,0,5,0
D6702,0,0,63,0
D6703,0,0,98,12
D6704,0,0,12,2
D6705,0,0,0,15
D6706,0,0,25,0
D6707,0,0,67,0
D6708,0,0,80,0
D6709,0,0,33,0
D6710,0,0,13,0
D6711,0,0,10,0
D6712,0,0,0,10
D6713,0,0,16,0
D6714,0,0,1,0
D6715,0,0,35,464
D6716,0,0,0,0
D6717,0,0,5,0
D6718,0,0,8,0
D6719,0,0,67,197
D6720,0,0,0,0
D6721,0,0,0,0
D6722,0,0,101,0
D6723,0,0,38,0
D6724,0,0,15,0
D6725,0,0,0,4
D6726,0,0,35,0
D6727,0,0,13,0
D6728,0,0,19,0
D6729,0,0,22,0
D6730,0,0,6,0
D6731,0,0,0,1
D6732,0,0,39,0
D6733,0,0,32,0
D6734,0,0,21,0
D6735,0,0,0,3
D6736,0,0,0,0
D6737,0,0,0,0
D6738,0,0,0,0
D6739,0,0,306,0
D6740,0,0,37,0
D6741,0,0,0,0
D6742,0,0,498,1071
D6743,0,0,0,9
D6744,0,0,89,0
D6745,0,0,0,0
D6746,0,0,224,0
D6747,0,0,39,6
D6748,0,0,0,250
D6749,0,0,0,0
D6750,0,0,0,4
D6751,0,0,24,0
D6752,0,0,445,0
D6753,0,0,131,2
D6754,0,0,220,104
D6755,0,0,550,0
D6756,0,0,152,0
D6757,0,0,58,0
D6758,0,0,1021,0
D6759,0,0,2,114
D6760,0,0,0,0
D6761,0,0,11,0
D6762,0,0,0,62
D6763,0,0,10,0
D6764,0,0,112,0
D6765,0,0,45,0
D6766,0,0,1,0
D6767,0,0,41,0
D6768,0,0,55,0
D6769,0,0,9,0
D6770,0,0,357,0
D6771,0,0,6,0
D6772,0,0,0,24
D6773,0,0,28,2
D6774,0,0,33,0
D6775,0,0,141,0
D6776,0,0,83,0
D6777,0,0,3,0
D6778,0,0,93,0
D6779,0,0,285,0
D6780,0,0,70,0
D6781,0,0,291,0
D6782,0,0,4,0
D6783,0,0,160,0
D6784,0,0,8,0
D6785,0,0,34,0
D6786,0,0,34,0
D6787,0,0,38,0
D6788,0,0,84,0
D6789,0,0,0,0
D6790,0,0,0,0
D6791,0,0,43,0
D6792,0,0,25,0
D6793,0,0,7,0
D6794,0,0,0,0
D6795,0,0,41,0
D6796,0,0,169,0
D6797,0,0,0,31
D6798,0,0,0,0
D6799,0,0,67,0
D6800,0,0,113,0
D6801,0,0,127,0
D6802,0,0,33,0
D6803,0,0,32,0
D6804,0,0,36,1
D6805,0,0,6,0
D6806,0,0,224,0
D6807,0,0,67,0
D6808,0,0,68,0
D6809,0,0,22,0
D6810,0,0,86,0
D6811,0,0,0,0
D6812,0,0,9,0
D6813,0,0,50,0
D6814,0,0,328,0
D6815,0,0,58,0
D6816,0,0,196,0
D6817,0,0,50,1
D6818,0,0,15,0
D6819,0,0,90,0
D6820,0,0,18,0
D6821,0,0,38,0
D6822,0,0,24,0
D6823,0,0,23,0
D6824,0,0,0,0
D6825,0,0,6,0
D6826,0,0,0,0
D6827,0,0,104,0
D6828,0,0,2,0
D6829,0,0,19,0
D6830,0,0,187,0
D6831,0,0,110,0
D6832,0,0,31,0
D6833,0,0,0,0
D6834,0,0,28,0
D6835,0,0,66,0
D6836,0,0,98,0
D6837,0,0,11,0
D6838,0,0,22,0
D6839,0,0,0,8
D6840,0,0,0,0
D6841,0,0,1,168
D6842,0,0,8,0
D6843,0,0,0,0
D6844,0,0,3,0
D6845,0,0,129,0
D6846,0,0,0,0
D6847,0,0,231,9
D6848,0,0,6,0
D6849,0,0,45,0
D6850,0,0,16,0
D6851,0,0,51,0
D6852,0,0,25,0
D6853,0,0,0,0
D6854,0,0,48,0
D6855,0,0,51,0
D6856,0,0,22,0
D6857,0,0,9,0
D6858,0,0,26,0
D6859,0,0,49,0
D6860,0,0,0,0
D6861,0,0,20,0
D6862,0,0,12,0
D6863,0,0,64,0
D6864,0,0,13,0
D6865,0,0,0,0
D6866,0,0,48,0
D6867,0,0,13,0
D6868,0,0,4,0
D6869,0,0,58,0
D6870,0,0,6,0
D6871,0,0,36,0
D6872,0,0,4,0
D6873,0,0,6,0
D6874,0,0,0,0
D6875,0,0,43,0
D6876,0,0,0,6
D6877,0,0,33,0
D6878,0,0,0,2
D6879,0,0,9,0
D6880,0,0,0,0
D6881,0,0,0,0
D6882,0,0,0,7
D6883,0,0,65,0
D6884,0,0,59,0
D6885,0,0,25,0
D6886,0,0,0,0
D6887,0,0,0,0
D6888,0,0,333,0
D6889,0,0,232,0
D6890,0,0,0,0
D6891,0,0,58,0
D6892,0,0,4,0
D6893,0,0,56,0
D6894,0,0,56,0
D6895,0,0,31,0
D6896,0,0,74,0
D6897,0,0,17,0
D6898,0,0,96,0
D6899,0,0,0,0
D6900,0,0,21,0
D6901,0,0,14,0
D6902,0,0,304,0
D6903,0,0,257,0
D6904,0,0,58,0
D6905,0,0,62,0
D6906,0,0,32,0
D6907,0,0,6,0
D6908,0,0,27,0
D6909,0,0,38,0
D6910,0,0,17,0
D6911,0,0,8,0
D6912,0,0,11,0
D6913,0,0,78,0
D6914,0,0,239,0
D6915,0,0,0,0
D6916,0,0,16,0
D6917,0,0,9,0
D6918,0,0,99,0
D6919,0,0,61,1
D6920,0,0,43,0
D6921,0,0,33,0
D6922,0,0,5,0
D6923,0,0,5,0
D6924,0,0,16,0
D6925,0,0,15,0
D6926,0,0,25,0
D6927,0,0,0,0
D6928,0,0,72,0
D6929,0,0,0,0
D6930,0,0,9,0
D6931,0,0,9,0
D6932,0,0,5,0
D6933,0,0,8,0
D6934,0,0,7,0
D6935,0,0,0,0
D6936,0,0,6,0
D6937,0,0,8,0
D6938,0,0,0,97
D6939,0,0,37,0
D6940,0,0,0,0
D6941,0,0,29,0
D6942,0,0,47,0
D6943,0,0,24,0
D6944,0,0,11,0
D6945,0,0,155,0
D6946,0,0,85,11
D6947,0,0,26,28
D6948,0,0,72,0
D6949,0,0,0,0
D6950,0,0,0,0
D6951,0,0,9,0
D6952,0,0,84,0
D6953,0,0,655,0
D6954,0,0,0,0
D6955,0,0,0,304
D6956,0,0,23,0
D6957,0,0,0,0
D6958,0,0,130,0
D6959,0,0,332,108
D6960,0,0,0,0
D6961,0,0,0,19
D6962,0,0,24,0
D6963,0,0,3,50
D6964,0,0,38,0
D6965,0,0,0,60
D6966,0,0,0,2
D6967,0,0,0,0
D6968,0,0,0,0
D6969,0,0,131,0
D6970,0,0,0,2
D6971,0,0,0,5
D6972,0,0,5,0
D6973,0,0,15,0
D6974,0,0,6,0
D6975,0,0,67,0
D6976,0,0,60,0
D6977,0,0,31,0
D6978,0,0,160,0
D6979,0,0,4,36
D6980,0,0,240,166
D6981,0,0,195,0
D6982,0,0,0,0
D6983,0,0,46,0
D6984,0,0,84,0
D6985,0,0,39,0
D6986,0,0,16,46
D6987,0,0,0,0
D6988,0,0,0,0
D6989,0,0,0,0
D6990,0,0,11,0
D6991,0,0,2,0
D6992,0,0,2,0
D6993,0,0,0,8
D6994,0,0,41,0
D6995,0,0,88,0
D6996,0,0,9,34
D6997,0,0,4,0
D6998,0,0,0,0
D6999,0,0,2,0
D7000,0,0,99,1
D7001,0,0,106,0
D7002,0,0,0,0
D7003,0,0,0,0
D7004,0,0,65,0
D7005,0,0,2,0
D7006,0,0,0,10
D7007,0,0,33,0
D7008,0,0,27,0
D7009,0,0,0,6
D7010,0,0,0,0
D7011,0,0,59,2
D7012,0,0,0,2
D7013,0,0,0,8
D7014,0,0,8,0
D7015,0,0,2,0
D7016,0,0,10,73
D7017,0,0,0,6
D7018,0,0,0,2
D7019,0,0,2,0
D7020,0,0,0,0
D7021,0,0,0,418
D7022,0,0,0,1
D7023,0,0,0,0
D7024,0,0,0,77
D7025,0,0,282,0
D7026,0,0,191,16291
D7027,0,0,933,0
D7028,0,0,16,0
D7029,0,0,28,0
D7030,0,0,32,172
D7031,0,0,447,0
D7032,0,0,68,442
D7033,0,0,42,0
D7034,0,0,12,0
D7035,0,0,0,0
D7036,0,0,0,3509
D7037,0,0,12,32458
D7038,0,0,0,0
D7039,0,0,0,0
D7040,0,0,9,92
D7041,0,0,92,82742
D7042,0,0,73,0
D7043,0,0,12,0
D7044,0,0,0,0
D7045,0,0,29,0
D7046,0,0,0,1592
D7047,0,0,0,2676
D7048,0,0,0,0
D7049,0,0,17,0
D7050,0,0,37,0
D7051,0,0,42,0
D7052,0,0,68,0
D7053,0,0,13,0
D7054,0,0,76,0
D7055,0,0,185,4
D7056,0,0,99,3935
D7057,0,0,154,44819
D7058,0,0,10,0
D7059,0,0,8,0
D7060,0,0,12,1288
D7061,0,0,23,4
D7062,0,0,120,0
D7063,0,0,0,0
D7064,0,0,33,0
D7065,0,0,12,0
D7066,0,0,172,0
D7067,0,0,10,8
D7068,0,0,122,0
D7069,0,0,147,0
D7070,0,0,27,0
D7071,0,0,10,0
D7072,0,0,58,0
D7073,0,0,0,0
D7074,0,0,0,0
D7075,0,0,0,0
D7076,0,0,68,2868
D7077,0,0,14,7890
D7078,0,0,9,0
D7079,0,0,59,0
D7080,0,0,9,0
D7081,0,0,59,0
D7082,0,0,44,12718
D7083,0,0,83,940
D7084,0,0,61,156
D7085,0,0,34,0
D7086,0,0,7,0
D7087,0,0,42,0
D7088,0,0,0,0
D7089,0,0,0,112
D7090,0,0,0,0
D7091,0,0,10,0
D7092,0,0,16,0
D7093,0,0,0,0
D7094,0,0,27,80
D7095,0,0,0,0
D7096,0,0,12,0
D7097,0,0,4,0
D7098,0,0,8,0
D7099,0,0,0,0
D7100,0,0,0,0
D7101,0,0,7,0
D7102,0,0,0,2
D7103,0,0,10,0
D7104,0,0,164,43520
D7105,0,0,97,0
D7106,0,0,2,0
D7107,0,0,3,0
D7108,0,0,10,0
D7109,0,0,20,0
D7110,0,0,2,0
D7111,0,0,4,0
D7112,0,0,1,16
D7113,0,0,361,2244
D7114,0,0,49,3835
D7115,0,0,283,0
D7116,0,0,145,0
D7117,0,0,0,0
D7118,0,0,176,528
D7119,0,0,20,0
D7120,0,0,6,0
D7121,0,0,14,0
D7122,0,0,60,32
D7123,0,0,15,0
D7124,0,0,104,13163
D7125,0,0,3,33
D7126,0,0,0,0
D7127,0,0,43,0
D7128,0,0,0,3532
D7129,0,0,148,22
D7130,0,0,21,0
D7131,0,0,0,0
D7132,0,0,334,2239
D7133,0,0,0,1290
D7134,0,0,60,176
D7135,0,0,19,0
D7136,0,0,80,0
D7137,0,0,5,0
D7138,0,0,62,0
D7139,0,0,29,0
D7140,0,0,40,0
D7141,0,0,25,0
D7142,0,0,14,0
D7143,0,0,0,0
D7144,0,0,0,57
D7145,0,0,141,57468
D7146,0,0,5,0
D7147,0,0,0,0
D7148,0,0,0,20
D7149,0,0,22,13831
D7150,0,0,33,0
D7151,0,0,3,0
D7152,0,0,71,0
D7153,0,0,23,1098
D7154,0,0,54,0
D7155,0,0,0,20
D7156,0,0,8,0
D7157,0,0,38,0
D7158,0,0,25,0
D7159,0,0,15,100
D7160,0,0,0,2
D7161,0,0,4,0
D7162,0,0,0,0
D7163,0,0,5,0
D7164,0,0,29,0
D7165,0,0,2,193
D7166,0,0,0,0
D7167,0,0,3,0
D7168,0,0,0,0
D7169,0,0,0,18284
D7170,0,0,0,0
D7171,0,0,10,0
D7172,0,0,9,1480
D7173,0,0,7,8
D7174,0,0,1,0
D7175,0,0,11,0
D7176,0,0,2,0
D7177,0,0,46,0
D7178,0,0,12,0
D7179,0,0,17,0
D7180,0,0,22,0
D7181,0,0,13,0
D7182,0,0,8,0
D7183,0,0,4,0
D7184,0,0,8,0
D7185,0,0,1,0
D7186,0,0,9,0
D7187,0,0,8,16
D7188,0,0,4,0
D7189,0,0,14,0
D7190,0,0,84,8
D7191,0,0,0,0
D7192,0,0,0,20
D7193,0,0,0,0
D7194,0,0,1,0
D7195,0,0,2,0
D7196,0,0,31,0
D7197,0,0,12,0
D7198,0,0,24,0
D7199,0,0,0,0
D7200,0,0,0,0
D7201,0,0,0,1016
D7202,0,0,1,0
D7203,0,0,0,0
D7204,0,0,0,0
D7205,0,0,10,0
D7206,0,0,28,0
D7207,0,0,1,0
D7208,0,0,0,0
D7209,0,0,1,0
D7210,0,0,3,0
D7211,0,0,6,0
D7212,0,0,0,0
D7213,0,0,5,0
D7214,0,0,5,0
D7215,0,0,11,0
D7216,0,0,8,0
D7217,0,0,6,16
D7218,0,0,0,4
D7219,0,0,0,0
D7220,0,0,0,45
D7221,0,0,0,818
D7222,0,0,2,0
D7223,0,0,13,0
D7224,0,0,3,0
D7225,0,0,8,0
D7226,0,0,0,8
D7227,0,0,0,16
D7228,0,0,5,0
D7229,0,0,0,2
D7230,0,0,4,0
D7231,0,0,6,0
D7232,0,0,2,0
D7233,0,0,2,0
D7234,0,0,0,0
D7235,0,0,2,0
D7236,0,0,1,0
D7237,0,0,127,416
D7238,0,0,163,0
D7239,0,0,44,0
D7240,0,0,170,16
D7241,0,0,60,0
D7242,0,0,18,0
D7243,0,0,26,0
D7244,0,0,38,0
D7245,0,0,97,0
D7246,0,0,29,0
D7247,0,0,43,0
D7248,0,0,54,0
D7249,0,25,0,0
D7250,0,0,830,0
D7251,0,5,0,0
D7252,0,5,0,0
D7253,0,0,221,0
D7254,0,0,37,0
D7255,0,0,102,0
D7256,0,0,222,255
D7257,0,0,74,0
D7258,0,8,0,0
D7259,0,0,35,0
D7260,0,0,109,3
D7261,0,0,66,0
D7262,0,0,62,0
D7263,0,0,116,0
D7264,0,0,68,0
D7265,0,0,19,0
D7266,0,0,116,0
D7267,0,0,47,0
D7268,0,0,65,0
D7269,0,0,31,0
D7270,0,0,94,0
D7271,0,0,111,0
D7272,0,0,13,0
D7273,0,0,65,0
D7274,0,0,36,0
D7275,0,0,17,0
D7276,0,0,264,4
D7277,0,0,124,0
D7278,0,0,21,0
D7279,0,0,27,0
D7280,0,0,25,0
D7281,0,0,20,0
D7282,0,0,139,0
D7283,0,0,41,265
D7284,0,0,56,0
D7285,0,0,37,0
D7286,0,0,39,0
D7287,0,0,19,0
D7288,0,0,84,0
D7289,0,0,43,0
D7290,0,0,13,0
D7291,0,0,2,0
D7292,0,0,61,0
D7293,0,0,54,0
D7294,0,0,122,0
D7295,0,0,55,227
D7296,0,0,3,0
D7297,0,0,43,0
D7298,0,0,657,0
D7299,0,0,54,27
D7300,0,0,249,0
D7301,0,10,0,0
D7302,0,0,131,0
D7303,0,0,398,0
D7304,0,0,1147,0
D7305,0,0,1995,38
D7306,0,0,94,0
D7307,0,9,0,0
D7308,0,0,56,0
D7309,0,0,654,0
D7310,0,0,24,0
D7311,0,0,19,0
D7312,0,0,49,0
D7313,0,0,52,0
D7314,0,0,38,0
D7315,0,0,61,0
D7316,0,0,23,0
D7317,0,0,92,0
D7318,0,0,14,0
D7319,0,0,134,0
D7320,0,0,39,0
D7321,0,0,124,0
D7322,0,0,155,0
D7323,0,0,95,0
D7324,0,0,74,0
D7325,0,0,330,0
D7326,0,0,18,0
D7327,0,0,8,0
D7328,0,0,154,0
D7329,0,0,392,3
D7330,0,0,293,0
D7331,0,0,137,0
D7332,0,0,102,0
D7333,0,0,341,0
D7334,0,0,5,0
D7335,0,0,63,0
D7336,0,0,10,0
D7337,0,0,13,0
D7338,0,0,12,0
D7339,0,0,42,0
D7340,0,0,72,0
D7341,0,0,10,0
D7342,0,0,55,0
D7343,0,0,47,0
D7344,0,0,55,0
D7345,0,0,94,0
D7346,0,0,12,0
D7347,0,0,31,0
D7348,0,0,37,0
D7349,0,0,105,0
D7350,0,0,21,0
D7351,0,0,8,0
D7352,0,0,85,0
D7353,0,0,14,0
D7354,0,0,27,0
D7355,0,0,93,0
D7356,0,0,16,0
D7357,0,0,81,0
D7358,0,0,45,0
D7359,0,0,58,0
D7360,0,0,22,0
D7361,0,0,25,0
D7362,0,0,23,0
D7363,0,0,7,0
D7364,0,0,36,0
D7365,0,0,33,0
D7366,0,0,9,0
D7367,0,0,12,0
D7368,0,0,216,0
D7369,0,0,50,0
D7370,0,0,8,0
D7371,0,0,4,0
D7372,0,0,49,0
D7373,0,0,43,0
D7374,0,0,17,0
D7375,0,0,16,0
D7376,0,0,26,0
D7377,0,0,12,0
D7378,0,0,19,0
D7379,0,0,30,0
D7380,0,0,6,0
D7381,0,0,30,0
D7382,0,0,36,0
D7383,0,0,340,0
D7384,0,0,135,0
D7385,0,0,11,0
D7386,0,0,291,0
D7387,0,0,549,1
D7388,0,0,26,0
D7389,0,0,237,0
D7390,0,0,116,0
D7391,0,1,0,0
D7392,0,0,90,0
D7393,0,1,0,0
D7394,0,0,143,0
D7395,0,0,164,0
D7396,0,0,145,0
D7397,0,0,250,0
D7398,0,1,0,0
D7399,0,0,59,0
D7400,0,0,253,0
D7401,0,0,257,0
D7402,0,0,23,0
D7403,0,0,216,0
D7404,0,0,15,0
D7405,0,0,112,0
D7406,0,0,95,0
D7407,0,0,214,0
D7408,0,0,78,0
D7409,0,0,64,0
D7410,0,0,219,0
D7411,0,0,557,0
D7412,0,0,0,0
D7413,0,0,255,0
D7414,0,0,18,0
D7415,0,0,58,0
D7416,0,0,56,0
D7417,0,0,20,0
D7418,0,0,15,0
D7419,0,0,15,0
D7420,0,0,62,0
D7421,0,0,15,0
D7422,0,0,33,0
D7423,0,0,30,0
D7424,0,0,100,0
D7425,0,0,11,0
D7426,0,0,112,0
D7427,0,0,76,0
D7428,0,0,10,0
D7429,0,0,6,0
D7430,0,0,18,0
D7431,0,0,6,0
D7432,0,0,2,0
D7433,0,0,0,0
D7434,0,0,4,0
D7435,0,0,9,0
D7436,0,0,50,0
D7437,0,0,29,0
D7438,0,0,86,0
D7439,0,0,3,0
D7440,0,0,15,0
D7441,0,0,29,0
D7442,0,0,5,0
D7443,0,0,22,0
D7444,0,0,0,0
D7445,0,0,22,0
D7446,0,0,135,0
D7447,0,0,50,0
D7448,0,0,8,0
D7449,0,0,39,0
D7450,0,0,32,0
D7451,0,0,14,0
D7452,0,0,9,0
D7453,0,0,4,0
D7454,0,0,34,0
D7455,0,0,13,0
D7456,0,0,7,0
D7457,0,0,2,0
D7458,0,0,13,0
D7459,0,0,4,0
D7460,0,0,34,0
D7461,0,0,18,0
D7462,0,0,6,0
D7463,0,0,7,0
D7464,0,0,36,0
D7465,0,0,3,0
D7466,0,0,21,0
D7467,0,0,22,0
D7468,0,0,0,0
D7469,0,0,231,0
D7470,0,1,0,0
D7471,0,1,0,0
D7472,0,1,0,0
D7473,0,2,0,0
D7474,0,1,0,0
D7475,0,0,95,0
D7476,0,0,705,0
D7477,0,2,0,0
D7478,0,2,0,0
D7479,0,0,108,0
D7480,0,0,9,0
D7481,0,0,17,0
D7482,0,0,26,0
D7483,0,0,0,0
D7484,0,0,64,0
D7485,0,0,42,0
D7486,0,0,8,0
D7487,0,0,1,0
D7488,0,0,13,0
D7489,0,0,189,0
D7490,0,0,27,0
D7491,0,0,9,0
D7492,0,0,277,0
D7493,0,0,58,6
D7494,0,0,127,0
D7495,0,0,19,0
D7496,0,0,6,0
D7497,0,0,65,0
D7498,0,0,17,0
D7499,0,0,225,0
D7500,0,0,15,0
D7501,0,0,8,0
D7502,0,0,90,0
D7503,0,0,499,3
D7504,0,0,62,0
D7505,0,0,18,0
D7506,0,0,2,0
D7507,0,0,54,0
D7508,0,0,13,0
D7509,0,0,57,0
D7510,0,0,2,0
D7511,0,0,20,0
D7512,0,0,47,0
D7513,0,0,5,0
D7514,0,0,36,0
D7515,0,0,16,0
D7516,0,0,13,0
D7517,0,0,12,0
D7518,0,0,4,0
D7519,0,0,119,0
D7520,0,0,0,0
D7521,0,0,12,0
D7522,0,0,143,0
D7523,0,0,37,0
D7524,0,0,7,0
D7525,0,0,2,0
D7526,0,0,23,0
D7527,0,0,0,0
D7528,0,0,39,0
D7529,0,0,14,0
D7530,0,0,3,0
D7531,0,0,4,0
D7532,0,0,6,0
D7533,0,0,23,0
D7534,0,0,20,0
D7535,0,0,12,0
D7536,0,0,3,0
D7537,0,0,5,0
D7538,0,0,5,0
D7539,0,0,12,0
D7540,0,0,2,0
D7541,0,2,0,0
D7542,0,0,24,0
D7543,0,0,19,0
D7544,0,0,25,0
D7545,0,0,16,0
D7546,0,0,15,0
D7547,0,0,32,0
D7548,0,0,7,0
D7549,0,0,2,0
D7550,0,0,2,0
D7551,0,0,17,0
D7552,0,0,23,0
D7553,0,0,33,0
D7554,0,0,93,0
D7555,0,0,2,0
D7556,0,0,0,0
D7557,0,0,0,0
D7558,0,0,2,0
D7559,0,0,2,0
D7560,0,0,6,0
D7561,0,0,0,0
D7562,0,0,1,0
D7563,0,0,3,0
D7564,0,0,229,0
D7565,0,0,630,0
D7566,0,0,113,0
D7567,0,0,236,0
D7568,0,0,32,0
D7569,0,0,100,0
D7570,0,0,964,0
D7571,0,0,325,0
D7572,0,0,1268,0
D7573,0,0,462,0
D7574,0,0,530,0
D7575,0,0,274,0
D7576,0,0,87,0
D7577,0,0,201,0
D7578,0,0,1214,61
D7579,0,0,920,0
D7580,0,0,584,0
D7581,0,0,1020,0
D7582,0,0,5,0
D7583,0,0,27,0
D7584,0,0,163,0
D7585,0,0,277,0
D7586,0,0,114,0
D7587,0,0,65,0
D7588,0,0,90,0
D7589,0,0,107,0
D7590,0,0,53,0
D7591,0,0,121,0
D7592,0,0,18,0
D7593,0,0,110,0
D7594,0,0,12,0
D7595,0,0,120,0
D7596,0,0,718,0
D7597,0,0,67,0
D7598,0,0,9,0
D7599,0,0,72,0
D7600,0,0,36,0
D7601,0,0,144,0
D7602,0,0,194,0
D7603,0,0,197,0
D7604,0,0,13,0
D7605,0,0,14,0
D7606,0,0,124,0
D7607,0,0,95,0
D7608,0,0,104,0
D7609,0,0,17,0
D7610,0,0,355,0
D7611,0,0,190,0
D7612,0,0,9,0
D7613,0,0,5,0
D7614,0,0,751,0
D7615,0,0,36,0
D7616,0,0,84,0
D7617,0,0,559,0
D7618,0,0,159,0
D7619,0,0,18,0
D7620,0,0,75,0
D7621,0,0,101,0
D7622,0,0,86,0
D7623,0,0,183,0
D7624,0,0,44,0
D7625,0,0,65,0
D7626,0,0,229,0
D7627,0,0,77,0
D7628,0,0,251,0
D7629,0,0,156,0
D7630,0,0,269,0
D7631,0,0,438,0
D7632,0,0,91,0
D7633,0,0,134,0
D7634,0,0,270,0
D7635,0,0,107,0
D7636,0,0,203,0
D7637,0,0,185,0
D7638,0,0,101,0
D7639,0,0,52,0
D7640,0,0,164,0
D7641,0,0,81,0
D7642,0,0,21,0
D7643,0,0,20,0
D7644,0,0,2,0
D7645,0,0,15,0
D7646,0,0,106,0
D7647,0,0,128,0
D7648,0,0,0,0
D7649,0,0,15,0
D7650,0,0,114,0
D7651,0,0,64,0
D7652,0,0,0,0
D7653,0,0,39,0
D7654,0,0,11,0
D7655,0,0,9,0
D7656,0,0,27,0
D7657,0,0,82,0
D7658,0,0,16,0
D7659,0,0,33,0
D7660,0,0,24,0
D7661,0,0,266,0
D7662,0,0,32,0
D7663,0,0,131,0
D7664,0,0,34,0
D7665,0,0,93,0
D7666,0,0,70,0
D7667,0,0,65,0
D7668,0,0,10,0
D7669,0,0,22,0
D7670,0,0,77,0
D7671,0,0,47,0
D7672,0,0,39,0
D7673,0,0,32,0
D7674,0,0,63,0
D7675,0,0,66,0
D7676,0,0,150,0
D7677,0,0,654,0
D7678,0,0,82,0
D7679,0,0,63,0
D7680,0,0,55,0
D7681,0,0,23,0
D7682,0,0,15,0
D7683,0,0,16,0
D7684,0,0,62,0
D7685,0,0,35,0
D7686,0,0,0,0
D7687,0,0,48,0
D7688,0,0,15,0
D7689,0,0,272,0
D7690,0,0,4,0
D7691,0,0,23,0
D7692,0,0,34,0
D7693,0,0,1,0
D7694,0,0,14,0
D7695,0,0,0,0
D7696,0,0,5,0
D7697,0,0,19,0
D7698,0,0,158,0
D7699,0,0,57,0
D7700,0,0,22,0
D7701,0,0,9,0
D7702,0,0,256,0
D7703,0,0,34,0
D7704,0,0,273,0
D7705,0,0,46,0
D7706,0,0,23,0
D7707,0,0,15,0
D7708,0,0,73,0
D7709,0,0,38,0
D7710,0,0,17,0
D7711,0,0,76,0
D7712,0,0,56,0
D7713,0,0,221,0
D7714,0,0,90,0
D7715,0,0,52,0
D7716,0,0,57,0
D7717,0,0,58,0
D7718,0,0,101,0
D7719,0,0,259,0
D7720,0,0,7,0
D7721,0,0,13,0
D7722,0,0,240,3
D7723,0,0,18,0
D7724,0,0,14,0
D7725,0,0,118,0
D7726,0,0,28,0
D7727,0,0,80,0
D7728,0,0,32,0
D7729,0,0,121,0
D7730,0,0,33,0
D7731,0,0,13,0
D7732,0,0,6,0
D7733,0,0,68,0
D7734,0,0,92,0
D7735,0,0,118,0
D7736,0,0,22,0
D7737,0,0,106,0
D7738,0,0,162,0
D7739,0,0,79,0
D7740,0,0,31,0
D7741,0,0,66,0
D7742,0,0,107,0
D7743,0,0,181,1
D7744,0,0,117,0
D7745,0,0,116,0
D7746,0,0,31,0
D7747,0,0,77,0
D7748,0,0,40,0
D7749,0,0,15,0
D7750,0,0,6,0
D7751,0,0,14,0
D7752,0,0,21,0
D7753,0,0,54,0
D7754,0,0,131,0
D7755,0,0,18,0
D7756,0,0,6,0
D7757,0,0,19,0
D7758,0,0,14,0
D7759,0,0,12,0
D7760,0,0,22,0
D7761,0,0,10,0
D7762,0,0,19,0
D7763,0,0,53,0
D7764,0,0,3,0
D7765,0,0,458,0
D7766,0,0,1,0
D7767,0,0,29,0
D7768,0,0,44,0
D7769,0,0,2,0
D7770,0,0,9,0
D7771,0,0,70,0
D7772,0,0,16,0
D7773,0,0,64,0
D7774,0,0,11,0
D7775,0,0,24,0
D7776,0,0,1,0
D7777,0,0,19,0
D7778,0,0,18,0
D7779,0,0,37,0
D7780,0,0,30,0
D7781,0,0,49,0
D7782,0,0,35,0
D7783,0,0,61,0
D7784,0,0,8,0
D7785,0,0,110,0
D7786,0,0,43,0
D7787,0,0,25,0
D7788,0,0,0,0
D7789,0,0,4,0
D7790,0,0,0,0
D7791,0,0,0,0
D7792,0,0,5,0
D7793,0,0,2,0
D7794,0,0,2,0
D7795,0,0,4,0
D7796,0,0,17,0
D7797,0,0,13,0
D7798,0,0,0,0
D7799,0,0,0,0
D7800,0,0,3,0
D7801,0,0,5,0
D7802,0,0,0,0
D7803,0,0,7,0
D7804,0,0,9,0
D7805,0,0,3,0
D7806,0,0,0,0
D7807,0,0,59,0
D7808,0,0,0,0
D7809,0,0,124,0
D7810,0,0,11,0
D7811,0,0,285,0
D7812,0,0,40,0
D7813,0,0,54,0
D7814,0,0,33,0
D7815,0,0,322,0
D7816,0,0,93,0
D7817,0,0,1,0
D7818,0,0,6,0
D7819,0,0,7,0
D7820,0,0,15,0
D7821,0,0,28,0
D7822,0,0,6,0
D7823,0,0,10,0
D7824,0,0,3,0
D7825,0,0,10,0
D7826,0,0,36,0
D7827,0,0,2,0
D7828,0,0,11,0
D7829,0,0,2,0
D7830,0,0,9,0
D7831,0,0,71,0
D7832,0,0,41,0
D7833,0,0,12,0
D7834,0,0,4,0
D7835,0,0,43,0
D7836,0,0,13,0
D7837,0,0,16,0
D7838,0,0,44,0
D7839,0,0,37,0
D7840,0,0,147,0
D7841,0,0,65,0
D7842,0,0,18,0
D7843,0,0,70,0
D7844,0,0,12,0
D7845,0,0,28,0
D7846,0,0,75,0
D7847,0,0,14,0
D7848,0,0,49,0
D7849,0,0,0,0
D7850,0,0,40,0
D7851,0,0,44,0
D7852,0,0,22,0
D7853,0,0,24,0
D7854,0,0,2,0
D7855,0,0,12,0
D7856,0,0,0,0
D7857,0,0,15,0
D7858,0,0,5,0
D7859,0,0,7,0
D7860,0,0,27,0
D7861,0,0,19,0
D7862,0,0,17,0
D7863,0,0,4,0
D7864,0,0,0,0
D7865,0,0,0,0
D7866,0,0,28,0
D7867,0,0,7,0
D7868,0,0,17,0
D7869,0,0,0,0
D7870,0,0,22,0
D7871,0,0,18,0
D7872,0,0,16,0
D7873,0,0,2,0
D7874,0,0,4,0
D7875,0,0,0,0
D7876,0,0,16,0
D7877,0,0,5,0
D7878,0,0,9,0
D7879,0,0,5,0
D7880,0,0,33,0
D7881,0,0,0,0
D7882,0,0,37,0
D7883,0,0,31,0
D7884,0,0,16,0
D7885,0,0,30,0
D7886,0,0,1,0
D7887,0,0,17,0
D7888,0,0,24,0
D7889,0,0,1,0
D7890,0,0,5,0
D7891,0,0,205,0
D7892,0,0,76,0
D7893,0,0,122,1
D7894,0,0,112,0
D7895,0,0,257,0
D7896,0,0,5,0
D7897,0,0,2,0
D7898,0,0,10,0
D7899,0,0,137,0
D7900,0,0,130,0
D7901,0,0,28,0
D7902,0,0,162,0
D7903,0,0,449,2
D7904,0,0,102,0
D7905,0,0,162,0
D7906,0,0,58,0
D7907,0,0,24,0
D7908,0,0,104,0
D7909,0,0,24,0
D7910,0,0,165,0
D7911,0,0,68,0
D7912,0,0,7,0
D7913,0,0,16,0
D7914,0,0,0,0
D7915,0,0,70,0
D7916,0,0,7,0
D7917,0,0,26,0
D7918,0,0,351,0
D7919,0,0,42,0
D7920,0,0,9,0
D7921,0,0,5,0
D7922,0,0,26,0
D7923,0,0,120,0
D7924,0,0,62,0
D7925,0,0,3,0
D7926,0,0,1,0
D7927,0,0,6,0
D7928,0,0,31,0
D7929,0,0,6,0
D7930,0,0,8,0
D7931,0,0,10,0
D7932,0,0,75,0
D7933,0,0,17,0
D7934,0,0,24,0
D7935,0,0,48,0
D7936,0,0,7,0
D7937,0,0,21,0
D7938,0,0,10,0
D7939,0,0,49,0
D7940,0,0,16,0
D7941,0,0,1,0
D7942,0,0,20,0
D7943,0,0,65,0
D7944,0,0,38,0
D7945,0,0,19,0
D7946,0,0,43,0
D7947,0,0,80,0
D7948,0,0,154,0
D7949,0,0,80,0
D7950,0,0,125,0
D7951,0,0,9,0
D7952,0,0,11,0
D7953,0,0,4,0
D7954,0,0,62,0
D7955,0,0,4,0
D7956,0,0,4,0
D7957,0,0,1,0
D7958,0,0,0,0
D7959,0,0,33,0
D7960,0,0,1,0
D7961,0,0,1,0
D7962,0,0,3,0
D7963,0,0,121,0
D7964,0,0,54,0
D7965,0,0,0,0
D7966,0,0,11,0
D7967,0,0,20,0
D7968,0,0,3,0
D7969,0,0,1,0
D7970,0,0,5,0
D7971,0,0,5,0
D7972,0,0,39,0
D7973,0,0,9,0
D7974,0,0,2,0
D7975,0,0,46,0
D7976,0,0,0,0
D7977,0,0,1,0
D7978,0,0,19,0
D7979,0,0,1,0
D7980,0,0,5,0
D7981,0,0,1,0
D7982,0,0,13,0
D7983,0,0,5,0
D7984,0,0,8,0
D7985,0,0,10,0
D7986,0,0,13,0
D7987,0,0,19,0
D7988,0,0,0,0
D7989,0,0,2,0
D7990,0,0,42,0
D7991,0,0,4,0
D7992,0,0,3,0
D7993,0,0,14,0
D7994,0,0,5,0
D7995,0,0,0,0
D7996,0,0,23,0
D7997,0,0,60,0
D7998,0,0,2,0
D7999,0,0,2,0
D8000,0,0,16,0
D8001,0,0,14,0
D8002,0,0,0,0
D8003,0,0,32,0
D8004,0,0,39,0
D8005,0,0,36,0
D8006,0,0,0,0
D8007,0,0,12,0
D8008,0,0,3,0
D8009,0,0,35,0
D8010,0,0,11,0
D8011,0,0,16,0
D8012,0,0,13,0
D8013,0,0,23,0
D8014,0,0,11,0
D8015,0,0,8,0
D8016,0,0,8,0
D8017,0,0,1,0
D8018,0,0,3,0
D8019,0,0,7,0
D8020,0,0,4,0
D8021,0,0,8,0
D8022,0,0,60,0
D8023,0,0,10,0
D8024,0,0,22,0
D8025,0,0,59,0
D8026,0,39,0,0
D8027,0,31,0,0
D8028,0,0,21,0
D8029,0,0,24,0
D8030,0,0,4,0
D8031,0,0,4,0
D8032,0,0,17,0
D8033,0,0,14,0
D8034,0,0,2,0
D8035,0,0,115,0
D8036,0,0,123,0
D8037,0,11,0,0
D8038,0,0,128,0
D8039,0,0,19,0
D8040,0,0,15,0
D8041,0,4,0,0
D8042,0,0,21,0
D8043,0,0,2,0
D8044,0,0,60,0
D8045,0,0,110,0
D8046,0,5,0,0
D8047,0,6,0,0
D8048,0,0,14,0
D8049,0,4,0,0
D8050,0,8,0,0
D8051,0,0,14,0
D8052,0,0,3,0
D8053,0,0,5,0
D8054,0,0,9,0
D8055,0,0,17,0
D8056,0,0,2,0
D8057,0,0,6,0
D8058,0,0,17,0
D8059,0,0,3,0
D8060,0,0,2,0
D8061,0,0,25,0
D8062,0,0,39,0
D8063,0,0,44,0
D8064,0,0,175,0
D8065,0,5,0,0
D8066,0,4,0,0
D8067,0,6,0,0
D8068,0,6,0,0
D8069,0,6,0,0
D8070,0,0,4,0
D8071,0,0,20,0
D8072,0,0,8,0
D8073,0,0,12,0
D8074,0,0,2,0
D8075,0,0,2,0
D8076,0,0,24,0
D8077,0,0,4,0
D8078,0,0,3,0
D8079,0,0,8,0
D8080,0,0,22,0
D8081,0,0,6,0
D8082,0,0,11,0
D8083,0,0,10,0
D8084,0,0,3,0
D8085,0,0,0,0
D8086,0,0,211,0
D8087,0,0,22,0
D8088,0,0,2,0
D8089,0,0,2,0
D8090,0,0,7,0
D8091,0,0,5,0
D8092,0,0,2,0
D8093,0,0,6,0
D8094,0,0,2,0
D8095,0,0,6,0
D8096,0,0,3,0
D8097,0,0,33,0
D8098,0,0,0,0
D8099,0,0,36,0
D8100,0,0,19,0
D8101,0,0,1,0
D8102,0,0,6,0
D8103,0,0,2,0
D8104,0,0,12,0
D8105,0,0,23,0
D8106,0,0,22,0
D8107,0,0,15,0
D8108,0,0,4,0
D8109,0,0,30,0
D8110,0,0,4,0
D8111,0,0,19,0
D8112,0,0,2,0
D8113,0,0,13,0
D8114,0,0,2,0
D8115,0,0,10,0
D8116,0,0,33,0
D8117,0,0,0,0
D8118,0,0,35,0
D8119,0,0,2,0
D8120,0,0,8,0
D8121,0,0,6,0
D8122,0,0,12,0
D8123,0,0,0,0
D8124,0,0,0,0
D8125,0,0,9,0
D8126,0,0,2,0
D8127,0,0,8,0
D8128,0,0,3,0
D8129,0,0,0,0
D8130,0,0,0,0
D8131,0,0,1,0
D8132,0,0,314,0
D8133,0,0,296,0
D8134,0,0,13,0
D8135,0,0,52,0
D8136,0,0,88,0
D8137,0,0,29,0
D8138,0,0,23,0
D8139,0,0,26,0
D8140,0,0,38,0
D8141,0,0,8,0
D8142,0,0,11,0
D8143,0,0,12,0
D8144,0,0,4,0
D8145,0,0,4,0
D8146,0,0,30,0
D8147,0,0,31,0
D8148,0,0,41,0
D8149,0,0,7,0
D8150,0,0,16,0
D8151,0,0,12,0
D8152,0,0,0,0
D8153,0,0,5,0
D8154,0,0,5,0
D8155,0,0,8,0
D8156,0,0,16,0
D8157,0,0,14,0
D8158,0,0,31,0
D8159,0,0,25,0
D8160,0,0,21,0
D8161,0,0,3,0
D8162,0,0,2,0
D8163,0,0,2,0
D8164,0,0,1,0
D8165,0,0,3,0
D8166,0,0,14,0
D8167,0,0,5,0
D8168,0,0,9,0
D8169,0,0,5,0
D8170,0,0,14,0
D8171,0,0,1,0
D8172,0,0,0,0
D8173,0,0,0,0
D8174,0,0,1,0
D8175,0,0,4,0
D8176,0,0,27,0
D8177,0,0,8,0
D8178,0,0,0,0
D8179,0,0,0,0
D8180,0,0,4,0
D8181,0,0,2,0
D8182,0,0,0,0
D8183,0,0,1,0
D8184,0,0,3,0
D8185,0,0,1,0
D8186,0,0,0,0
D8187,0,0,0,0
D8188,0,0,9,0
D8189,0,0,4,0
D8190,0,0,2,0
D8191,0,0,1,0
D8192,0,0,38,0
D8193,0,12,0,0
D8194,0,9,0,0
D8195,0,9,0,0
D8196,0,0,3,0
D8197,0,4,0,0
D8198,0,0,5,0
D8199,0,0,0,0
